日期,股票代码,开盘,收盘,最高,最低,成交量,成交额,振幅,涨跌幅,涨跌额,换手率
2008-02-18,002215,33.8,39.0,39.0,33.8,190563,674808578.0,52.26,291.96,29.05,79.4
2008-02-19,002215,37.05,36.2,37.6,35.1,124098,449849136.2,6.41,-7.18,-2.8,51.71
2008-02-20,002215,35.8,37.0,37.98,35.56,80218,295946887.7,6.69,2.21,0.8,33.42
2008-02-21,002215,36.48,36.36,37.0,35.2,40841,147864591.6,4.86,-1.73,-0.64,17.02
2008-02-22,002215,36.47,37.45,38.78,36.1,63779,239057730.5,7.37,3.0,1.09,26.57
2008-02-25,002215,38.1,39.9,40.7,37.5,65191,254769441.8,8.54,6.54,2.45,27.16
2008-02-26,002215,40.0,36.4,40.0,35.91,53227,199581673.0,10.25,-8.77,-3.5,22.18
2008-02-27,002215,36.95,37.97,37.99,36.63,33998,126899413.2,3.74,4.31,1.57,14.17
2008-02-28,002215,37.5,36.72,37.68,36.03,22836,83801693.4,4.35,-3.29,-1.25,9.52
2008-02-29,002215,36.7,36.75,36.9,35.5,26731,96259939.6,3.81,0.08,0.03,11.14
2008-03-03,002215,35.98,37.16,37.88,35.5,20062,74323719.2,6.48,1.12,0.41,8.36
2008-03-04,002215,37.34,37.92,39.0,37.0,31146,118582495.5,5.38,2.05,0.76,12.98
2008-03-05,002215,38.28,36.38,38.78,35.52,23161,85467412.5,8.6,-4.06,-1.54,9.65
2008-03-06,002215,36.7,34.84,36.7,34.58,20986,74026500.6,5.83,-4.23,-1.54,8.74
2008-03-07,002215,34.7,34.72,35.37,34.44,9989,34893402.3,2.67,-0.34,-0.12,4.16
2008-03-10,002215,34.44,31.25,34.45,31.25,19653,63299517.8,9.22,-9.99,-3.47,8.19
2008-03-11,002215,30.85,30.79,30.98,28.88,14003,42127737.2,6.72,-1.47,-0.46,5.83
2008-03-12,002215,31.38,28.77,31.5,28.44,12009,35951223.0,9.94,-6.56,-2.02,5.0
2008-03-13,002215,28.49,29.55,30.23,28.03,12689,37234146.2,7.65,2.71,0.78,5.29
2008-03-14,002215,29.27,28.92,29.8,28.56,5818,17000125.6,4.2,-2.13,-0.63,2.42
2008-03-17,002215,28.92,26.21,29.29,26.03,11366,30669998.1,11.27,-9.37,-2.71,4.74
2008-03-18,002215,25.8,26.31,26.76,24.0,18604,47045933.6,10.53,0.38,0.1,7.75
2008-03-20,002215,27.18,28.94,28.94,26.3,22855,62696552.2,10.03,10.0,2.63,9.52
2008-03-21,002215,29.2,29.4,31.2,28.96,28187,84535123.1,7.74,1.59,0.46,11.74
2008-03-24,002215,29.4,30.98,31.18,28.11,22583,67826503.4,10.44,5.37,1.58,9.41
2008-03-25,002215,30.0,30.2,31.5,29.29,16816,51615703.6,7.13,-2.52,-0.78,7.01
2008-03-26,002215,30.3,29.01,30.78,28.88,8856,26304722.5,6.29,-3.94,-1.19,3.69
2008-03-27,002215,28.5,28.1,29.85,28.1,7944,22941921.4,6.03,-3.14,-0.91,3.31
2008-03-28,002215,27.8,28.8,28.99,26.31,11113,30786575.7,9.54,2.49,0.7,4.63
2008-03-31,002215,27.9,26.39,28.4,26.3,6605,17840187.4,7.29,-8.37,-2.41,2.75
2008-04-01,002215,25.9,23.78,26.38,23.75,9398,23197675.8,9.97,-9.89,-2.61,3.92
2008-04-02,002215,23.85,23.6,24.75,22.7,10351,24310898.5,8.62,-0.76,-0.18,4.31
2008-04-03,002215,23.48,24.52,24.58,23.01,5063,12212273.1,6.65,3.9,0.92,2.11
2008-04-07,002215,24.37,25.85,25.9,23.5,8390,21174607.4,9.79,5.42,1.33,3.5
2008-04-08,002215,25.6,26.3,26.4,25.45,7854,20463658.2,3.68,1.74,0.45,3.27
2008-04-09,002215,26.3,24.5,26.69,24.5,7932,20429223.6,8.33,-6.84,-1.8,3.3
2008-04-10,002215,23.79,24.78,24.9,23.5,5084,12319963.0,5.71,1.14,0.28,2.12
2008-04-11,002215,24.7,25.25,25.8,24.5,6299,15893874.9,5.25,1.9,0.47,2.62
2008-04-14,002215,24.55,24.1,25.36,24.09,7122,17461400.4,5.03,-4.55,-1.15,2.97
2008-04-15,002215,23.71,24.85,24.89,23.71,4103,9983138.1,4.9,3.11,0.75,1.71
2008-04-16,002215,24.88,24.74,25.94,24.61,4090,10350192.1,5.35,-0.44,-0.11,1.7
2008-04-17,002215,24.95,23.88,25.11,23.8,3772,9175380.5,5.3,-3.48,-0.86,1.57
2008-04-18,002215,23.61,22.2,24.0,22.08,6404,14594197.1,8.04,-7.04,-1.68,2.67
2008-04-21,002215,24.0,22.5,24.37,22.0,5908,13738824.8,10.68,1.35,0.3,2.46
2008-04-22,002215,22.25,22.72,22.94,21.8,7250,16111270.5,5.07,0.98,0.22,3.02
2008-04-23,002215,22.63,24.07,24.6,22.0,7364,17340508.2,11.44,5.94,1.35,3.07
2008-04-24,002215,26.48,26.25,26.48,25.21,10774,27956146.9,5.28,9.06,2.18,4.49
2008-04-25,002215,26.1,26.5,27.9,25.52,13115,34795500.4,9.07,0.95,0.25,5.46
2008-04-28,002215,26.01,25.9,26.92,25.8,7605,20045402.0,4.23,-2.26,-0.6,3.17
2008-04-29,002215,25.9,25.6,26.5,25.5,5005,13028854.5,3.86,-1.16,-0.3,2.09
2008-05-05,002215,26.9,28.16,28.16,26.8,17609,48591373.6,5.31,10.0,2.56,7.34
2008-05-06,002215,28.05,27.3,28.43,27.3,9220,25527104.6,4.01,-3.05,-0.86,3.84
2008-05-07,002215,26.91,25.81,27.5,25.81,7148,19021873.9,6.19,-5.46,-1.49,2.98
2008-05-08,002215,25.71,26.44,26.48,25.0,8938,22876750.5,5.73,2.44,0.63,3.72
2008-05-09,002215,26.5,26.7,27.38,25.8,9849,26211873.5,5.98,0.98,0.26,4.1
2008-05-12,002215,26.0,27.2,28.41,25.6,12611,34260142.3,10.52,1.87,0.5,5.25
2008-05-13,002215,26.48,28.9,29.1,26.32,22434,62842275.2,10.22,6.25,1.7,9.35
2008-05-14,002215,28.49,28.31,29.41,27.8,14941,42565359.2,5.57,-2.04,-0.59,6.23
2008-05-15,002215,28.31,28.06,29.14,28.03,9699,27695988.4,3.92,-0.88,-0.25,4.04
2008-05-16,002215,27.91,26.66,28.2,26.18,8460,23188573.3,7.2,-4.99,-1.4,3.52
2008-05-19,002215,26.21,25.38,26.49,25.01,33775,87396015.4,5.55,-4.8,-1.28,11.26
2008-05-20,002215,25.41,24.75,26.29,24.72,16953,43488350.1,6.19,-2.48,-0.63,5.65
2008-05-21,002215,24.74,25.81,25.81,24.3,15608,39232023.2,6.1,4.28,1.06,5.2
2008-05-22,002215,25.59,26.0,26.0,25.0,10617,27111045.0,3.87,0.74,0.19,3.54
2008-05-23,002215,25.57,25.0,26.15,24.7,9266,23369480.1,5.58,-3.85,-1.0,3.09
2008-05-26,002215,24.94,25.0,25.07,24.02,8257,20135035.8,4.2,0.0,0.0,2.75
2008-05-27,002215,24.69,25.0,25.7,24.69,8439,21261991.0,4.04,0.0,0.0,2.81
2008-05-28,002215,25.0,25.88,25.95,24.2,9640,24413340.6,7.0,3.52,0.88,3.21
2008-05-29,002215,26.08,25.3,26.08,25.2,8198,21046007.3,3.4,-2.24,-0.58,2.73
2008-05-30,002215,25.32,25.89,26.28,25.32,8994,23260921.8,3.79,2.33,0.59,3.0
2008-06-02,002215,25.78,25.78,26.1,25.52,5250,13562957.0,2.24,-0.42,-0.11,1.75
2008-06-03,002215,25.7,24.69,25.99,24.62,6529,16329591.4,5.31,-4.23,-1.09,2.18
2008-06-04,002215,24.35,23.5,24.65,23.4,8184,19451539.6,5.06,-4.82,-1.19,2.73
2008-06-05,002215,23.5,23.9,24.11,23.24,2946,7001293.4,3.7,1.7,0.4,0.98
2008-06-06,002215,23.4,24.16,24.3,23.4,3803,9154099.6,3.77,1.09,0.26,1.27
2008-06-10,002215,23.32,21.75,23.4,21.74,8812,19974550.0,6.87,-9.98,-2.41,2.94
2008-06-11,002215,21.66,22.18,22.34,21.5,7865,17296814.0,3.86,1.98,0.43,2.62
2008-06-12,002215,21.98,21.58,22.17,20.54,6152,13184734.1,7.35,-2.71,-0.6,2.05
2008-06-13,002215,21.55,21.64,22.44,21.55,7137,15708505.0,4.12,0.28,0.06,2.38
2008-06-16,002215,22.09,21.0,22.09,20.7,3598,7598489.9,6.42,-2.96,-0.64,1.2
2008-06-17,002215,21.3,21.15,21.78,20.8,4308,9153895.4,4.67,0.71,0.15,1.44
2008-06-18,002215,21.1,22.36,22.48,21.0,6447,14126398.4,7.0,5.72,1.21,2.15
2008-06-19,002215,22.35,20.12,22.35,20.12,15841,33222213.5,9.97,-10.02,-2.24,5.28
2008-06-20,002215,19.76,20.7,21.28,18.91,16197,32935877.8,11.78,2.88,0.58,5.4
2008-06-23,002215,20.28,18.66,20.39,18.63,9271,17821916.2,8.5,-9.86,-2.04,3.09
2008-06-24,002215,18.5,19.05,19.18,18.14,6719,12600308.3,5.57,2.09,0.39,2.24
2008-06-25,002215,19.0,20.0,20.17,18.92,6767,13323356.5,6.56,4.99,0.95,2.26
2008-06-26,002215,20.0,20.15,20.45,19.7,3443,6919038.9,3.75,0.75,0.15,1.15
2008-06-27,002215,19.71,18.22,19.71,18.14,5163,9646859.5,7.79,-9.58,-1.93,1.72
2008-06-30,002215,18.0,19.44,19.49,17.51,8058,15086163.5,10.87,6.7,1.22,2.69
2008-07-01,002215,19.3,18.99,19.44,18.9,4589,8772109.9,2.78,-2.31,-0.45,1.53
2008-07-02,002215,18.99,20.07,20.21,18.9,6616,13086273.1,6.9,5.69,1.08,2.21
2008-07-03,002215,19.5,20.98,21.58,19.5,21441,44977252.9,10.36,4.53,0.91,7.15
2008-07-04,002215,20.98,21.38,21.9,20.72,12029,25762797.5,5.62,1.91,0.4,4.01
2008-07-07,002215,21.37,21.82,22.06,21.02,6149,13361325.3,4.86,2.06,0.44,2.05
2008-07-08,002215,21.8,21.55,21.8,21.06,6250,13382996.5,3.39,-1.24,-0.27,2.08
2008-07-09,002215,21.6,22.1,22.15,21.15,7518,16328507.2,4.64,2.55,0.55,2.51
2008-07-10,002215,21.71,21.44,22.6,21.4,12230,26951591.5,5.43,-2.99,-0.66,4.08
2008-07-11,002215,21.28,21.0,21.68,20.66,5985,12715536.5,4.76,-2.05,-0.44,1.99
2008-07-14,002215,20.96,21.37,21.56,20.96,3306,7031409.8,2.86,1.76,0.37,1.1
2008-07-15,002215,21.54,21.0,21.9,20.91,5230,11111142.2,4.63,-1.73,-0.37,1.74
2008-07-16,002215,20.98,19.56,20.98,19.38,4835,9693844.8,7.62,-6.86,-1.44,1.61
2008-07-17,002215,19.8,19.17,20.19,19.0,4485,8832316.4,6.08,-1.99,-0.39,1.49
2008-07-18,002215,19.18,19.94,19.96,19.01,1802,3504674.6,4.96,4.02,0.77,0.6
2008-07-21,002215,19.87,20.78,21.11,19.81,3849,7908368.1,6.52,4.21,0.84,1.28
2008-07-22,002215,21.0,22.1,22.15,20.68,8319,17902822.2,7.07,6.35,1.32,2.77
2008-07-23,002215,23.2,22.61,23.2,21.88,12969,29372158.4,5.97,2.31,0.51,4.32
2008-07-24,002215,22.32,22.7,23.1,22.06,6617,14904648.0,4.6,0.4,0.09,2.21
2008-07-25,002215,22.36,22.75,23.21,22.36,3491,7972379.3,3.74,0.22,0.05,1.16
2008-07-28,002215,22.71,22.7,23.11,22.56,4573,10441081.9,2.42,-0.22,-0.05,1.52
2008-07-29,002215,23.2,23.94,24.28,22.8,15057,35105367.9,6.52,5.46,1.24,5.02
2008-07-30,002215,23.94,24.1,24.77,23.81,13964,33880877.3,4.01,0.67,0.16,4.65
2008-07-31,002215,24.08,23.5,24.27,23.0,8360,19802794.6,5.27,-2.49,-0.6,2.79
2008-08-01,002215,23.5,24.4,24.6,23.5,10888,26357132.7,4.68,3.83,0.9,3.63
2008-08-04,002215,24.45,24.9,25.18,24.02,6543,16267175.2,4.75,2.05,0.5,2.18
2008-08-05,002215,24.8,23.88,25.38,23.84,7320,17653023.6,6.18,-4.1,-1.02,2.44
2008-08-06,002215,24.1,23.4,24.2,23.11,5338,12607696.5,4.56,-2.01,-0.48,1.78
2008-08-07,002215,23.37,23.28,23.86,22.81,4901,11410080.0,4.49,-0.51,-0.12,1.63
2008-08-08,002215,23.3,22.18,23.44,22.01,4647,10540935.6,6.14,-4.73,-1.1,1.55
2008-08-11,002215,22.2,20.8,22.92,20.52,14109,30493417.5,10.82,-6.22,-1.38,4.7
2008-08-12,002215,20.99,22.5,22.88,20.68,16372,36760888.2,10.58,8.17,1.7,5.46
2008-08-13,002215,21.7,22.3,23.0,21.11,10123,22110446.9,8.4,-0.89,-0.2,3.37
2008-08-14,002215,21.73,22.99,23.48,21.7,7536,17219282.9,7.98,3.09,0.69,2.51
2008-08-15,002215,22.9,23.38,23.7,22.7,4380,10188520.3,4.35,1.7,0.39,1.46
2008-08-18,002215,23.5,23.39,24.6,23.1,11548,27674771.4,6.42,0.04,0.01,3.85
2008-08-19,002215,22.88,23.94,24.3,22.15,8523,20044557.3,9.19,2.35,0.55,2.84
2008-08-20,002215,24.1,25.19,25.98,23.58,15467,38597526.2,10.03,5.22,1.25,5.16
2008-08-21,002215,25.2,24.8,25.2,24.3,8815,21764966.4,3.57,-1.55,-0.39,2.94
2008-08-22,002215,24.61,23.85,24.85,23.52,5633,13572940.4,5.36,-3.83,-0.95,1.88
2008-08-25,002215,23.51,23.15,24.4,22.82,6016,14100142.9,6.62,-2.94,-0.7,2.01
2008-08-26,002215,22.87,23.67,23.78,22.18,5973,13600885.8,6.91,2.25,0.52,1.99
2008-08-27,002215,23.1,22.36,23.97,21.9,5507,12599502.2,8.75,-5.53,-1.31,1.84
2008-08-28,002215,22.38,22.87,22.98,22.12,4455,10117523.9,3.85,2.28,0.51,1.48
2008-08-29,002215,22.8,23.6,23.82,22.8,5110,11964382.5,4.46,3.19,0.73,1.7
2008-09-01,002215,23.63,22.6,23.75,22.5,3805,8754020.2,5.3,-4.24,-1.0,1.27
2008-09-02,002215,22.5,21.61,22.5,21.5,4688,10295183.2,4.42,-4.38,-0.99,1.56
2008-09-03,002215,21.61,21.73,21.73,19.99,8554,17693748.3,8.05,0.56,0.12,2.85
2008-09-04,002215,21.4,21.18,21.58,20.62,2434,5128179.2,4.42,-2.53,-0.55,0.81
2008-09-08,002215,20.8,20.17,20.8,19.99,3522,7099647.8,3.82,-4.77,-1.01,1.17
2008-09-09,002215,20.22,20.0,20.5,19.65,1905,3832288.5,4.21,-0.84,-0.17,0.64
2008-09-10,002215,19.62,20.45,20.6,19.4,1915,3850386.2,6.0,2.25,0.45,0.64
2008-09-11,002215,20.1,20.48,20.55,19.81,1290,2616667.8,3.62,0.15,0.03,0.43
2008-09-12,002215,20.47,20.48,21.0,20.32,1212,2495463.1,3.32,0.0,0.0,0.4
2008-09-16,002215,20.96,19.78,20.96,19.6,1490,3006470.0,6.64,-3.42,-0.7,0.5
2008-09-17,002215,19.64,20.1,20.46,19.64,1720,3453284.8,4.15,1.62,0.32,0.57
2008-09-18,002215,19.9,20.1,20.5,18.98,4828,9506540.4,7.56,0.0,0.0,1.61
2008-09-19,002215,22.08,22.11,22.11,21.2,6144,13542610.3,4.53,10.0,2.01,2.05
2008-09-22,002215,22.63,22.33,24.2,22.03,10339,23619404.8,9.81,1.0,0.22,3.45
2008-09-23,002215,21.51,20.81,21.96,20.75,3316,7001599.6,5.42,-6.81,-1.52,1.11
2008-09-24,002215,20.0,20.0,20.67,19.81,6082,12187546.2,4.13,-3.89,-0.81,2.03
2008-09-25,002215,20.0,21.15,21.25,19.8,9843,20099141.8,7.25,5.75,1.15,3.28
2008-09-26,002215,21.1,20.55,21.1,20.2,4734,9719387.5,4.26,-2.84,-0.6,1.58
2008-10-06,002215,20.3,20.48,21.0,19.88,4051,8323508.2,5.45,-0.34,-0.07,1.35
2008-10-07,002215,20.0,20.55,21.09,19.81,2667,5487566.0,6.25,0.34,0.07,0.89
2008-10-08,002215,20.01,20.59,20.85,20.0,1083,2235484.1,4.14,0.19,0.04,0.36
2008-10-09,002215,20.8,20.26,20.85,20.2,1008,2057796.3,3.16,-1.6,-0.33,0.34
2008-10-10,002215,20.0,19.36,20.0,18.42,2680,5160742.7,7.8,-4.44,-0.9,0.89
2008-10-13,002215,19.25,19.4,19.56,18.57,1573,2991274.1,5.11,0.21,0.04,0.52
2008-10-14,002215,20.16,19.1,20.36,19.09,2651,5232523.1,6.55,-1.55,-0.3,0.88
2008-10-15,002215,19.35,19.38,19.5,19.0,1622,3135018.9,2.62,1.47,0.28,0.54
2008-10-16,002215,19.0,18.06,19.15,17.88,3621,6663051.5,6.55,-6.81,-1.32,1.21
2008-10-17,002215,13.2,13.36,13.69,12.7,4268,5605928.3,5.48,-26.02,-4.7,1.09
2008-10-20,002215,13.2,13.7,13.87,12.83,2024,2723467.7,7.78,2.54,0.34,0.52
2008-10-21,002215,13.75,13.68,13.89,13.58,1914,2630873.9,2.26,-0.15,-0.02,0.49
2008-10-22,002215,13.5,13.52,13.88,13.1,1487,2042658.9,5.7,-1.17,-0.16,0.38
2008-10-23,002215,13.11,13.46,13.49,13.11,1452,1927978.5,2.81,-0.44,-0.06,0.37
2008-10-24,002215,13.45,13.45,13.66,13.25,825,1104121.0,3.05,-0.07,-0.01,0.21
2008-10-27,002215,13.12,12.11,13.43,12.11,2805,3541829.1,9.81,-9.96,-1.34,0.72
2008-10-28,002215,11.8,12.0,12.26,11.51,2456,2921120.4,6.19,-0.91,-0.11,0.63
2008-10-29,002215,12.3,12.17,12.37,12.0,2485,3030052.4,3.08,1.42,0.17,0.64
2008-10-30,002215,12.4,12.49,12.68,12.14,2802,3511845.1,4.44,2.63,0.32,0.72
2008-10-31,002215,12.45,12.4,12.64,12.36,483,603397.8,2.24,-0.72,-0.09,0.12
2008-11-03,002215,12.4,12.27,12.58,12.2,523,643652.6,3.06,-1.05,-0.13,0.13
2008-11-04,002215,12.25,12.1,12.37,12.0,1794,2195650.7,3.02,-1.39,-0.17,0.46
2008-11-05,002215,12.4,12.71,12.78,12.13,2278,2869478.5,5.37,5.04,0.61,0.58
2008-11-06,002215,12.55,12.6,12.79,12.32,2149,2703616.0,3.7,-0.87,-0.11,0.55
2008-11-07,002215,12.3,12.61,12.68,12.28,1728,2152109.9,3.17,0.08,0.01,0.44
2008-11-10,002215,12.7,13.36,13.7,12.7,2625,3477593.3,7.93,5.95,0.75,0.67
2008-11-11,002215,13.2,13.24,13.47,13.0,4127,5427597.0,3.52,-0.9,-0.12,1.06
2008-11-12,002215,13.17,13.53,13.53,13.01,2293,3055772.2,3.93,2.19,0.29,0.59
2008-11-13,002215,13.4,14.09,14.18,13.26,4256,5904696.7,6.8,4.14,0.56,1.09
2008-11-14,002215,14.09,14.24,14.4,13.88,4214,5973047.1,3.69,1.06,0.15,1.08
2008-11-17,002215,13.95,14.55,14.58,13.91,3790,5455140.2,4.71,2.18,0.31,0.97
2008-11-18,002215,14.3,14.1,15.3,13.51,7406,10824330.4,12.3,-3.09,-0.45,1.9
2008-11-19,002215,14.0,15.05,15.08,13.68,4323,6291098.3,9.93,6.74,0.95,1.11
2008-11-20,002215,14.75,14.84,15.68,14.52,4208,6362141.8,7.71,-1.4,-0.21,1.08
2008-11-21,002215,14.79,14.49,14.99,14.0,3096,4498318.3,6.67,-2.36,-0.35,0.79
2008-11-24,002215,14.68,13.7,14.98,13.7,4645,6627286.1,8.83,-5.45,-0.79,1.19
2008-11-25,002215,13.8,13.98,14.18,13.7,3265,4545557.1,3.5,2.04,0.28,0.84
2008-11-26,002215,13.78,14.06,14.13,13.78,2092,2910738.3,2.5,0.57,0.08,0.54
2008-11-27,002215,14.98,13.94,14.98,13.94,6816,9771274.1,7.4,-0.85,-0.12,1.75
2008-11-28,002215,13.85,13.75,14.0,13.63,2460,3385815.1,2.65,-1.36,-0.19,0.63
2008-12-02,002215,14.5,15.13,15.13,13.85,25854,37525795.0,9.31,10.04,1.38,6.63
2008-12-03,002215,15.13,15.95,16.28,15.13,19579,31057757.5,7.6,5.42,0.82,5.02
2008-12-04,002215,16.1,15.65,17.2,15.5,27534,44537235.6,10.66,-1.88,-0.3,7.06
2008-12-05,002215,15.6,16.44,16.52,15.5,11972,19390107.4,6.52,5.05,0.79,3.07
2008-12-08,002215,16.72,16.86,17.18,16.3,15344,25662263.7,5.35,2.55,0.42,3.93
2008-12-09,002215,16.9,16.41,17.2,16.35,9466,15750380.7,5.04,-2.67,-0.45,2.43
2008-12-10,002215,16.31,16.86,16.98,16.31,7299,12166494.1,4.08,2.74,0.45,1.87
2008-12-11,002215,16.95,16.63,17.4,16.58,7813,13328671.2,4.86,-1.36,-0.23,2.0
2008-12-12,002215,16.45,15.81,16.8,15.5,19342,30592326.1,7.82,-4.93,-0.82,4.96
2008-12-15,002215,16.12,15.95,16.12,15.66,6775,10748909.1,2.91,0.89,0.14,1.74
2008-12-16,002215,15.67,17.34,17.48,15.6,11757,19556630.5,11.79,8.71,1.39,3.01
2008-12-17,002215,17.45,17.12,17.97,16.9,9778,17127412.6,6.17,-1.27,-0.22,2.51
2008-12-18,002215,17.49,17.61,17.98,17.0,7044,12346720.7,5.72,2.86,0.49,1.81
2008-12-19,002215,17.88,17.9,18.08,17.32,9249,16370154.4,4.32,1.65,0.29,2.37
2008-12-22,002215,17.9,18.43,18.62,17.7,14904,27083946.2,5.14,2.96,0.53,3.82
2008-12-23,002215,18.51,17.18,18.51,17.18,17082,30756534.4,7.22,-6.78,-1.25,4.38
2008-12-24,002215,17.2,17.93,18.0,16.5,11367,19544676.4,8.73,4.37,0.75,2.91
2008-12-25,002215,17.61,17.93,18.0,17.4,6886,12194877.1,3.35,0.0,0.0,1.77
2008-12-26,002215,17.92,18.3,18.69,17.92,11942,21825939.4,4.29,2.06,0.37,3.06
2008-12-30,002215,17.92,17.66,18.34,17.6,13924,24928271.5,4.04,-3.5,-0.64,3.57
2008-12-31,002215,17.66,17.9,18.15,17.35,7516,13248478.8,4.53,1.36,0.24,1.93
2009-01-05,002215,17.89,18.35,18.42,17.86,11821,21386534.4,3.13,2.51,0.45,3.03
2009-01-06,002215,18.3,18.58,18.72,17.85,9006,16423059.7,4.74,1.25,0.23,2.31
2009-01-07,002215,18.19,19.17,19.5,18.19,8665,16573863.6,7.05,3.18,0.59,2.22
2009-01-08,002215,18.71,19.48,19.5,18.6,5636,10809458.8,4.69,1.62,0.31,1.45
2009-01-09,002215,19.51,19.88,20.1,19.51,7315,14529829.7,3.03,2.05,0.4,1.88
2009-01-12,002215,19.87,19.55,20.39,19.45,7863,15742217.4,4.73,-1.66,-0.33,2.02
2009-01-13,002215,19.39,19.45,19.5,18.8,10300,19661071.4,3.58,-0.51,-0.1,2.64
2009-01-14,002215,19.45,19.94,20.09,19.43,6754,13356934.9,3.39,2.52,0.49,1.73
2009-01-15,002215,19.92,20.4,20.4,19.4,10547,21230298.6,5.02,2.31,0.46,2.7
2009-01-16,002215,20.45,19.74,20.84,19.4,18702,37249692.5,7.06,-3.24,-0.66,4.8
2009-01-19,002215,19.64,19.15,19.92,18.95,21230,40540541.2,4.91,-2.99,-0.59,5.44
2009-01-20,002215,19.05,19.35,19.63,19.05,5922,11447697.5,3.03,1.04,0.2,1.52
2009-01-21,002215,19.16,19.19,19.38,19.0,3993,7646866.6,1.96,-0.83,-0.16,1.02
2009-01-22,002215,19.21,19.46,19.56,19.0,6485,12549091.4,2.92,1.41,0.27,1.66
2009-01-23,002215,19.2,19.1,19.43,19.02,3493,6689105.6,2.11,-1.85,-0.36,0.9
2009-02-02,002215,19.2,19.84,19.9,19.1,4228,8275927.8,4.19,3.87,0.74,1.08
2009-02-03,002215,19.8,20.09,20.2,19.61,6071,12109408.5,2.97,1.26,0.25,1.56
2009-02-04,002215,20.15,19.92,20.3,19.75,7291,14495497.2,2.74,-0.85,-0.17,1.87
2009-02-05,002215,19.93,19.22,19.95,19.2,20784,40701284.8,3.77,-3.51,-0.7,5.33
2009-02-06,002215,19.21,19.55,19.76,19.2,16961,33086519.9,2.91,1.72,0.33,4.35
2009-02-09,002215,19.89,20.28,20.5,19.55,18297,36636027.9,4.86,3.73,0.73,4.69
2009-02-10,002215,20.3,21.9,22.1,20.3,23616,50362483.4,8.88,7.99,1.62,6.06
2009-02-11,002215,21.6,21.14,21.8,21.01,16559,35280962.0,3.61,-3.47,-0.76,4.25
2009-02-12,002215,21.03,21.05,21.29,20.05,9239,19119587.3,5.87,-0.43,-0.09,2.37
2009-02-13,002215,21.1,21.22,21.29,20.55,14219,29823450.2,3.52,0.81,0.17,3.65
2009-02-16,002215,21.2,21.27,21.89,20.81,12285,26124399.5,5.09,0.24,0.05,3.15
2009-02-17,002215,21.65,21.8,22.5,21.41,26204,58043894.5,5.12,2.49,0.53,6.72
2009-02-18,002215,21.0,21.2,22.26,21.0,12934,28112011.0,5.78,-2.75,-0.6,3.32
2009-02-19,002215,21.15,21.7,21.84,21.0,6536,14014904.4,3.96,2.36,0.5,1.68
2009-02-20,002215,21.8,23.1,23.25,21.8,20490,46074923.3,6.68,6.45,1.4,4.64
2009-02-23,002215,22.85,23.4,23.68,22.79,13755,31968100.7,3.85,1.3,0.3,3.12
2009-02-24,002215,23.0,21.93,23.39,21.9,10790,24470612.8,6.37,-6.28,-1.47,2.44
2009-02-25,002215,22.3,22.95,22.99,21.0,11568,25292067.0,9.07,4.65,1.02,2.62
2009-02-26,002215,22.8,21.0,23.08,20.66,8990,19633083.2,10.54,-8.5,-1.95,2.04
2009-02-27,002215,20.7,20.3,21.27,19.51,8010,16215295.5,8.38,-3.33,-0.7,1.82
2009-03-02,002215,20.3,20.33,20.61,19.81,4015,8152576.0,3.94,0.15,0.03,0.91
2009-03-03,002215,19.85,20.0,20.32,19.4,5750,11453936.4,4.53,-1.62,-0.33,1.3
2009-03-04,002215,20.23,20.99,21.36,20.23,8763,18314559.9,5.65,4.95,0.99,1.99
2009-03-05,002215,21.35,20.78,21.49,20.5,11608,24245187.6,4.72,-1.0,-0.21,2.63
2009-03-09,002215,20.78,19.6,21.2,19.5,8506,16986637.9,8.18,-5.68,-1.18,1.93
2009-03-10,002215,19.51,19.74,19.77,19.28,7373,14438839.5,2.5,0.71,0.14,1.67
2009-03-11,002215,20.01,19.79,20.5,19.75,5547,11195276.6,3.8,0.25,0.05,1.26
2009-03-12,002215,19.8,20.22,20.22,19.61,5663,11319438.6,3.08,2.17,0.43,1.28
2009-03-13,002215,20.5,20.09,20.5,19.9,2831,5700508.0,2.97,-0.64,-0.13,0.64
2009-03-16,002215,20.09,19.81,20.1,19.5,3802,7477039.7,2.99,-1.39,-0.28,0.86
2009-03-17,002215,20.0,20.45,20.45,19.76,5257,10617466.2,3.48,3.23,0.64,1.19
2009-03-18,002215,20.45,20.4,20.77,20.28,7333,15057543.6,2.4,-0.24,-0.05,1.66
2009-03-19,002215,20.71,20.55,20.71,20.0,7064,14365271.8,3.48,0.74,0.15,1.6
2009-03-20,002215,20.45,21.46,21.49,20.4,13269,28192858.3,5.3,4.43,0.91,3.01
2009-03-23,002215,21.5,21.24,21.65,21.11,14357,30557585.0,2.52,-1.03,-0.22,3.25
2009-03-24,002215,21.31,21.34,21.92,21.23,6009,12899324.4,3.25,0.47,0.1,1.36
2009-03-25,002215,21.33,20.63,21.59,20.63,6828,14300268.8,4.5,-3.33,-0.71,1.55
2009-03-26,002215,20.58,20.65,20.78,20.12,5811,11882815.0,3.2,0.1,0.02,1.32
2009-03-27,002215,20.88,20.45,20.89,20.41,5107,10485385.9,2.32,-0.97,-0.2,1.16
2009-03-30,002215,20.55,21.16,21.42,20.26,8213,17195238.3,5.67,3.47,0.71,1.86
2009-03-31,002215,21.02,21.6,21.68,20.63,10631,22729909.4,4.96,2.08,0.44,2.41
2009-04-01,002215,21.52,21.55,21.78,21.38,8672,18702370.1,1.85,-0.23,-0.05,1.96
2009-04-02,002215,21.62,21.58,21.76,21.34,10995,23723008.0,1.95,0.14,0.03,2.49
2009-04-03,002215,21.59,22.6,23.73,21.58,21817,49341584.6,9.96,4.73,1.02,4.94
2009-04-07,002215,22.8,22.9,23.48,22.4,11887,27188251.0,4.78,1.33,0.3,2.69
2009-04-08,002215,23.1,22.0,23.2,21.9,9808,21760765.9,5.68,-3.93,-0.9,2.22
2009-04-09,002215,22.05,22.79,22.99,21.65,12020,26820759.4,6.09,3.59,0.79,2.72
2009-04-10,002215,22.86,23.32,23.45,22.79,9350,21693224.3,2.9,2.33,0.53,2.12
2009-04-13,002215,23.34,23.44,24.15,23.33,11983,28481017.0,3.52,0.51,0.12,2.72
2009-04-14,002215,23.43,23.54,23.6,22.61,13262,30679322.5,4.22,0.43,0.1,3.0
2009-04-15,002215,23.44,24.15,24.5,22.88,11874,28240274.4,6.88,2.59,0.61,2.69
2009-04-16,002215,24.2,24.0,24.5,23.4,10444,25026339.5,4.55,-0.62,-0.15,2.37
2009-04-17,002215,23.51,22.8,23.99,22.78,7845,18113377.4,5.04,-5.0,-1.2,1.78
2009-04-20,002215,22.52,23.17,23.28,22.38,4787,10959334.2,3.95,1.62,0.37,1.08
2009-04-21,002215,22.79,23.43,23.9,22.78,12289,28871035.8,4.83,1.12,0.26,2.78
2009-04-22,002215,23.63,21.8,23.88,21.7,9350,21216515.5,9.3,-6.96,-1.63,2.12
2009-04-23,002215,21.74,22.06,22.35,21.3,5998,13170518.0,4.82,1.19,0.26,1.36
2009-04-24,002215,22.24,22.3,22.45,22.06,3818,8507758.4,1.77,1.09,0.24,0.87
2009-04-27,002215,21.8,20.4,21.8,20.2,45393,92790770.5,7.17,-8.52,-1.9,10.29
2009-04-28,002215,20.16,20.56,20.74,19.85,13514,27615021.7,4.36,0.78,0.16,3.06
2009-04-30,002215,20.97,21.29,21.5,20.97,9747,20747700.6,2.58,3.55,0.73,2.21
2009-05-04,002215,21.35,22.7,22.9,21.3,11011,24207043.6,7.52,6.62,1.41,2.5
2009-05-05,002215,22.9,23.5,23.58,22.38,9998,22981511.1,5.29,3.52,0.8,2.27
2009-05-06,002215,23.28,23.42,23.6,23.0,8892,20787551.7,2.55,-0.34,-0.08,2.01
2009-05-07,002215,23.5,22.72,23.54,22.41,5585,12763579.0,4.82,-2.99,-0.7,1.27
2009-05-08,002215,22.72,22.65,23.32,22.2,5949,13500812.8,4.93,-0.31,-0.07,1.35
2009-05-11,002215,22.65,21.7,22.98,21.69,5927,13020985.5,5.7,-4.19,-0.95,1.34
2009-05-12,002215,21.21,21.72,21.93,21.21,4577,9786542.7,3.32,0.09,0.02,1.04
2009-05-13,002215,21.61,21.98,22.13,21.61,5302,11601360.7,2.39,1.2,0.26,1.2
2009-05-14,002215,21.7,22.14,22.28,21.6,2370,5208559.3,3.09,0.73,0.16,0.54
2009-05-15,002215,22.2,21.89,22.33,21.7,2596,5698943.7,2.85,-1.13,-0.25,0.59
2009-05-18,002215,21.8,22.08,22.08,21.64,2581,5628277.3,2.01,0.87,0.19,0.58
2009-05-19,002215,22.2,21.95,22.48,21.82,4939,10877370.5,2.99,-0.59,-0.13,1.12
2009-05-20,002215,21.9,21.51,22.1,21.49,5664,12327267.5,2.78,-2.0,-0.44,1.28
2009-05-21,002215,21.39,20.93,21.44,20.81,7520,15824087.9,2.93,-2.7,-0.58,1.7
2009-05-22,002215,21.1,21.4,21.4,20.93,2346,4969651.7,2.25,2.25,0.47,0.53
2009-05-25,002215,21.0,21.7,21.7,20.7,7312,15446239.8,4.67,1.4,0.3,1.66
2009-05-26,002215,21.69,22.43,22.75,21.3,15356,34358208.1,6.68,3.36,0.73,3.48
2009-05-27,002215,22.63,22.58,22.65,22.15,7301,16307846.2,2.23,0.67,0.15,1.65
2009-06-01,002215,22.56,22.59,22.69,22.24,3973,8949828.9,1.99,0.04,0.01,0.9
2009-06-02,002215,22.65,22.9,23.2,22.45,6671,15173237.7,3.32,1.37,0.31,1.51
2009-06-03,002215,22.9,22.19,23.01,22.0,16146,35982686.0,4.41,-3.1,-0.71,3.66
2009-06-04,002215,22.19,21.5,22.19,21.4,10190,22047943.7,3.56,-3.11,-0.69,2.25
2009-06-05,002215,21.87,21.15,21.97,21.08,15061,32118147.5,4.14,-1.63,-0.35,3.32
2009-06-08,002215,21.15,21.0,21.74,20.88,10697,22717659.9,4.07,-0.71,-0.15,2.36
2009-06-09,002215,21.06,20.85,21.3,20.3,12798,26472389.1,4.76,-0.71,-0.15,2.82
2009-06-10,002215,20.91,21.58,21.68,20.91,14234,30456980.4,3.69,3.5,0.73,3.14
2009-06-11,002215,16.45,16.18,16.45,16.02,8379,13532887.2,1.99,-25.02,-5.4,1.42
2009-06-12,002215,16.0,15.95,16.18,15.9,7249,11587810.7,1.73,-1.42,-0.23,1.23
2009-06-15,002215,15.95,16.19,16.35,15.94,6011,9714330.4,2.57,1.5,0.24,1.02
2009-06-16,002215,16.0,15.95,16.18,15.93,3956,6339869.0,1.54,-1.48,-0.24,0.67
2009-06-17,002215,15.92,16.0,16.15,15.92,3462,5545336.2,1.44,0.31,0.05,0.59
2009-06-18,002215,16.05,16.2,16.25,16.0,6931,11157453.9,1.56,1.25,0.2,1.18
2009-06-19,002215,16.2,16.26,16.38,16.05,6909,11191900.3,2.04,0.37,0.06,1.17
2009-06-22,002215,16.26,16.16,16.38,16.12,6714,10903757.6,1.6,-0.62,-0.1,1.14
2009-06-23,002215,16.05,16.53,16.8,16.01,16310,26964060.4,4.89,2.29,0.37,2.77
2009-06-24,002215,16.4,16.67,16.72,16.25,8745,14451411.8,2.84,0.85,0.14,1.48
2009-06-25,002215,16.68,16.86,17.2,16.66,16513,27923619.5,3.24,1.14,0.19,2.8
2009-06-26,002215,16.87,17.27,17.44,16.7,20227,34773698.2,4.39,2.43,0.41,3.43
2009-06-29,002215,17.27,17.17,17.56,17.0,21877,37734411.5,3.24,-0.58,-0.1,3.71
2009-07-01,002215,17.1,16.52,17.17,16.37,24777,41052117.6,4.66,-3.79,-0.65,4.21
2009-07-02,002215,16.54,16.65,16.8,16.42,9875,16399395.6,2.3,0.79,0.13,1.68
2009-07-03,002215,16.65,17.08,17.48,16.65,10819,18552832.4,4.98,2.58,0.43,1.84
2009-07-06,002215,17.1,17.27,17.3,16.92,12804,21914658.2,2.22,1.11,0.19,2.17
2009-07-07,002215,17.3,17.77,17.92,17.25,17181,30283882.0,3.88,2.9,0.5,2.92
2009-07-08,002215,17.78,18.26,18.45,17.41,18036,32640291.6,5.85,2.76,0.49,3.06
2009-07-09,002215,18.92,18.2,18.92,18.0,16746,30881373.2,5.04,-0.33,-0.06,2.84
2009-07-10,002215,18.1,18.2,18.66,17.81,10518,19317941.4,4.67,0.0,0.0,1.79
2009-07-13,002215,18.01,17.89,18.25,17.56,14279,25618568.6,3.79,-1.7,-0.31,2.42
2009-07-14,002215,17.94,18.3,18.58,17.83,14500,26335377.9,4.19,2.29,0.41,2.46
2009-07-15,002215,18.3,18.86,18.88,18.0,28434,52536560.1,4.81,3.06,0.56,4.83
2009-07-16,002215,18.95,18.23,18.97,18.18,12792,23634348.3,4.19,-3.34,-0.63,2.17
2009-07-17,002215,18.22,18.16,18.41,17.82,10993,19901728.4,3.24,-0.38,-0.07,1.87
2009-07-20,002215,18.3,18.29,18.34,17.81,11591,21005177.6,2.92,0.72,0.13,1.97
2009-07-21,002215,20.01,19.29,20.08,19.16,56209,110139359.5,5.03,5.47,1.0,9.54
2009-07-22,002215,18.7,19.54,19.69,18.51,34432,65928797.2,6.12,1.3,0.25,5.85
2009-07-23,002215,19.35,19.31,19.95,19.05,16921,32974408.5,4.61,-1.18,-0.23,2.87
2009-07-24,002215,19.42,19.28,19.59,18.92,16550,31795106.7,3.47,-0.16,-0.03,2.81
2009-07-27,002215,19.25,19.31,19.65,19.11,12903,24967301.4,2.8,0.16,0.03,2.19
2009-07-28,002215,19.3,19.35,19.39,18.83,11888,22686072.3,2.9,0.21,0.04,2.02
2009-07-29,002215,19.33,18.3,19.75,17.9,22444,42708123.8,9.56,-5.43,-1.05,3.81
2009-07-30,002215,18.37,18.66,18.69,18.11,11605,21440856.3,3.17,1.97,0.36,1.97
2009-07-31,002215,18.78,18.76,18.9,18.41,20683,38602807.4,2.63,0.54,0.1,3.51
2009-08-03,002215,18.79,19.22,19.3,18.56,14364,27358269.1,3.94,2.45,0.46,2.44
2009-08-04,002215,19.11,19.42,19.48,18.88,18766,36063266.0,3.12,1.04,0.2,3.19
2009-08-05,002215,19.56,19.06,19.6,18.88,14782,28358895.3,3.71,-1.85,-0.36,2.51
2009-08-06,002215,18.9,18.91,19.19,18.5,9249,17340122.9,3.62,-0.79,-0.15,1.57
2009-08-07,002215,18.91,19.3,19.44,18.8,17695,33911117.2,3.38,2.06,0.39,3.0
2009-08-10,002215,19.48,20.29,20.66,19.4,58093,116587362.7,6.53,5.13,0.99,9.86
2009-08-11,002215,20.02,20.17,20.3,19.68,18240,36492188.2,3.06,-0.59,-0.12,3.1
2009-08-12,002215,20.07,19.14,20.07,19.0,17026,33104246.3,5.3,-5.11,-1.03,2.89
2009-08-13,002215,19.24,19.09,19.99,19.09,18978,37081188.2,4.7,-0.26,-0.05,3.22
2009-08-14,002215,18.85,17.91,18.85,17.7,25624,46658872.3,6.02,-6.18,-1.18,4.35
2009-08-17,002215,18.08,17.9,18.36,17.75,20271,36423066.2,3.41,-0.06,-0.01,3.44
2009-08-18,002215,17.78,18.8,18.8,17.78,14407,26261825.2,5.7,5.03,0.9,2.45
2009-08-19,002215,18.8,19.08,19.95,18.6,32058,61944687.4,7.18,1.49,0.28,5.44
2009-08-20,002215,19.21,19.4,19.55,18.6,17195,32839716.4,4.98,1.68,0.32,2.92
2009-08-21,002215,19.19,20.66,20.9,19.19,38608,77860259.5,8.81,6.49,1.26,6.55
2009-08-24,002215,20.45,21.32,21.8,20.1,34712,73713713.4,8.23,3.19,0.66,5.89
2009-08-25,002215,21.32,21.38,22.18,20.6,33721,71972260.9,7.41,0.28,0.06,5.72
2009-08-26,002215,21.42,22.01,22.3,21.03,36335,79489012.7,5.94,2.95,0.63,6.17
2009-08-27,002215,21.71,21.21,22.2,21.13,25816,55522793.7,4.86,-3.63,-0.8,4.38
2009-08-28,002215,21.68,21.15,21.68,21.0,13321,28264653.8,3.21,-0.28,-0.06,2.26
2009-09-01,002215,19.35,19.85,20.15,19.1,23322,45767835.1,4.96,-6.15,-1.3,3.96
2009-09-02,002215,19.68,19.8,20.19,19.4,13900,27585900.4,3.98,-0.25,-0.05,2.36
2009-09-03,002215,19.8,20.35,20.6,19.4,34214,68158538.4,6.06,2.78,0.55,5.81
2009-09-04,002215,20.19,20.31,20.59,19.82,14116,28438740.6,3.78,-0.2,-0.04,2.4
2009-09-07,002215,20.3,21.04,21.15,20.21,26032,54245205.5,4.63,3.59,0.73,4.42
2009-09-08,002215,20.65,21.12,21.49,20.55,11708,24587842.8,4.47,0.38,0.08,1.99
2009-09-09,002215,20.82,20.8,21.08,20.43,11299,23366784.8,3.08,-1.52,-0.32,1.92
2009-09-10,002215,20.71,20.3,20.87,20.3,9490,19461737.5,2.74,-2.4,-0.5,1.61
2009-09-11,002215,20.3,20.84,20.98,20.3,9388,19377533.3,3.35,2.66,0.54,1.59
2009-09-14,002215,20.55,21.32,21.64,20.55,19272,40852370.9,5.23,2.3,0.48,3.27
2009-09-15,002215,21.2,21.4,21.65,21.12,13681,29380896.5,2.49,0.38,0.08,2.32
2009-09-16,002215,21.4,22.59,22.66,21.2,21561,47264219.4,6.82,5.56,1.19,3.66
2009-09-17,002215,22.5,23.07,24.05,22.21,24688,57613570.2,8.15,2.12,0.48,4.19
2009-09-18,002215,22.99,21.96,23.35,21.45,16674,37459666.0,8.24,-4.81,-1.11,2.83
2009-09-21,002215,21.9,23.25,23.32,21.53,12596,28227153.5,8.15,5.87,1.29,2.14
2009-09-22,002215,23.01,22.07,23.98,22.0,21898,51148282.4,8.52,-5.08,-1.18,3.72
2009-09-23,002215,22.08,21.68,22.68,21.36,15979,35158350.4,5.98,-1.77,-0.39,2.71
2009-09-24,002215,21.4,21.01,21.81,20.5,12881,27071061.4,6.04,-3.09,-0.67,2.19
2009-09-25,002215,20.99,21.16,21.6,20.88,5591,11879902.0,3.43,0.71,0.15,0.95
2009-09-28,002215,21.45,20.4,21.48,20.4,6989,14579709.9,5.1,-3.59,-0.76,1.19
2009-09-29,002215,20.43,20.25,20.8,19.68,10759,21580144.0,5.49,-0.74,-0.15,1.83
2009-09-30,002215,20.38,20.69,20.79,20.34,5670,11683963.4,2.22,2.17,0.44,0.96
2009-10-09,002215,20.98,21.68,21.79,20.83,6769,14506890.5,4.64,4.78,0.99,1.15
2009-10-12,002215,21.7,21.9,22.34,21.61,7528,16544127.0,3.37,1.01,0.22,1.28
2009-10-13,002215,21.9,21.94,22.0,21.55,4579,9980853.9,2.05,0.18,0.04,0.78
2009-10-14,002215,22.1,22.2,22.56,21.94,9662,21618897.1,2.83,1.19,0.26,1.64
2009-10-15,002215,22.21,22.33,22.58,22.11,6029,13441940.8,2.12,0.59,0.13,1.02
2009-10-16,002215,22.35,21.95,22.44,21.2,8774,19129107.6,5.55,-1.7,-0.38,1.49
2009-10-19,002215,21.86,21.9,22.28,21.6,11635,25543299.4,3.1,-0.23,-0.05,1.98
2009-10-20,002215,21.95,22.65,22.65,21.95,19167,42844681.7,3.2,3.42,0.75,3.25
2009-10-21,002215,22.7,22.74,23.45,22.65,17223,39705545.3,3.53,0.4,0.09,2.92
2009-10-22,002215,22.95,22.32,22.95,21.86,19595,43411221.4,4.79,-1.85,-0.42,3.33
2009-10-23,002215,22.18,22.62,22.65,22.18,12115,27258546.9,2.11,1.34,0.3,2.06
2009-10-26,002215,22.88,23.32,23.45,22.62,21689,50249927.4,3.67,3.09,0.7,3.68
2009-10-27,002215,23.02,22.75,23.68,22.6,14179,32926944.5,4.63,-2.44,-0.57,2.41
2009-10-28,002215,22.7,23.93,23.96,22.6,20531,48257464.2,5.98,5.19,1.18,3.49
2009-10-29,002215,23.52,23.3,23.85,23.25,11376,26649728.3,2.51,-2.63,-0.63,1.93
2009-10-30,002215,23.67,22.96,23.87,22.91,10694,24889985.6,4.12,-1.46,-0.34,1.82
2009-11-02,002215,22.5,23.6,23.65,22.3,10434,24150172.3,5.88,2.79,0.64,1.77
2009-11-03,002215,23.6,24.05,24.5,23.6,12294,29646301.1,3.81,1.91,0.45,2.09
2009-11-04,002215,24.06,23.98,24.44,23.78,8522,20524385.8,2.74,-0.29,-0.07,1.45
2009-11-05,002215,24.0,24.2,24.67,23.99,8763,21338547.0,2.84,0.92,0.22,1.49
2009-11-06,002215,24.49,24.06,24.78,23.97,9375,22746129.5,3.35,-0.58,-0.14,1.59
2009-11-09,002215,24.65,24.79,24.79,24.07,9238,22588148.8,2.99,3.03,0.73,1.57
2009-11-10,002215,24.88,25.23,25.5,24.6,10721,27005917.0,3.63,1.77,0.44,1.82
2009-11-12,002215,25.3,26.26,26.78,25.3,16406,43048088.7,5.87,4.08,1.03,2.79
2009-11-13,002215,26.27,26.5,26.66,25.8,8626,22620986.7,3.27,0.91,0.24,1.46
2009-11-16,002215,26.55,26.48,28.5,26.3,20450,55799433.3,8.3,-0.08,-0.02,3.47
2009-11-17,002215,26.28,26.98,27.59,26.05,14821,39668948.8,5.82,1.89,0.5,2.52
2009-11-18,002215,26.96,26.44,27.0,26.0,12894,34115686.9,3.71,-2.0,-0.54,2.19
2009-11-19,002215,26.68,26.4,26.77,26.22,10220,27027478.5,2.08,-0.15,-0.04,1.74
2009-11-20,002215,26.47,27.2,27.75,26.0,16757,45221666.3,6.63,3.03,0.8,2.84
2009-11-23,002215,27.18,27.9,28.16,27.01,15028,41571226.6,4.23,2.57,0.7,2.55
2009-11-24,002215,27.98,25.9,28.25,25.56,28115,75208298.3,9.64,-7.17,-2.0,4.77
2009-11-25,002215,25.68,26.71,26.87,25.63,15994,42104604.2,4.79,3.13,0.81,2.72
2009-11-26,002215,26.58,25.05,26.6,25.0,15029,38902876.5,5.99,-6.21,-1.66,2.55
2009-11-27,002215,25.0,25.77,25.98,24.6,21816,55874727.9,5.51,2.87,0.72,3.7
2009-11-30,002215,25.77,26.78,27.02,25.43,14973,39382757.3,6.17,3.92,1.01,2.54
2009-12-01,002215,26.65,27.01,27.24,26.4,13627,36489019.5,3.14,0.86,0.23,2.31
2009-12-02,002215,27.25,27.13,27.3,26.81,11630,31506647.4,1.81,0.44,0.12,1.97
2009-12-03,002215,27.12,27.37,27.75,26.7,16617,45322869.7,3.87,0.88,0.24,2.82
2009-12-04,002215,27.28,26.03,27.5,25.45,13676,36010971.0,7.49,-4.9,-1.34,2.32
2009-12-07,002215,26.08,26.1,26.37,25.6,8995,23327710.1,2.96,0.27,0.07,1.53
2009-12-08,002215,26.36,25.82,26.39,25.6,7552,19478779.4,3.03,-1.07,-0.28,1.28
2009-12-09,002215,25.8,25.25,26.08,25.18,8482,21716899.2,3.49,-2.21,-0.57,1.44
2009-12-10,002215,25.25,26.53,26.56,25.25,15515,40244433.6,5.19,5.07,1.28,2.63
2009-12-11,002215,26.7,26.23,26.88,26.19,8833,23316735.8,2.6,-1.13,-0.3,1.5
2009-12-14,002215,26.1,26.4,26.66,25.61,6740,17572206.6,4.0,0.65,0.17,1.14
2009-12-15,002215,26.4,26.0,27.11,25.78,15411,40663984.3,5.04,-1.52,-0.4,2.62
2009-12-16,002215,25.98,26.9,27.13,25.6,23677,62867109.4,5.88,3.46,0.9,4.02
2009-12-17,002215,26.79,25.95,27.18,25.78,9536,25011726.4,5.2,-3.53,-0.95,1.62
2009-12-18,002215,25.65,25.98,27.0,25.62,17062,44978148.4,5.32,0.12,0.03,2.9
2009-12-21,002215,26.01,26.9,27.0,26.01,11259,30012175.2,3.81,3.54,0.92,1.91
2009-12-22,002215,26.89,27.5,28.21,26.71,27320,75264474.6,5.58,2.23,0.6,4.64
2009-12-23,002215,27.48,29.19,30.0,27.1,30539,86776627.4,10.55,6.15,1.69,5.18
2009-12-24,002215,29.3,29.66,29.87,28.76,24178,71039451.4,3.8,1.61,0.47,4.1
2009-12-25,002215,29.95,31.71,31.71,29.26,22657,68818542.6,8.26,6.91,2.05,3.85
2009-12-28,002215,31.49,31.68,32.36,30.8,22770,71622830.6,4.92,-0.09,-0.03,3.87
2009-12-29,002215,31.58,30.93,31.58,30.41,18015,55497965.9,3.69,-2.37,-0.75,3.06
2009-12-30,002215,30.9,30.95,31.0,30.0,16501,50315210.4,3.23,0.06,0.02,2.8
2009-12-31,002215,30.87,30.99,31.28,30.05,13632,41954838.6,3.97,0.13,0.04,2.31
2010-01-04,002215,30.55,31.1,31.55,30.2,10886,33683713.1,4.36,0.35,0.11,1.85
2010-01-05,002215,30.8,32.39,32.5,30.63,14811,47134461.9,6.01,4.15,1.29,2.51
2010-01-07,002215,31.98,30.74,31.98,30.5,16019,49616193.6,4.57,-5.09,-1.65,2.72
2010-01-08,002215,30.4,30.0,30.65,29.2,13492,40179618.1,4.72,-2.41,-0.74,2.29
2010-01-11,002215,30.08,32.35,32.35,29.46,16945,52902101.3,9.63,7.83,2.35,2.88
2010-01-12,002215,32.0,32.87,33.8,32.0,15214,50498948.9,5.56,1.61,0.52,2.58
2010-01-13,002215,32.35,34.0,34.1,31.55,14499,48831147.4,7.76,3.44,1.13,2.46
2010-01-14,002215,33.64,34.24,35.4,33.17,12894,44906429.1,6.56,0.71,0.24,2.19
2010-01-15,002215,34.38,35.85,35.85,33.71,15783,55302327.5,6.25,4.7,1.61,2.68
2010-01-18,002215,35.88,36.06,37.0,34.7,21204,75992230.4,6.42,0.59,0.21,3.6
2010-01-19,002215,36.05,35.02,36.05,34.7,8124,28553292.9,3.74,-2.88,-1.04,1.38
2010-01-20,002215,35.1,35.2,36.75,34.5,17057,60538481.0,6.42,0.51,0.18,2.9
2010-01-21,002215,35.23,34.2,35.4,33.8,12270,42175679.0,4.55,-2.84,-1.0,2.08
2010-01-22,002215,33.99,34.4,34.8,32.95,15459,52465090.8,5.41,0.58,0.2,2.62
2010-01-25,002215,33.52,33.17,34.73,32.5,15102,50277511.6,6.48,-3.58,-1.23,2.56
2010-01-26,002215,33.04,32.0,33.04,32.0,8692,28004952.5,3.14,-3.53,-1.17,1.48
2010-01-27,002215,32.0,33.3,34.58,31.8,11687,38813284.1,8.69,4.06,1.3,1.98
2010-01-28,002215,33.46,34.3,34.3,33.46,5594,19075410.2,2.52,3.0,1.0,0.95
2010-01-29,002215,34.3,34.45,35.28,33.9,8057,27820244.6,4.02,0.44,0.15,1.37
2010-02-01,002215,34.1,34.19,34.8,33.0,5183,17524671.8,5.22,-0.75,-0.26,0.88
2010-02-02,002215,34.2,34.6,36.1,34.2,10827,38142543.2,5.56,1.2,0.41,1.84
2010-02-03,002215,35.0,33.3,35.48,31.9,17736,59294482.8,10.35,-3.76,-1.3,3.01
2010-02-04,002215,33.37,33.6,34.24,32.02,7756,25941432.0,6.67,0.9,0.3,1.32
2010-02-05,002215,32.9,33.34,33.45,32.52,3740,12363647.9,2.77,-0.77,-0.26,0.63
2010-02-08,002215,33.02,33.7,33.75,33.01,2370,7935754.7,2.22,1.08,0.36,0.4
2010-02-09,002215,33.78,35.05,35.1,33.3,6459,22265903.3,5.34,4.01,1.35,1.1
2010-02-10,002215,35.08,35.05,35.97,34.81,4860,17089557.3,3.31,0.0,0.0,0.83
2010-02-11,002215,35.05,35.46,35.65,34.88,3064,10832993.8,2.2,1.17,0.41,0.52
2010-02-12,002215,35.46,36.75,36.92,35.16,5844,21274659.1,4.96,3.64,1.29,0.99
2010-02-22,002215,36.75,37.0,37.5,36.17,5554,20659929.4,3.62,0.68,0.25,0.94
2010-02-23,002215,37.0,36.36,37.36,35.1,8344,30029406.1,6.11,-1.73,-0.64,1.42
2010-02-25,002215,36.45,36.58,37.54,36.08,11489,42040516.6,4.02,0.61,0.22,1.95
2010-02-26,002215,36.56,36.55,36.8,36.05,6129,22306069.6,2.05,-0.08,-0.03,1.04
2010-03-01,002215,36.55,36.73,37.19,36.17,6923,25500343.6,2.79,0.49,0.18,1.18
2010-03-02,002215,36.73,35.91,36.73,35.88,13379,48298576.9,2.31,-2.23,-0.82,2.27
2010-03-03,002215,35.9,36.41,36.5,35.42,8884,32004825.2,3.01,1.39,0.5,1.51
2010-03-04,002215,36.85,36.92,37.5,36.42,9319,34392759.8,2.97,1.4,0.51,1.58
2010-03-05,002215,36.92,38.76,39.3,36.66,17384,66626137.9,7.15,4.98,1.84,2.95
2010-03-08,002215,38.5,38.88,39.28,37.75,9250,35769715.5,3.95,0.31,0.12,1.57
2010-03-09,002215,38.35,38.24,39.65,38.06,7644,29790309.8,4.09,-1.65,-0.64,1.3
2010-03-10,002215,38.23,37.2,38.58,37.1,7878,29528853.1,3.87,-2.72,-1.04,1.34
2010-03-11,002215,37.08,35.85,37.6,35.01,8187,29800749.1,6.96,-3.63,-1.35,1.39
2010-03-12,002215,35.99,35.74,36.55,35.53,4777,17245783.1,2.85,-0.31,-0.11,0.81
2010-03-15,002215,35.82,36.79,36.8,35.4,5088,18312709.7,3.92,2.94,1.05,0.86
2010-03-16,002215,36.74,36.79,36.99,35.88,5853,21269127.0,3.02,0.0,0.0,0.99
2010-03-17,002215,37.15,37.4,37.4,36.31,8474,31252188.0,2.96,1.66,0.61,1.44
2010-03-18,002215,36.6,36.41,37.18,35.6,6295,23001241.0,4.22,-2.65,-0.99,1.07
2010-03-19,002215,36.4,36.63,36.88,36.01,3826,13981130.1,2.39,0.6,0.22,0.65
2010-03-22,002215,37.0,35.86,37.0,35.5,7170,25806356.1,4.1,-2.1,-0.77,1.22
2010-03-23,002215,35.81,36.12,36.36,35.81,4684,16882201.1,1.53,0.73,0.26,0.8
2010-03-24,002215,36.12,36.6,36.7,35.39,9028,32391510.4,3.63,1.33,0.48,1.53
2010-03-25,002215,36.4,37.6,38.37,36.33,9793,36690320.9,5.57,2.73,1.0,1.66
2010-03-26,002215,37.6,37.37,37.8,36.89,4180,15607000.4,2.42,-0.61,-0.23,0.65
2010-03-29,002215,37.37,36.7,37.76,36.58,9768,35958676.4,3.16,-1.79,-0.67,1.51
2010-03-30,002215,36.75,36.85,36.9,35.88,20151,73624901.8,2.78,0.41,0.15,3.11
2010-03-31,002215,36.9,37.24,37.38,36.3,12577,46198372.2,2.93,1.06,0.39,1.94
2010-04-01,002215,37.2,38.3,38.8,36.81,14929,56969968.2,5.34,2.85,1.06,2.31
2010-04-02,002215,37.89,38.56,38.69,37.89,6341,24316154.1,2.09,0.68,0.26,0.98
2010-04-06,002215,38.56,37.9,38.56,37.39,13613,51500901.9,3.03,-1.71,-0.66,2.1
2010-04-08,002215,37.9,37.2,37.9,36.7,13099,48484097.1,3.17,-1.85,-0.7,2.02
2010-04-09,002215,37.2,38.24,38.27,36.8,21646,81284495.8,3.95,2.8,1.04,3.34
2010-04-12,002215,38.0,40.0,40.0,38.0,20505,80956870.6,5.23,4.6,1.76,3.17
2010-04-13,002215,40.01,38.77,40.01,38.2,8456,32994869.2,4.53,-3.08,-1.23,1.31
2010-04-14,002215,38.8,39.72,39.8,38.52,6987,27401322.9,3.3,2.45,0.95,1.08
2010-04-15,002215,39.72,39.67,40.49,38.7,4635,18248976.2,4.51,-0.13,-0.05,0.72
2010-04-16,002215,39.6,40.1,40.14,38.86,7485,29858107.4,3.23,1.08,0.43,1.16
2010-04-19,002215,40.05,39.31,40.5,39.3,6490,25817689.4,2.99,-1.97,-0.79,1.0
2010-04-20,002215,39.31,39.97,40.0,38.7,7867,30912483.6,3.31,1.68,0.66,1.22
2010-04-21,002215,39.9,42.76,43.4,39.6,20235,83770337.8,9.51,6.98,2.79,3.13
2010-04-22,002215,42.5,43.85,43.85,41.52,14602,62515516.2,5.45,2.55,1.09,2.26
2010-04-23,002215,43.86,40.3,44.44,39.47,17659,73017516.3,11.33,-8.1,-3.55,2.73
2010-04-26,002215,39.7,38.38,40.21,37.5,13819,53071985.6,6.72,-4.76,-1.92,2.13
2010-04-27,002215,38.38,39.17,39.21,36.9,19999,76286755.3,6.02,2.06,0.79,3.09
2010-04-28,002215,36.0,38.0,38.5,36.0,7366,27856381.3,6.38,-2.99,-1.17,1.14
2010-04-29,002215,37.79,34.2,38.2,34.2,25492,89689389.4,10.53,-10.0,-3.8,3.94
2010-04-30,002215,34.19,32.2,34.19,30.78,28651,90276137.8,9.97,-5.85,-2.0,4.43
2010-05-04,002215,31.68,33.4,33.5,31.0,12004,38684144.2,7.76,3.73,1.2,1.85
2010-05-05,002215,33.33,33.9,34.3,32.53,6213,20898932.4,5.3,1.5,0.5,0.96
2010-05-06,002215,33.7,33.4,34.45,33.02,5833,19647425.9,4.22,-1.47,-0.5,0.9
2010-05-07,002215,32.8,31.56,33.51,31.0,7377,23634239.9,7.51,-5.51,-1.84,1.14
2010-05-10,002215,31.55,31.26,31.99,28.4,9324,28026766.0,11.38,-0.95,-0.3,1.44
2010-05-11,002215,31.45,30.85,31.95,29.9,5834,18076247.4,6.56,-1.31,-0.41,0.9
2010-05-12,002215,30.85,30.08,30.85,28.66,7197,21341551.2,7.1,-2.5,-0.77,1.11
2010-05-13,002215,30.05,31.8,32.25,29.71,10122,31304971.2,8.44,5.72,1.72,1.56
2010-05-14,002215,31.2,32.1,32.52,31.2,4907,15758760.7,4.15,0.94,0.3,0.76
2010-05-17,002215,31.8,30.87,31.8,30.0,7637,23685472.9,5.61,-3.83,-1.23,1.18
2010-05-18,002215,30.87,31.69,31.81,30.0,10781,33162758.1,5.86,2.66,0.82,1.67
2010-05-19,002215,31.0,32.1,32.37,30.36,6180,19630149.4,6.34,1.29,0.41,0.95
2010-05-20,002215,31.98,31.81,32.59,31.45,4413,14163367.5,3.55,-0.9,-0.29,0.68
2010-05-21,002215,31.16,32.1,32.6,30.88,3606,11579051.6,5.41,0.91,0.29,0.56
2010-05-24,002215,32.12,33.35,33.54,32.12,10902,36213358.5,4.42,3.89,1.25,1.68
2010-05-25,002215,33.28,32.6,33.28,32.2,3275,10718818.5,3.24,-2.25,-0.75,0.51
2010-05-26,002215,32.2,31.25,33.0,31.0,6303,20074799.8,6.13,-4.14,-1.35,0.97
2010-05-27,002215,31.37,31.27,31.44,30.58,7653,23781699.4,2.75,0.06,0.02,1.18
2010-05-28,002215,31.53,31.69,32.0,31.24,8230,26074075.8,2.43,1.34,0.42,1.27
2010-05-31,002215,31.3,31.34,31.98,31.2,6173,19591108.1,2.46,-1.1,-0.35,0.95
2010-06-01,002215,31.3,29.6,31.4,28.91,7187,21770189.6,7.95,-5.55,-1.74,1.11
2010-06-02,002215,29.4,29.2,29.85,28.2,15868,45777176.3,5.57,-1.35,-0.4,2.45
2010-06-03,002215,29.3,28.43,29.5,28.01,15086,43689359.6,5.1,-2.64,-0.77,2.33
2010-06-04,002215,28.17,27.7,28.17,27.19,24757,68301869.6,3.45,-2.57,-0.73,3.82
2010-06-07,002215,27.49,29.7,29.82,27.21,28389,81610056.8,9.42,7.22,2.0,4.39
2010-06-08,002215,29.7,30.27,30.5,29.2,16837,50456530.5,4.38,1.92,0.57,2.6
2010-06-09,002215,30.18,30.84,31.35,30.17,12016,37006709.6,3.9,1.88,0.57,1.86
2010-06-10,002215,30.85,30.75,31.2,30.3,9613,29757262.5,2.92,-0.29,-0.09,1.49
2010-06-11,002215,30.75,30.9,31.77,30.65,9962,31211849.3,3.64,0.49,0.15,1.54
2010-06-17,002215,30.96,31.46,31.51,30.8,14072,43998064.8,2.3,1.81,0.56,2.17
2010-06-18,002215,31.1,29.0,31.15,28.79,26218,78003691.9,7.5,-7.82,-2.46,4.05
2010-06-21,002215,28.8,29.0,29.4,28.0,18525,53683165.6,4.83,0.0,0.0,2.86
2010-06-22,002215,28.99,29.2,29.4,28.77,7950,23172377.3,2.17,0.69,0.2,1.23
2010-06-23,002215,29.19,28.3,29.19,26.96,111308,305061295.7,7.64,-3.08,-0.9,17.2
2010-06-24,002215,27.45,27.63,27.95,27.16,27748,76564368.4,2.79,-2.37,-0.67,4.29
2010-06-25,002215,27.5,27.59,27.79,25.73,42152,112426136.7,7.46,-0.14,-0.04,6.51
2010-06-28,002215,27.23,26.3,27.23,25.83,20890,55002231.1,5.07,-4.68,-1.29,3.23
2010-06-29,002215,26.3,24.19,26.36,24.01,29213,73850714.7,8.94,-8.02,-2.11,4.51
2010-06-30,002215,24.0,24.22,24.69,23.0,14492,34473928.2,6.99,0.12,0.03,2.24
2010-07-01,002215,24.02,23.48,24.46,23.48,5501,13149572.0,4.05,-3.06,-0.74,0.85
2010-07-02,002215,23.49,22.56,23.49,22.0,13141,29627046.6,6.35,-3.92,-0.92,2.03
2010-07-05,002215,22.4,23.0,23.17,21.88,7382,16706134.4,5.72,1.95,0.44,1.14
2010-07-06,002215,23.0,24.0,24.27,22.82,14271,34091695.1,6.3,4.35,1.0,2.2
2010-07-07,002215,23.97,24.62,24.88,23.8,8227,20106489.5,4.5,2.58,0.62,1.27
2010-07-08,002215,24.62,24.25,24.97,23.87,9762,23686295.7,4.47,-1.5,-0.37,1.51
2010-07-09,002215,24.1,25.36,26.0,24.01,20481,51902733.2,8.21,4.58,1.11,3.16
2010-07-12,002215,25.35,25.5,26.07,25.27,8156,20954394.3,3.15,0.55,0.14,1.26
2010-07-13,002215,25.48,25.02,25.48,24.72,3244,8104689.2,2.98,-1.88,-0.48,0.5
2010-07-14,002215,25.0,25.35,25.92,25.0,4707,11981720.0,3.68,1.32,0.33,0.73
2010-07-15,002215,24.0,23.69,24.6,23.3,23308,55929725.4,5.13,-6.55,-1.66,3.6
2010-07-16,002215,23.45,23.22,23.45,22.8,9290,21440339.7,2.74,-1.98,-0.47,1.44
2010-07-19,002215,23.0,23.86,23.86,22.99,4773,11213590.2,3.75,2.76,0.64,0.74
2010-07-20,002215,23.66,26.25,26.25,23.66,34767,89242378.0,10.85,10.02,2.39,5.37
2010-07-21,002215,26.18,26.7,27.6,25.8,35382,95680519.3,6.86,1.71,0.45,5.47
2010-07-22,002215,26.68,27.12,27.19,26.28,9235,24754517.8,3.41,1.57,0.42,1.43
2010-07-23,002215,27.09,27.1,27.78,26.79,11590,31620439.8,3.65,-0.07,-0.02,1.79
2010-07-26,002215,27.15,27.42,27.58,26.5,10206,27608005.0,3.99,1.18,0.32,1.58
2010-07-27,002215,27.38,27.86,27.97,26.9,10498,28969229.5,3.9,1.6,0.44,1.62
2010-07-28,002215,27.86,28.58,28.84,27.47,9572,27141601.3,4.92,2.58,0.72,1.48
2010-07-29,002215,28.5,28.15,28.98,27.91,15281,43219185.0,3.74,-1.5,-0.43,2.36
2010-07-30,002215,28.15,28.25,28.6,28.08,6794,19238645.0,1.85,0.36,0.1,1.05
2010-08-02,002215,28.25,28.38,28.45,27.9,20644,58377754.2,1.95,0.46,0.13,3.19
2010-08-03,002215,28.59,28.3,29.05,28.3,11548,33074474.4,2.64,-0.28,-0.08,1.78
2010-08-04,002215,28.1,27.69,28.2,27.2,15097,41553441.3,3.53,-2.16,-0.61,2.33
2010-08-05,002215,27.81,28.28,28.3,27.42,13710,38358313.7,3.18,2.13,0.59,2.12
2010-08-06,002215,28.3,28.63,28.79,28.01,19785,56538253.0,2.76,1.24,0.35,3.06
2010-08-09,002215,28.65,30.63,31.08,28.65,27333,82800972.8,8.49,6.99,2.0,4.22
2010-08-10,002215,30.53,30.79,30.97,29.6,17378,52554736.6,4.47,0.52,0.16,2.68
2010-08-11,002215,30.49,30.0,30.8,29.5,11905,35675445.6,4.22,-2.57,-0.79,1.84
2010-08-12,002215,30.0,29.61,30.55,29.6,9034,27156947.1,3.17,-1.3,-0.39,1.4
2010-08-13,002215,29.75,29.9,30.1,28.4,10923,31875559.6,5.74,0.98,0.29,1.69
2010-08-16,002215,29.54,30.92,31.0,29.09,15477,46869710.8,6.39,3.41,1.02,2.39
2010-08-17,002215,30.92,30.9,31.65,30.8,8041,25130496.7,2.75,-0.06,-0.02,1.24
2010-08-18,002215,30.82,30.54,31.31,30.3,4768,14575716.0,3.27,-1.17,-0.36,0.74
2010-08-19,002215,30.41,30.62,30.99,30.26,6053,18592658.7,2.39,0.26,0.08,0.94
2010-08-20,002215,30.63,29.8,30.84,29.8,5283,15952085.8,3.4,-2.68,-0.82,0.82
2010-08-23,002215,29.8,30.35,30.47,29.5,3223,9646244.8,3.26,1.85,0.55,0.5
2010-08-24,002215,30.31,30.69,31.26,29.55,6263,19053606.8,5.63,1.12,0.34,0.97
2010-08-25,002215,30.68,30.7,31.0,29.5,5886,17854058.0,4.89,0.03,0.01,0.91
2010-08-26,002215,30.71,30.45,30.88,30.1,2808,8560441.1,2.54,-0.81,-0.25,0.43
2010-08-30,002215,30.55,32.13,32.83,30.2,10992,35092932.3,8.64,5.52,1.68,1.7
2010-08-31,002215,32.14,32.28,32.82,31.7,8013,25972397.3,3.49,0.47,0.15,1.24
2010-09-01,002215,32.28,31.6,32.91,31.2,5633,17997818.9,5.3,-2.11,-0.68,0.87
2010-09-02,002215,31.83,32.99,34.1,31.7,13633,45036186.2,7.59,4.4,1.39,2.11
2010-09-03,002215,32.99,33.8,34.12,32.58,11617,38805756.1,4.67,2.46,0.81,1.79
2010-09-06,002215,33.91,33.8,34.6,33.21,12737,43076573.6,4.11,0.0,0.0,1.97
2010-09-07,002215,33.8,33.77,33.81,32.22,10043,32793560.3,4.7,-0.09,-0.03,1.55
2010-09-08,002215,33.5,33.6,33.82,32.63,7906,26195660.2,3.52,-0.5,-0.17,1.22
2010-09-09,002215,34.25,32.94,34.25,32.6,10209,33984748.5,4.91,-1.96,-0.66,1.58
2010-09-10,002215,32.6,33.86,33.96,32.6,14485,48472142.3,4.13,2.79,0.92,2.24
2010-09-13,002215,35.0,33.99,35.1,33.42,18375,62533402.3,4.96,0.38,0.13,2.84
2010-09-14,002215,33.79,33.72,33.8,33.2,9925,33224217.3,1.77,-0.79,-0.27,1.53
2010-09-15,002215,33.72,32.0,33.72,31.99,12210,39795811.1,5.13,-5.1,-1.72,1.89
2010-09-16,002215,32.56,30.29,32.65,29.0,27153,81602409.3,11.41,-5.34,-1.71,4.19
2010-09-17,002215,29.3,29.55,30.2,29.3,9087,26972646.4,2.97,-2.44,-0.74,1.4
2010-09-20,002215,29.8,29.35,29.8,28.78,7300,21271310.2,3.45,-0.68,-0.2,1.13
2010-09-21,002215,30.13,30.4,30.77,29.6,13712,41348099.3,3.99,3.58,1.05,2.12
2010-09-27,002215,30.4,30.85,30.9,30.26,7758,23657563.6,2.11,1.48,0.45,1.2
2010-09-28,002215,30.67,29.89,30.67,29.5,6692,20158955.7,3.79,-3.11,-0.96,1.03
2010-09-29,002215,30.03,30.2,30.35,29.3,6641,19960114.3,3.51,1.04,0.31,1.03
2010-09-30,002215,30.2,30.05,30.2,29.2,2995,8930465.8,3.31,-0.5,-0.15,0.46
2010-10-08,002215,30.1,30.25,30.57,29.76,7733,23432456.7,2.7,0.67,0.2,1.19
2010-10-11,002215,30.25,31.8,32.39,30.25,26219,83267428.2,7.07,5.12,1.55,4.05
2010-10-12,002215,31.89,31.06,31.89,31.0,9571,29864219.5,2.8,-2.33,-0.74,1.48
2010-10-13,002215,31.2,32.07,32.62,30.6,13134,41942894.0,6.5,3.25,1.01,2.03
2010-10-14,002215,32.57,30.19,32.57,30.19,10100,31470353.1,7.42,-5.86,-1.88,1.56
2010-10-15,002215,29.9,30.0,30.19,27.5,30237,87344737.6,8.91,-0.63,-0.19,4.67
2010-10-18,002215,29.77,28.38,29.77,28.0,13434,38318091.6,5.9,-5.4,-1.62,2.08
2010-10-19,002215,28.28,28.7,28.9,28.28,9315,26692484.2,2.18,1.13,0.32,1.44
2010-10-20,002215,28.4,28.64,28.97,27.88,10282,29206718.3,3.8,-0.21,-0.06,1.59
2010-10-21,002215,28.7,28.25,28.9,28.0,12086,34210827.2,3.14,-1.36,-0.39,1.87
2010-10-22,002215,28.5,28.49,28.65,27.99,13601,38318938.0,2.34,0.85,0.24,2.1
2010-10-25,002215,28.55,29.04,29.5,28.55,22346,64742106.6,3.33,1.93,0.55,3.45
2010-10-26,002215,29.4,29.0,29.4,28.76,14966,43359421.6,2.2,-0.14,-0.04,2.31
2010-10-27,002215,29.04,29.24,29.5,28.8,16924,49442165.5,2.41,0.83,0.24,2.61
2010-10-28,002215,29.26,31.22,31.24,29.26,28594,87207566.0,6.77,6.77,1.98,4.42
2010-10-29,002215,30.97,30.26,30.99,28.6,20837,62739047.6,7.66,-3.07,-0.96,3.22
2010-11-01,002215,30.26,31.3,31.53,30.2,18633,57730634.7,4.4,3.44,1.04,2.88
2010-11-02,002215,31.5,33.5,34.43,31.35,44610,149413703.1,9.84,7.03,2.2,6.89
2010-11-03,002215,32.73,33.02,33.62,32.3,18724,61738376.5,3.94,-1.43,-0.48,2.89
2010-11-04,002215,32.52,32.84,33.49,32.52,16089,52655162.5,2.94,-0.55,-0.18,2.49
2010-11-05,002215,32.9,33.4,34.02,32.65,15602,52146523.1,4.17,1.71,0.56,2.41
2010-11-08,002215,33.41,34.15,34.48,33.0,18201,61508668.6,4.43,2.25,0.75,2.81
2010-11-09,002215,33.8,33.1,34.28,33.0,14805,49484911.1,3.75,-3.07,-1.05,2.29
2010-11-10,002215,32.6,33.01,33.59,32.6,15792,52029560.4,2.99,-0.27,-0.09,2.44
2010-11-11,002215,32.7,32.5,33.25,32.5,15671,51350541.9,2.27,-1.54,-0.51,2.42
2010-11-12,002215,32.4,30.24,32.5,30.15,15476,48208732.7,7.23,-6.95,-2.26,2.39
2010-11-15,002215,30.33,30.4,31.11,29.66,13285,40424804.8,4.79,0.53,0.16,2.05
2010-11-17,002215,29.5,28.85,30.4,28.41,14472,42691475.3,6.55,-5.1,-1.55,2.24
2010-11-18,002215,28.88,28.95,29.6,27.94,9870,28245775.8,5.75,0.35,0.1,1.52
2010-11-19,002215,29.3,29.53,29.55,28.33,11376,32996392.5,4.21,2.0,0.58,1.76
2010-11-22,002215,29.58,30.49,31.0,29.21,9475,28840159.6,6.06,3.25,0.96,1.46
2010-11-23,002215,30.5,30.09,30.6,29.2,7493,22435348.8,4.59,-1.31,-0.4,1.16
2010-11-24,002215,29.9,30.68,30.95,29.75,8257,25057807.7,3.99,1.96,0.59,1.28
2010-11-25,002215,30.71,30.51,31.86,30.25,8598,26643227.3,5.25,-0.55,-0.17,1.33
2010-11-26,002215,30.3,31.78,31.78,30.3,12183,38065603.2,4.85,4.16,1.27,1.88
2010-11-29,002215,31.8,31.8,32.35,31.21,12596,40172612.2,3.59,0.06,0.02,1.95
2010-11-30,002215,31.66,31.79,32.48,29.75,10672,33204366.1,8.58,-0.03,-0.01,1.65
2010-12-01,002215,31.3,31.35,31.75,30.7,8735,27088469.9,3.3,-1.38,-0.44,1.35
2010-12-02,002215,31.54,31.24,31.78,31.0,7387,23181704.5,2.49,-0.35,-0.11,1.14
2010-12-03,002215,31.2,30.63,31.38,30.5,6153,18982435.6,2.82,-1.95,-0.61,0.95
2010-12-06,002215,30.59,30.44,30.61,30.11,5221,15831256.6,1.63,-0.62,-0.19,0.81
2010-12-07,002215,30.27,30.97,31.19,29.9,5009,15208811.8,4.24,1.74,0.53,0.77
2010-12-08,002215,30.97,31.24,31.59,30.97,5389,16843211.5,2.0,0.87,0.27,0.83
2010-12-09,002215,30.91,30.99,31.9,30.91,17639,55581682.6,3.17,-0.8,-0.25,2.73
2010-12-10,002215,30.52,31.3,31.87,30.11,9038,28124373.5,5.68,1.0,0.31,1.4
2010-12-13,002215,31.35,32.39,32.71,31.3,16178,52089398.2,4.5,3.48,1.09,2.5
2010-12-14,002215,32.76,33.32,33.34,32.46,14378,47545940.9,2.72,2.87,0.93,2.22
2010-12-15,002215,33.33,34.16,34.3,33.04,25746,86978317.9,3.78,2.52,0.84,3.98
2010-12-17,002215,33.9,35.3,36.5,33.9,23388,83091029.2,7.61,3.34,1.14,3.61
2010-12-20,002215,35.9,34.29,35.9,33.73,16009,55486010.0,6.15,-2.86,-1.01,2.47
2010-12-21,002215,34.46,34.82,36.29,34.46,14455,51230756.6,5.34,1.55,0.53,2.23
2010-12-22,002215,34.85,34.37,35.3,34.2,12039,41826377.5,3.16,-1.29,-0.45,1.86
2010-12-23,002215,34.2,33.43,34.6,33.41,7146,24318231.6,3.46,-2.73,-0.94,1.1
2010-12-24,002215,33.47,32.25,33.8,31.9,8470,27548394.2,5.68,-3.53,-1.18,1.31
2010-12-27,002215,32.21,31.47,33.23,31.33,9940,32266389.0,5.89,-2.42,-0.78,1.54
2010-12-28,002215,31.58,31.92,32.25,31.1,7021,22189596.8,3.65,1.43,0.45,1.08
2010-12-29,002215,31.5,32.88,33.0,31.5,9335,30216837.3,4.7,3.01,0.96,1.44
2010-12-30,002215,33.0,34.4,34.45,32.52,12265,41577466.5,5.87,4.62,1.52,1.89
2010-12-31,002215,34.41,34.89,35.0,33.96,10919,37674905.6,3.02,1.42,0.49,1.69
2011-01-04,002215,34.33,34.0,34.98,33.8,12076,41099212.8,3.38,-2.55,-0.89,1.87
2011-01-05,002215,33.98,33.8,34.35,33.51,4979,16873959.1,2.47,-0.59,-0.2,0.77
2011-01-06,002215,33.81,33.68,34.09,33.6,3806,12878424.4,1.45,-0.36,-0.12,0.59
2011-01-07,002215,33.9,33.05,33.9,32.5,9645,32020095.4,4.16,-1.87,-0.63,1.49
2011-01-10,002215,33.03,31.49,33.03,30.98,15991,50518314.2,6.2,-4.72,-1.56,2.47
2011-01-11,002215,30.88,30.89,31.87,30.0,18281,56283615.6,5.94,-1.91,-0.6,2.82
2011-01-12,002215,30.95,32.04,32.1,30.7,5171,16245899.6,4.53,3.72,1.15,0.8
2011-01-13,002215,32.4,31.5,32.4,31.1,3943,12481990.4,4.06,-1.69,-0.54,0.61
2011-01-14,002215,31.16,29.85,31.4,29.85,7372,22370088.7,4.92,-5.24,-1.65,1.14
2011-01-17,002215,30.5,28.66,30.5,27.7,12778,36413403.2,9.38,-3.99,-1.19,1.97
2011-01-18,002215,27.9,28.07,28.64,27.5,5163,14502812.8,3.98,-2.06,-0.59,0.8
2011-01-19,002215,28.26,28.2,28.3,27.79,11841,33171336.8,1.82,0.46,0.13,1.83
2011-01-20,002215,28.2,26.6,28.24,26.0,15126,41122386.7,7.94,-5.67,-1.6,2.34
2011-01-21,002215,26.02,25.8,27.23,25.4,19078,49625646.5,6.88,-3.01,-0.8,2.95
2011-01-24,002215,25.61,24.09,25.8,24.08,19736,48659322.4,6.67,-6.63,-1.71,3.05
2011-01-25,002215,24.11,23.81,24.11,23.36,13135,31287734.1,3.11,-1.16,-0.28,2.03
2011-01-26,002215,24.08,25.81,25.85,24.08,20012,50074947.3,7.43,8.4,2.0,3.09
2011-01-27,002215,25.79,25.99,26.6,25.05,10778,27901641.6,6.01,0.7,0.18,1.67
2011-01-28,002215,25.9,26.35,26.78,25.73,9260,24220826.6,4.04,1.39,0.36,1.43
2011-01-31,002215,25.5,26.85,27.1,25.5,6817,18190397.5,6.07,1.9,0.5,1.05
2011-02-01,002215,26.88,26.59,27.05,26.4,4777,12758404.6,2.42,-0.97,-0.26,0.74
2011-02-09,002215,26.5,27.03,27.29,25.83,6592,17775170.1,5.49,1.65,0.44,1.02
2011-02-10,002215,27.18,28.77,29.5,27.18,16758,48238262.1,8.58,6.44,1.74,2.59
2011-02-14,002215,28.6,28.54,29.0,27.82,14894,42306083.5,4.1,-0.8,-0.23,2.3
2011-02-15,002215,28.29,27.9,28.7,27.9,11451,32339030.2,2.8,-2.24,-0.64,1.77
2011-02-16,002215,27.9,28.12,28.28,27.88,6548,18400173.3,1.43,0.79,0.22,1.01
2011-02-17,002215,28.05,27.9,28.05,27.27,12602,34795935.3,2.77,-0.78,-0.22,1.95
2011-02-18,002215,27.71,28.8,29.35,27.65,15501,44433745.1,6.09,3.23,0.9,1.53
2011-02-21,002215,28.66,30.74,31.68,28.25,22694,69142471.5,11.91,6.74,1.94,2.24
2011-02-22,002215,30.7,31.65,33.0,30.68,33562,107313825.9,7.55,2.96,0.91,3.31
2011-02-23,002215,31.5,31.2,32.06,30.8,10037,31482110.2,3.98,-1.42,-0.45,0.99
2011-02-24,002215,30.9,31.0,31.78,30.8,11536,35992302.8,3.14,-0.64,-0.2,1.14
2011-02-25,002215,31.0,30.5,31.3,30.0,8139,24870908.1,4.19,-1.61,-0.5,0.8
2011-02-28,002215,30.47,31.79,32.12,30.47,16338,51685596.4,5.41,4.23,1.29,1.61
2011-03-01,002215,32.0,31.52,32.09,31.15,13911,43884996.4,2.96,-0.85,-0.27,1.37
2011-03-02,002215,31.52,32.09,32.25,31.18,9470,30053648.4,3.39,1.81,0.57,0.93
2011-03-03,002215,32.21,30.5,32.21,30.0,12823,39824828.3,6.89,-4.95,-1.59,1.27
2011-03-04,002215,30.5,29.5,30.97,29.4,19629,58290893.4,5.15,-3.28,-1.0,1.94
2011-03-07,002215,29.5,29.82,29.98,29.03,23570,69336770.6,3.22,1.08,0.32,2.33
2011-03-08,002215,29.63,30.21,30.39,29.4,9374,28114247.6,3.32,1.31,0.39,0.93
2011-03-09,002215,30.0,29.8,30.35,29.45,9219,27571340.3,2.98,-1.36,-0.41,0.91
2011-03-10,002215,29.51,31.17,31.5,29.5,18370,56756368.4,6.71,4.6,1.37,1.81
2011-03-11,002215,31.0,31.2,31.48,30.84,18296,57015705.2,2.05,0.1,0.03,1.81
2011-03-14,002215,31.1,31.7,31.99,31.0,10267,32298627.5,3.17,1.6,0.5,1.01
2011-03-15,002215,31.57,30.25,31.67,30.01,10698,32974578.8,5.24,-4.57,-1.45,0.77
2011-03-16,002215,30.39,31.3,31.6,30.39,11829,37003310.6,4.0,3.47,1.05,0.85
2011-03-17,002215,31.29,32.0,32.95,30.88,30581,99048929.3,6.61,2.24,0.7,2.21
2011-03-18,002215,31.98,31.65,32.88,31.6,27516,89177959.0,4.0,-1.09,-0.35,1.77
2011-03-21,002215,31.4,30.6,32.0,30.59,9038,28106951.0,4.45,-3.32,-1.05,0.58
2011-03-22,002215,31.0,30.35,31.0,29.95,7965,24103022.9,3.43,-0.82,-0.25,0.51
2011-03-23,002215,30.25,29.7,30.65,29.46,12189,36599465.1,3.92,-2.14,-0.65,0.78
2011-03-24,002215,29.7,30.08,30.22,27.5,27796,81010111.5,9.16,1.28,0.38,1.78
2011-03-25,002215,29.51,29.23,29.68,29.0,15702,45987675.2,2.26,-2.83,-0.85,1.01
2011-03-28,002215,29.26,28.69,29.6,28.68,15465,45100653.9,3.15,-1.85,-0.54,0.99
2011-03-29,002215,28.55,28.0,29.04,27.75,11740,32968770.3,4.5,-2.41,-0.69,0.75
2011-03-30,002215,28.0,27.48,28.13,27.4,17031,47166806.2,2.61,-1.86,-0.52,1.09
2011-03-31,002215,27.53,27.48,27.8,27.12,7199,19772578.7,2.47,0.0,0.0,0.46
2011-04-01,002215,27.6,28.23,28.27,27.59,18878,52968089.1,2.47,2.73,0.75,1.21
2011-04-06,002215,28.26,27.4,28.56,27.2,13212,36561740.4,4.82,-2.94,-0.83,0.85
2011-04-07,002215,27.4,27.0,27.57,26.47,16807,45214873.6,4.01,-1.46,-0.4,1.08
2011-04-08,002215,27.25,27.39,28.12,27.06,22713,62540318.2,3.93,1.44,0.39,1.46
2011-04-11,002215,27.8,28.1,28.8,27.39,31189,87796377.8,5.15,2.59,0.71,2.0
2011-04-12,002215,28.2,29.14,29.34,28.1,27503,79923754.6,4.41,3.7,1.04,1.76
2011-04-13,002215,29.2,29.25,30.18,29.1,23754,70291471.1,3.71,0.38,0.11,1.52
2011-04-14,002215,29.51,28.99,29.8,28.8,21900,63930565.8,3.42,-0.89,-0.26,1.4
2011-04-15,002215,29.2,28.8,29.48,28.49,16330,46821380.7,3.41,-0.66,-0.19,1.05
2011-04-18,002215,28.6,29.2,29.34,28.28,19657,56611082.0,3.68,1.39,0.4,1.26
2011-04-19,002215,29.0,29.65,29.72,28.67,14199,41589195.6,3.6,1.54,0.45,0.91
2011-04-20,002215,29.52,29.88,30.08,29.51,18018,53881386.5,1.92,0.78,0.23,1.16
2011-04-21,002215,30.35,29.54,30.35,29.4,11657,34584129.9,3.18,-1.14,-0.34,0.75
2011-04-22,002215,29.54,29.16,29.66,29.03,8112,23756003.2,2.13,-1.29,-0.38,0.52
2011-04-25,002215,29.1,28.0,29.45,27.9,10469,29899048.4,5.32,-3.98,-1.16,0.67
2011-04-26,002215,28.0,27.0,28.2,26.9,24221,65863092.5,4.64,-3.57,-1.0,1.55
2011-04-27,002215,27.05,27.19,27.44,26.96,6948,18870708.0,1.78,0.7,0.19,0.45
2011-04-29,002215,26.89,27.19,27.2,26.06,12951,34779559.0,4.19,0.0,0.0,0.83
2011-05-03,002215,27.22,27.57,27.58,26.82,6060,16508490.7,2.8,1.4,0.38,0.39
2011-05-04,002215,27.47,27.03,27.79,27.0,8156,22192802.3,2.87,-1.96,-0.54,0.52
2011-05-05,002215,26.76,26.97,27.29,26.53,6367,17027910.5,2.81,-0.22,-0.06,0.41
2011-05-06,002215,26.8,26.98,27.23,26.68,7199,19448471.0,2.04,0.04,0.01,0.46
2011-05-09,002215,27.02,27.25,27.3,27.0,5586,15191138.3,1.11,1.0,0.27,0.36
2011-05-10,002215,27.32,27.3,27.45,27.21,7635,20845879.1,0.88,0.18,0.05,0.49
2011-05-11,002215,27.38,27.47,27.59,27.17,9936,27253184.1,1.54,0.62,0.17,0.64
2011-05-12,002215,27.33,26.92,27.33,26.88,7466,20187732.0,1.64,-2.0,-0.55,0.48
2011-05-13,002215,26.7,27.08,27.09,26.55,5864,15737709.4,2.01,0.59,0.16,0.38
2011-05-16,002215,27.19,26.87,27.25,26.66,5959,16012593.1,2.18,-0.78,-0.21,0.38
2011-05-17,002215,26.71,26.81,27.0,26.25,7885,20980756.7,2.79,-0.22,-0.06,0.51
2011-05-18,002215,26.87,26.82,26.87,26.56,5624,15008502.0,1.16,0.04,0.01,0.36
2011-05-19,002215,26.82,26.8,26.96,26.59,5300,14174814.6,1.38,-0.07,-0.02,0.34
2011-05-20,002215,26.65,26.0,26.8,26.0,6516,17122417.2,2.99,-2.99,-0.8,0.42
2011-05-23,002215,25.81,24.93,25.81,24.45,14947,37211250.5,5.23,-4.12,-1.07,0.96
2011-05-24,002215,24.93,24.77,25.0,24.64,5406,13418510.0,1.44,-0.64,-0.16,0.35
2011-05-25,002215,24.85,25.0,25.1,24.64,5844,14586425.0,1.86,0.93,0.23,0.37
2011-05-26,002215,25.0,24.93,25.35,24.68,3046,7601219.9,2.68,-0.28,-0.07,0.2
2011-05-27,002215,24.87,24.5,24.99,24.21,5025,12289594.9,3.13,-1.72,-0.43,0.32
2011-05-30,002215,24.5,23.39,24.5,23.26,12039,28531428.5,5.06,-4.53,-1.11,0.77
2011-05-31,002215,23.35,23.81,23.9,23.21,7012,16453685.0,2.95,1.8,0.42,0.45
2011-06-01,002215,23.81,24.39,24.58,23.51,5957,14361973.6,4.49,2.44,0.58,0.38
2011-06-02,002215,24.1,23.92,24.1,23.61,3913,9323828.9,2.01,-1.93,-0.47,0.25
2011-06-03,002215,23.98,24.18,24.34,23.9,5657,13676163.0,1.84,1.09,0.26,0.36
2011-06-07,002215,24.64,24.34,24.68,24.26,5941,14548569.5,1.74,0.66,0.16,0.38
2011-06-09,002215,24.78,24.01,24.98,24.0,5793,14107583.4,4.03,-1.36,-0.33,0.37
2011-06-10,002215,24.0,24.47,24.49,24.0,6024,14572064.9,2.04,1.92,0.46,0.39
2011-06-13,002215,15.17,15.47,15.53,14.5,8982,13689828.4,4.21,-36.78,-9.0,0.36
2011-06-14,002215,15.4,15.8,16.14,15.4,25465,40475363.1,4.78,2.13,0.33,1.02
2011-06-15,002215,15.8,15.88,16.62,15.8,24386,39715004.6,5.19,0.51,0.08,0.98
2011-06-16,002215,15.72,15.37,15.95,15.3,8659,13511337.7,4.09,-3.21,-0.51,0.35
2011-06-17,002215,15.18,15.24,15.58,14.93,6295,9605829.3,4.23,-0.85,-0.13,0.25
2011-06-20,002215,15.24,14.88,15.24,14.58,7197,10650855.6,4.33,-2.36,-0.36,0.29
2011-06-21,002215,14.68,14.88,15.09,14.58,9304,13720753.5,3.43,0.0,0.0,0.37
2011-06-22,002215,14.88,14.85,14.89,14.63,10333,15218067.8,1.75,-0.2,-0.03,0.41
2011-06-23,002215,14.84,15.13,15.13,14.61,12594,18778460.1,3.5,1.89,0.28,0.5
2011-06-24,002215,15.1,15.6,15.62,15.0,29940,46335565.2,4.1,3.11,0.47,1.2
2011-06-27,002215,15.6,16.15,16.37,15.42,27934,44370679.9,6.09,3.53,0.55,1.12
2011-06-28,002215,16.13,15.84,16.13,15.6,22797,35961575.0,3.28,-1.92,-0.31,0.91
2011-06-29,002215,15.86,15.59,15.93,15.44,17753,27753651.8,3.09,-1.58,-0.25,0.71
2011-06-30,002215,15.68,15.95,15.96,15.49,29561,46532534.2,3.01,2.31,0.36,1.19
2011-07-01,002215,16.1,16.17,16.38,15.99,31125,50521162.8,2.45,1.38,0.22,1.25
2011-07-04,002215,16.11,16.5,16.65,16.11,28964,47711526.0,3.34,2.04,0.33,1.16
2011-07-05,002215,16.75,16.46,16.88,16.38,20587,34213907.3,3.03,-0.24,-0.04,0.83
2011-07-06,002215,16.41,16.59,16.61,16.31,24021,39499605.6,1.82,0.79,0.13,0.96
2011-07-07,002215,16.65,16.95,17.1,16.6,48151,81389725.4,3.01,2.17,0.36,1.93
2011-07-08,002215,16.89,16.95,17.06,16.64,23560,39683500.5,2.48,0.0,0.0,0.94
2011-07-11,002215,16.85,16.84,16.92,16.61,18183,30477656.6,1.83,-0.65,-0.11,0.73
2011-07-12,002215,16.69,16.48,16.79,16.42,18095,29962031.8,2.2,-2.14,-0.36,0.73
2011-07-13,002215,16.48,16.84,16.92,16.48,15748,26454484.5,2.67,2.18,0.36,0.63
2011-07-14,002215,17.39,16.93,17.39,16.72,25766,43765840.1,3.98,0.53,0.09,1.03
2011-07-15,002215,16.92,17.02,17.12,16.8,16084,27259930.1,1.89,0.53,0.09,0.64
2011-07-18,002215,17.0,16.7,17.1,16.61,26057,43916438.3,2.88,-1.88,-0.32,1.04
2011-07-19,002215,16.5,16.0,16.75,15.96,39049,63030615.3,4.73,-4.19,-0.7,1.57
2011-07-20,002215,16.08,16.22,16.4,16.0,24436,39602016.4,2.5,1.38,0.22,0.98
2011-07-21,002215,16.3,16.02,16.31,16.0,10170,16358702.4,1.91,-1.23,-0.2,0.41
2011-07-22,002215,16.1,15.95,16.13,15.88,12403,19850283.9,1.56,-0.44,-0.07,0.5
2011-07-25,002215,15.96,15.23,15.96,15.2,16961,26275244.4,4.76,-4.51,-0.72,0.68
2011-07-26,002215,15.22,15.2,15.33,14.98,12411,18813008.7,2.3,-0.2,-0.03,0.5
2011-07-27,002215,15.72,16.72,16.72,15.72,100280,164629590.1,6.58,10.0,1.52,4.02
2011-07-28,002215,16.27,16.29,16.46,15.92,67016,108654964.4,3.23,-2.57,-0.43,2.69
2011-07-29,002215,16.12,15.72,16.27,15.67,32358,51413829.0,3.68,-3.5,-0.57,1.3
2011-08-01,002215,15.64,15.76,15.98,15.32,21512,33782228.8,4.2,0.25,0.04,0.86
2011-08-02,002215,15.6,15.3,15.64,14.98,27286,41571470.2,4.19,-2.92,-0.46,1.09
2011-08-03,002215,15.19,15.36,15.49,14.99,21312,32479790.7,3.27,0.39,0.06,0.85
2011-08-04,002215,15.36,15.38,15.47,15.2,14383,22089450.1,1.76,0.13,0.02,0.58
2011-08-05,002215,14.61,15.08,15.13,14.61,18708,28052055.2,3.38,-1.95,-0.3,0.75
2011-08-08,002215,14.85,14.31,15.08,14.03,19046,27759815.0,6.96,-5.11,-0.77,0.76
2011-08-09,002215,13.85,14.47,14.55,13.61,19973,28100850.8,6.57,1.12,0.16,0.8
2011-08-10,002215,14.74,14.65,15.22,14.58,27336,40770845.4,4.42,1.24,0.18,1.1
2011-08-11,002215,14.45,14.77,14.89,14.26,17872,26116615.2,4.3,0.82,0.12,0.72
2011-08-12,002215,14.91,15.0,15.27,14.82,24506,36867127.0,3.05,1.56,0.23,0.98
2011-08-15,002215,15.2,15.19,15.23,14.91,22401,33815154.0,2.13,1.27,0.19,0.9
2011-08-16,002215,15.2,15.19,15.24,15.01,16087,24344766.0,1.51,0.0,0.0,0.65
2011-08-17,002215,15.06,15.32,15.55,14.91,24923,38081140.0,4.21,0.86,0.13,1.0
2011-08-18,002215,15.29,14.8,15.29,14.75,20401,30536842.0,3.52,-3.39,-0.52,0.82
2011-08-19,002215,14.39,14.5,14.61,14.33,10321,14931356.0,1.89,-2.03,-0.3,0.41
2011-08-22,002215,14.49,14.58,15.0,14.49,7933,11646017.0,3.52,0.55,0.08,0.32
2011-08-23,002215,14.77,14.83,14.87,14.59,7818,11506382.0,1.92,1.71,0.25,0.31
2011-08-24,002215,14.95,14.88,15.03,14.8,14170,21156603.0,1.55,0.34,0.05,0.57
2011-08-25,002215,14.95,15.25,15.28,14.86,23383,35282351.0,2.82,2.49,0.37,0.94
2011-08-29,002215,15.1,15.41,15.55,15.0,21807,33490925.0,3.61,1.05,0.16,0.87
2011-08-30,002215,15.41,15.1,15.58,15.1,19211,29534625.0,3.11,-2.01,-0.31,0.77
2011-08-31,002215,15.13,14.99,15.21,14.8,8956,13418713.0,2.72,-0.73,-0.11,0.36
2011-09-01,002215,14.86,14.75,15.14,14.5,11624,17159343.0,4.27,-1.6,-0.24,0.47
2011-09-02,002215,14.72,14.58,14.79,14.43,6178,9011168.0,2.44,-1.15,-0.17,0.25
2011-09-05,002215,14.63,14.39,14.8,14.39,12593,18377566.0,2.81,-1.3,-0.19,0.5
2011-09-06,002215,14.31,14.13,14.55,14.1,9589,13643840.0,3.13,-1.81,-0.26,0.38
2011-09-07,002215,14.4,14.71,14.72,14.18,12143,17567296.0,3.82,4.1,0.58,0.49
2011-09-08,002215,14.71,14.57,14.89,14.56,7646,11245487.0,2.24,-0.95,-0.14,0.31
2011-09-09,002215,14.45,14.33,14.68,14.18,9992,14323292.0,3.43,-1.65,-0.24,0.4
2011-09-13,002215,14.05,13.82,14.1,13.71,10652,14779116.0,2.72,-3.56,-0.51,0.43
2011-09-14,002215,13.84,13.96,14.18,13.56,10146,13993606.0,4.49,1.01,0.14,0.41
2011-09-15,002215,14.0,14.02,14.28,13.92,21772,30632282.0,2.58,0.43,0.06,0.87
2011-09-16,002215,14.07,13.89,14.13,13.88,12750,17898162.0,1.78,-0.93,-0.13,0.51
2011-09-19,002215,13.79,13.55,13.88,13.5,7290,9982722.0,2.74,-2.45,-0.34,0.29
2011-09-20,002215,13.41,13.6,13.73,13.4,8812,11937800.0,2.44,0.37,0.05,0.35
2011-09-21,002215,13.69,13.99,14.04,13.47,13123,18136849.0,4.19,2.87,0.39,0.53
2011-09-22,002215,13.88,13.6,13.88,13.39,32556,44220648.0,3.5,-2.79,-0.39,1.31
2011-09-23,002215,13.3,13.28,13.5,13.08,22272,29471305.0,3.09,-2.35,-0.32,0.89
2011-09-26,002215,13.25,12.97,13.39,12.85,12945,16910691.0,4.07,-2.33,-0.31,0.52
2011-09-27,002215,13.14,12.96,13.14,12.81,8993,11659701.0,2.54,-0.08,-0.01,0.36
2011-09-28,002215,13.14,12.71,13.14,12.65,13612,17565242.0,3.78,-1.93,-0.25,0.55
2011-09-29,002215,12.56,12.13,12.71,12.13,15344,18874654.0,4.56,-4.56,-0.58,0.62
2011-09-30,002215,12.28,11.96,12.3,11.91,9416,11306681.0,3.22,-1.4,-0.17,0.38
2011-10-10,002215,12.1,12.02,12.23,11.95,6608,7969833.0,2.34,0.5,0.06,0.26
2011-10-11,002215,12.37,11.99,12.49,11.9,7822,9532363.0,4.91,-0.25,-0.03,0.31
2011-10-12,002215,12.05,12.41,12.48,11.85,14220,17485074.0,5.25,3.5,0.42,0.57
2011-10-13,002215,12.41,12.49,12.58,12.4,17405,21722170.0,1.45,0.64,0.08,0.7
2011-10-14,002215,12.51,12.6,12.82,12.4,21593,27251768.0,3.36,0.88,0.11,0.87
2011-10-17,002215,12.7,12.5,12.8,12.41,26161,32995513.0,3.1,-0.79,-0.1,1.05
2011-10-18,002215,12.5,11.9,12.5,11.89,14742,17911727.0,4.88,-4.8,-0.6,0.59
2011-10-19,002215,11.9,11.77,12.03,11.74,14261,16882784.0,2.44,-1.09,-0.13,0.57
2011-10-20,002215,11.7,11.33,11.75,11.25,13497,15354933.0,4.25,-3.74,-0.44,0.54
2011-10-21,002215,11.35,11.17,11.4,10.8,16307,18087676.0,5.3,-1.41,-0.16,0.65
2011-10-24,002215,10.82,10.32,10.9,10.05,51999,53266914.0,7.61,-7.61,-0.85,2.08
2011-10-25,002215,10.1,10.5,10.55,10.1,42697,44362447.0,4.36,1.74,0.18,1.71
2011-10-26,002215,10.39,10.66,10.71,10.35,44425,46947369.0,3.43,1.52,0.16,1.78
2011-10-27,002215,10.69,10.62,10.79,10.55,32945,35137173.0,2.25,-0.38,-0.04,1.32
2011-10-28,002215,10.71,10.95,10.96,10.6,39585,42568803.0,3.39,3.11,0.33,1.59
2011-10-31,002215,10.95,11.15,11.21,10.81,30995,34064305.0,3.65,1.83,0.2,1.24
2011-11-01,002215,10.98,11.05,11.2,10.89,23733,26182090.0,2.78,-0.9,-0.1,0.95
2011-11-02,002215,10.8,11.33,11.33,10.62,43627,47750434.0,6.43,2.53,0.28,1.75
2011-11-03,002215,11.35,11.49,11.85,11.3,77125,89081892.0,4.85,1.41,0.16,3.09
2011-11-04,002215,11.52,11.77,11.8,11.47,40319,47034525.0,2.87,2.44,0.28,1.62
2011-11-07,002215,11.56,11.9,12.2,11.56,64512,75796991.0,5.44,1.1,0.13,2.59
2011-11-08,002215,11.78,11.67,12.06,11.6,36545,43223497.0,3.87,-1.93,-0.23,1.47
2011-11-09,002215,11.66,12.16,12.19,11.64,87950,104870688.0,4.71,4.2,0.49,3.53
2011-11-11,002215,12.12,12.52,13.05,11.84,139901,174022597.0,9.95,2.96,0.36,5.61
2011-11-14,002215,12.48,13.25,13.5,12.3,140454,179965081.0,9.58,5.83,0.73,5.63
2011-11-15,002215,13.3,13.44,13.98,13.0,190031,253417400.0,7.4,1.43,0.19,7.62
2011-11-16,002215,13.5,13.37,13.88,13.07,137006,183348982.0,6.03,-0.52,-0.07,5.49
2011-11-17,002215,13.45,13.32,13.58,13.06,91912,122206658.0,3.89,-0.37,-0.05,3.69
2011-11-18,002215,13.24,13.2,13.36,12.62,94655,123470045.0,5.56,-0.9,-0.12,3.8
2011-11-21,002215,13.29,13.76,13.87,12.88,161085,216783602.0,7.5,4.24,0.56,6.46
2011-11-22,002215,13.7,13.89,14.08,13.38,225270,312522496.0,5.09,0.94,0.13,9.03
2011-11-23,002215,14.02,13.94,14.25,13.52,232627,322395120.0,5.26,0.36,0.05,9.33
2011-11-24,002215,13.7,14.12,14.4,13.4,222207,310388656.0,7.17,1.29,0.18,8.91
2011-11-25,002215,14.24,13.87,14.36,13.63,205662,285484928.0,5.17,-1.77,-0.25,8.25
2011-11-28,002215,13.78,13.54,13.78,12.65,176107,235512353.0,8.15,-2.38,-0.33,7.06
2011-11-29,002215,13.65,13.45,13.98,13.11,175014,234761223.0,6.43,-0.66,-0.09,7.02
2011-11-30,002215,13.55,12.88,13.55,12.51,119955,154609039.0,7.73,-4.24,-0.57,4.81
2011-12-01,002215,13.23,12.7,13.48,12.68,119832,154567409.0,6.21,-1.4,-0.18,4.8
2011-12-02,002215,12.36,11.43,12.36,11.43,89930,105721147.0,7.32,-10.0,-1.27,3.61
2011-12-05,002215,11.4,10.47,11.4,10.47,59461,64141014.0,8.14,-8.4,-0.96,2.38
2011-12-06,002215,10.38,10.8,10.88,10.25,51223,54616238.0,6.02,3.15,0.33,2.05
2011-12-07,002215,10.8,10.64,10.85,10.51,28437,30321908.0,3.15,-1.48,-0.16,1.14
2011-12-08,002215,10.52,10.69,10.85,10.42,38541,41141943.0,4.04,0.47,0.05,1.55
2011-12-09,002215,10.54,10.51,10.74,10.43,24235,25598209.0,2.9,-1.68,-0.18,0.97
2011-12-12,002215,10.55,10.24,10.55,10.23,23713,24547647.0,3.04,-2.57,-0.27,0.95
2011-12-13,002215,10.13,9.54,10.21,9.49,39958,38832011.0,7.03,-6.84,-0.7,1.6
2011-12-14,002215,9.5,9.26,9.71,9.2,29431,27803890.0,5.35,-2.94,-0.28,1.18
2011-12-15,002215,9.25,8.95,9.25,8.91,36552,33147551.0,3.67,-3.35,-0.31,1.47
2011-12-16,002215,8.96,9.35,9.38,8.9,35661,32634257.0,5.36,4.47,0.4,1.43
2011-12-19,002215,9.29,9.27,9.34,8.96,31506,28876254.0,4.06,-0.86,-0.08,1.26
2011-12-20,002215,9.26,9.14,9.39,9.14,31006,28788571.0,2.7,-1.4,-0.13,1.24
2011-12-21,002215,9.26,8.82,9.36,8.82,27884,25433487.0,5.91,-3.5,-0.32,1.12
2011-12-22,002215,8.51,8.46,8.66,8.12,38226,32125244.0,6.12,-4.08,-0.36,1.53
2011-12-23,002215,8.4,8.5,8.64,8.32,25698,21877224.0,3.78,0.47,0.04,1.03
2011-12-26,002215,8.46,8.56,8.68,8.41,17972,15400527.0,3.18,0.71,0.06,0.72
2011-12-27,002215,8.54,8.14,8.55,8.12,22773,18870440.0,5.02,-4.91,-0.42,0.91
2011-12-29,002215,8.1,8.13,8.25,8.06,15817,12915026.0,2.33,-0.12,-0.01,0.63
2011-12-30,002215,8.13,8.3,8.37,8.11,30818,25509936.0,3.2,2.09,0.17,1.24
2012-01-04,002215,8.36,8.27,8.53,8.26,27556,23135984.0,3.25,-0.36,-0.03,1.1
2012-01-05,002215,8.19,7.8,8.19,7.78,22007,17478632.0,4.96,-5.68,-0.47,0.88
2012-01-06,002215,7.85,7.81,7.9,7.55,19041,14627228.0,4.49,0.13,0.01,0.76
2012-01-09,002215,7.72,8.31,8.33,7.72,33520,27078103.0,7.81,6.4,0.5,1.34
2012-01-10,002215,8.3,8.71,8.8,8.2,43781,37497104.0,7.22,4.81,0.4,1.76
2012-01-11,002215,8.6,8.51,8.64,8.41,64110,54558030.0,2.64,-2.3,-0.2,2.57
2012-01-12,002215,8.47,8.44,8.67,8.41,34442,29343848.0,3.06,-0.82,-0.07,1.38
2012-01-16,002215,7.97,7.61,7.97,7.6,45653,35298510.0,4.38,-9.83,-0.83,1.83
2012-01-17,002215,7.61,7.93,8.04,7.56,31708,24829831.0,6.31,4.2,0.32,1.27
2012-01-18,002215,7.95,7.75,8.09,7.73,26218,20804195.0,4.54,-2.27,-0.18,1.05
2012-01-19,002215,7.76,7.83,7.9,7.7,20307,15834237.0,2.58,1.03,0.08,0.81
2012-01-20,002215,7.83,8.0,8.0,7.8,21201,16775938.0,2.55,2.17,0.17,0.85
2012-01-30,002215,8.01,8.05,8.17,7.94,23899,19284659.0,2.88,0.63,0.05,0.96
2012-01-31,002215,8.02,7.99,8.08,7.9,16950,13487528.0,2.24,-0.75,-0.06,0.68
2012-02-01,002215,7.95,7.95,8.05,7.9,17884,14305325.0,1.88,-0.5,-0.04,0.72
2012-02-02,002215,7.99,8.75,8.75,7.99,81890,69016228.0,9.56,10.06,0.8,3.28
2012-02-03,002215,8.87,9.55,9.63,8.87,189152,177549988.0,8.69,9.14,0.8,7.58
2012-02-07,002215,9.25,9.19,9.3,9.03,97468,89233825.0,2.83,-3.77,-0.36,3.91
2012-02-08,002215,9.09,9.29,9.32,9.08,75270,69339836.0,2.61,1.09,0.1,3.02
2012-02-09,002215,9.28,9.25,9.57,9.23,79218,74455553.0,3.66,-0.43,-0.04,3.18
2012-02-10,002215,9.23,9.51,9.6,9.1,75984,71660771.0,5.41,2.81,0.26,3.05
2012-02-13,002215,9.4,9.66,9.94,9.3,83143,80488836.0,6.73,1.58,0.15,3.33
2012-02-14,002215,9.59,9.43,9.77,9.36,58731,55697061.0,4.24,-2.38,-0.23,2.35
2012-02-15,002215,9.43,9.58,9.63,9.34,52472,49921584.0,3.08,1.59,0.15,2.1
2012-02-16,002215,9.58,9.8,9.88,9.43,85025,82502801.0,4.7,2.3,0.22,3.41
2012-02-17,002215,9.65,9.62,9.87,9.51,50675,48915117.0,3.67,-1.84,-0.18,2.03
2012-02-20,002215,9.8,9.48,9.81,9.48,52893,50910885.0,3.43,-1.46,-0.14,2.12
2012-02-21,002215,9.4,9.6,9.6,9.31,47309,44673267.0,3.06,1.27,0.12,1.9
2012-02-22,002215,9.6,9.95,9.98,9.51,92215,90448376.0,4.9,3.65,0.35,3.7
2012-02-23,002215,9.96,9.94,10.19,9.76,89095,88877356.0,4.32,-0.1,-0.01,3.57
2012-02-24,002215,9.94,10.01,10.05,9.82,53178,52849731.0,2.31,0.7,0.07,2.13
2012-02-27,002215,10.04,10.02,10.22,9.99,71910,72598924.0,2.3,0.1,0.01,2.88
2012-02-28,002215,9.95,9.74,9.97,9.6,60953,59638079.0,3.69,-2.79,-0.28,2.44
2012-02-29,002215,9.69,9.67,9.78,9.55,34128,33039182.0,2.36,-0.72,-0.07,1.37
2012-03-01,002215,9.65,9.72,9.85,9.61,31772,30864516.0,2.48,0.52,0.05,1.27
2012-03-02,002215,9.74,9.88,9.92,9.72,47501,46771771.0,2.06,1.65,0.16,1.9
2012-03-05,002215,9.95,9.83,10.07,9.8,52971,52702281.0,2.73,-0.51,-0.05,2.12
2012-03-06,002215,9.85,9.52,9.85,9.49,59430,56912413.0,3.66,-3.15,-0.31,2.38
2012-03-07,002215,9.4,9.31,9.54,9.29,54617,51345550.0,2.63,-2.21,-0.21,2.19
2012-03-08,002215,9.38,9.48,9.51,9.32,40146,37916596.0,2.04,1.83,0.17,1.61
2012-03-09,002215,9.55,9.61,9.64,9.37,45739,43544472.0,2.85,1.37,0.13,1.79
2012-03-12,002215,9.66,9.58,9.72,9.5,55818,53599985.0,2.29,-0.31,-0.03,2.19
2012-03-13,002215,9.59,9.9,9.91,9.33,91878,88232831.0,6.05,3.34,0.32,3.6
2012-03-14,002215,9.96,9.46,10.19,9.33,129554,128300242.0,8.69,-4.44,-0.44,5.08
2012-03-15,002215,9.41,9.19,9.46,9.0,74747,68944743.0,4.86,-2.85,-0.27,2.93
2012-03-16,002215,9.19,9.35,9.37,9.06,40594,37516807.0,3.37,1.74,0.16,1.59
2012-03-19,002215,9.35,9.47,9.47,9.24,38534,36040866.0,2.46,1.28,0.12,1.51
2012-03-20,002215,9.45,9.13,9.45,9.1,34886,32175814.0,3.7,-3.59,-0.34,1.37
2012-03-21,002215,9.18,9.26,9.31,9.05,24368,22458696.0,2.85,1.42,0.13,0.95
2012-03-22,002215,9.29,9.16,9.3,9.08,21064,19310922.0,2.38,-1.08,-0.1,0.83
2012-03-23,002215,9.14,9.19,9.45,9.14,39036,36232569.0,3.38,0.33,0.03,1.53
2012-03-26,002215,9.25,9.13,9.25,9.06,21956,20107156.0,2.07,-0.65,-0.06,0.86
2012-03-27,002215,9.15,9.17,9.24,9.13,18123,16622540.0,1.2,0.44,0.04,0.71
2012-03-28,002215,9.17,8.81,9.17,8.61,46097,40696383.0,6.11,-3.93,-0.36,1.81
2012-03-29,002215,8.75,8.25,8.75,8.05,25713,21596811.0,7.95,-6.36,-0.56,1.01
2012-04-05,002215,8.1,8.38,8.42,8.1,33453,27819128.0,3.88,1.58,0.13,1.31
2012-04-06,002215,8.39,8.38,8.42,8.28,23126,19358144.0,1.67,0.0,0.0,0.91
2012-04-09,002215,8.36,8.13,8.36,8.11,19885,16370757.0,2.98,-2.98,-0.25,0.78
2012-04-10,002215,8.06,8.24,8.26,7.94,22718,18381284.0,3.94,1.35,0.11,0.89
2012-04-11,002215,8.17,8.2,8.25,8.1,18213,14893837.0,1.82,-0.49,-0.04,0.71
2012-04-12,002215,8.24,8.42,8.43,8.19,29070,24228502.0,2.93,2.68,0.22,1.14
2012-04-13,002215,8.58,9.26,9.26,8.58,127898,117669794.0,8.08,9.98,0.84,5.01
2012-04-16,002215,9.3,9.42,9.54,9.22,149303,140027548.0,3.46,1.73,0.16,5.85
2012-04-17,002215,9.3,9.06,9.32,9.02,65002,59360064.0,3.18,-3.82,-0.36,2.55
2012-04-18,002215,9.04,9.2,9.23,8.83,93549,84539253.0,4.42,1.55,0.14,3.67
2012-04-19,002215,9.08,9.01,9.1,8.9,72583,65318102.0,2.17,-2.07,-0.19,2.84
2012-04-20,002215,8.92,8.99,9.06,8.89,63527,57104198.0,1.89,-0.22,-0.02,2.49
2012-04-23,002215,8.99,8.71,9.08,8.7,59636,53221933.0,4.23,-3.11,-0.28,2.34
2012-04-24,002215,8.53,8.35,8.7,8.02,84561,70700509.0,7.81,-4.13,-0.36,3.31
2012-04-25,002215,8.35,8.41,8.46,8.16,47525,39543560.0,3.59,0.72,0.06,1.86
2012-04-26,002215,8.41,8.84,9.13,8.4,93930,82429336.0,8.68,5.11,0.43,3.68
2012-04-27,002215,8.78,8.58,8.84,8.54,43842,37902993.0,3.39,-2.94,-0.26,1.72
2012-05-02,002215,8.72,8.84,8.98,8.61,47750,42112719.0,4.31,3.03,0.26,1.87
2012-05-03,002215,8.85,8.94,9.05,8.83,43496,38879189.0,2.49,1.13,0.1,1.7
2012-05-04,002215,8.94,9.0,9.04,8.78,51054,45680137.0,2.91,0.67,0.06,2.0
2012-05-07,002215,8.9,8.91,8.95,8.7,50567,44657079.0,2.78,-1.0,-0.09,1.98
2012-05-08,002215,8.91,9.03,9.03,8.77,52668,46975736.0,2.92,1.35,0.12,2.06
2012-05-09,002215,8.93,8.75,8.93,8.75,38754,34200371.0,1.99,-3.1,-0.28,1.52
2012-05-10,002215,8.83,8.93,8.98,8.77,39261,34885042.0,2.4,2.06,0.18,1.54
2012-05-14,002215,9.09,8.76,9.15,8.73,52106,46650733.0,4.7,-1.9,-0.17,2.04
2012-05-15,002215,8.58,8.51,8.6,8.31,42308,35696929.0,3.31,-2.85,-0.25,1.66
2012-05-16,002215,8.49,8.36,8.55,8.33,20039,16911592.0,2.59,-1.76,-0.15,0.79
2012-05-17,002215,8.36,8.49,8.49,8.29,29145,24530927.0,2.39,1.56,0.13,1.14
2012-05-18,002215,8.41,8.29,8.53,8.21,26656,22372660.0,3.77,-2.36,-0.2,1.04
2012-05-21,002215,8.29,8.29,8.36,8.18,17157,14206160.0,2.17,0.0,0.0,0.67
2012-05-22,002215,8.35,8.47,8.47,8.34,27368,22979936.0,1.57,2.17,0.18,1.07
2012-05-24,002215,8.3,8.33,8.41,8.28,27962,23317461.0,1.53,-1.65,-0.14,1.1
2012-05-25,002215,8.33,8.18,8.4,8.15,21341,17676718.0,3.0,-1.8,-0.15,0.84
2012-05-28,002215,8.22,8.5,8.5,8.02,39146,32223766.0,5.87,3.91,0.32,1.53
2012-05-29,002215,8.62,8.6,8.65,8.43,49013,41910633.0,2.59,1.18,0.1,1.92
2012-05-30,002215,8.53,8.49,8.59,8.45,32375,27508959.0,1.63,-1.28,-0.11,1.27
2012-05-31,002215,8.52,8.54,8.64,8.43,34547,29494035.0,2.47,0.59,0.05,1.35
2012-06-01,002215,8.57,8.45,8.66,8.41,32858,28023928.0,2.93,-1.05,-0.09,1.29
2012-06-04,002215,8.24,8.07,8.31,8.07,34130,27914962.0,2.84,-4.5,-0.38,1.34
2012-06-05,002215,8.08,8.08,8.15,8.04,20022,16198864.0,1.36,0.12,0.01,0.78
2012-06-06,002215,8.13,8.16,8.17,8.05,18763,15213679.0,1.49,0.99,0.08,0.74
2012-06-07,002215,8.27,8.24,8.33,8.14,26004,21460075.0,2.33,0.98,0.08,1.02
2012-06-08,002215,8.27,8.23,8.35,8.16,17091,14097985.0,2.31,-0.12,-0.01,0.67
2012-06-11,002215,8.23,8.38,8.39,8.16,24335,20166144.0,2.79,1.82,0.15,0.95
2012-06-12,002215,8.3,8.29,8.35,8.25,15342,12742967.0,1.19,-1.07,-0.09,0.6
2012-06-13,002215,8.32,8.47,8.49,8.3,43932,37018416.0,2.29,2.17,0.18,1.72
2012-06-14,002215,8.5,8.5,8.68,8.47,65655,56211286.0,2.48,0.35,0.03,2.57
2012-06-15,002215,8.55,8.58,8.63,8.45,38252,32674704.0,2.12,0.94,0.08,1.5
2012-06-18,002215,8.45,8.4,8.52,8.33,35974,30290979.0,2.21,-2.1,-0.18,1.41
2012-06-19,002215,8.44,8.6,8.76,8.39,72390,62099156.0,4.4,2.38,0.2,2.84
2012-06-20,002215,8.63,8.51,8.75,8.45,49066,42207943.0,3.49,-1.05,-0.09,1.92
2012-06-21,002215,8.45,8.18,8.46,8.16,31870,26375744.0,3.53,-3.88,-0.33,1.25
2012-06-25,002215,8.12,8.04,8.21,8.03,20728,16774659.0,2.2,-1.71,-0.14,0.81
2012-06-26,002215,8.04,8.05,8.07,7.74,22203,17565476.0,4.1,0.12,0.01,0.87
2012-06-27,002215,8.01,7.86,8.13,7.8,24667,19699354.0,4.1,-2.36,-0.19,0.97
2012-06-28,002215,7.91,7.72,7.99,7.72,16942,13325021.0,3.44,-1.78,-0.14,0.66
2012-06-29,002215,7.68,7.76,7.82,7.6,29974,23198038.0,2.85,0.52,0.04,1.17
2012-07-02,002215,7.85,7.83,7.9,7.78,29618,23196939.0,1.55,0.9,0.07,1.16
2012-07-03,002215,7.83,7.79,7.89,7.77,26609,20829576.0,1.53,-0.51,-0.04,1.04
2012-07-04,002215,7.83,7.79,7.86,7.76,24946,19470786.0,1.28,0.0,0.0,0.98
2012-07-05,002215,7.8,7.44,7.8,7.43,33298,25121690.0,4.75,-4.49,-0.35,1.3
2012-07-06,002215,7.49,7.52,7.55,7.14,40242,29610751.0,5.51,1.08,0.08,1.58
2012-07-09,002215,7.42,7.13,7.5,7.12,40041,29179294.0,5.05,-5.19,-0.39,1.57
2012-07-10,002215,7.13,7.4,7.49,7.1,64743,47424266.0,5.47,3.79,0.27,2.54
2012-07-11,002215,7.35,7.29,7.47,7.11,65346,47351663.0,4.86,-1.49,-0.11,2.56
2012-07-12,002215,7.21,7.41,7.44,7.21,45538,33506050.0,3.16,1.65,0.12,1.78
2012-07-13,002215,7.39,7.32,7.46,7.27,32728,24085925.0,2.56,-1.21,-0.09,1.28
2012-07-16,002215,7.33,6.9,7.35,6.88,38629,27480017.0,6.42,-5.74,-0.42,1.51
2012-07-17,002215,6.86,7.07,7.11,6.81,27378,19112925.0,4.35,2.46,0.17,1.07
2012-07-18,002215,7.08,7.51,7.68,7.02,83308,61564889.0,9.34,6.22,0.44,3.26
2012-07-19,002215,7.48,7.44,7.57,7.38,63069,47125673.0,2.53,-0.93,-0.07,2.47
2012-07-20,002215,7.44,7.34,7.5,7.23,38660,28507496.0,3.63,-1.34,-0.1,1.51
2012-07-23,002215,7.29,7.4,7.5,7.17,38554,28379666.0,4.5,0.82,0.06,1.51
2012-07-24,002215,7.3,7.38,7.47,7.3,28954,21419639.0,2.3,-0.27,-0.02,1.13
2012-07-25,002215,7.33,7.25,7.44,7.25,24264,17849268.0,2.57,-1.76,-0.13,0.95
2012-07-26,002215,7.31,7.2,7.36,7.14,26347,19142542.0,3.03,-0.69,-0.05,1.03
2012-07-27,002215,7.24,7.2,7.29,7.14,22671,16333634.0,2.08,0.0,0.0,0.89
2012-07-30,002215,7.23,6.93,7.23,6.91,27182,19141708.0,4.44,-3.75,-0.27,1.07
2012-07-31,002215,6.89,7.04,7.22,6.89,35550,25239925.0,4.76,1.59,0.11,1.39
2012-08-01,002215,7.04,7.12,7.18,6.96,30281,21499314.0,3.13,1.14,0.08,1.19
2012-08-02,002215,7.12,7.01,7.15,6.96,19975,14119784.0,2.67,-1.54,-0.11,0.78
2012-08-03,002215,7.07,7.25,7.25,6.98,25478,18148136.0,3.85,3.42,0.24,1.0
2012-08-06,002215,7.2,7.43,7.43,7.16,34526,25356398.0,3.72,2.48,0.18,1.35
2012-08-07,002215,7.43,7.51,7.54,7.38,36360,27106566.0,2.15,1.08,0.08,1.42
2012-08-08,002215,7.67,7.52,7.67,7.43,59882,45278102.0,3.2,0.13,0.01,2.35
2012-08-09,002215,7.47,7.59,7.62,7.44,39901,30153238.0,2.39,0.93,0.07,1.56
2012-08-10,002215,7.58,7.58,7.68,7.53,34059,25878207.0,1.98,-0.13,-0.01,1.33
2012-08-13,002215,7.63,7.77,8.23,7.63,133258,105678263.0,7.92,2.51,0.19,5.22
2012-08-14,002215,7.98,8.55,8.55,7.97,303754,255998493.0,7.46,10.04,0.78,11.9
2012-08-15,002215,8.6,8.73,8.78,8.36,281897,242787575.0,4.91,2.11,0.18,11.04
2012-08-16,002215,8.53,8.36,8.56,8.23,115647,96895210.0,3.78,-4.24,-0.37,4.53
2012-08-17,002215,8.36,8.57,8.65,8.15,138406,116604826.0,5.98,2.51,0.21,5.42
2012-08-20,002215,8.58,8.64,8.75,8.32,124757,106491769.0,5.02,0.82,0.07,4.89
2012-08-21,002215,8.54,8.56,8.73,8.42,135897,116233629.0,3.59,-0.93,-0.08,5.32
2012-08-22,002215,8.5,8.28,8.58,8.28,91065,76499600.0,3.5,-3.27,-0.28,3.57
2012-08-23,002215,8.21,8.76,8.76,8.14,150803,128278858.0,7.49,5.8,0.48,5.91
2012-08-24,002215,8.7,8.59,9.09,8.55,209869,185553228.0,6.16,-1.94,-0.17,8.22
2012-08-27,002215,8.33,8.1,8.36,8.02,103169,84286253.0,3.96,-5.7,-0.49,4.04
2012-08-28,002215,8.05,8.07,8.23,7.85,71646,57676906.0,4.69,-0.37,-0.03,2.81
2012-08-29,002215,8.06,7.97,8.12,7.86,45151,36100298.0,3.22,-1.24,-0.1,1.77
2012-08-30,002215,7.87,7.96,8.15,7.7,56030,44767606.0,5.65,-0.13,-0.01,2.2
2012-08-31,002215,7.9,8.09,8.2,7.9,47186,38017951.0,3.77,1.63,0.13,1.85
2012-09-03,002215,8.05,8.48,8.55,7.98,84862,70832649.0,7.05,4.82,0.39,3.32
2012-09-04,002215,8.45,8.22,8.56,8.17,93486,78103905.0,4.6,-3.07,-0.26,3.66
2012-09-05,002215,8.2,8.21,8.38,8.13,55660,45900406.0,3.04,-0.12,-0.01,2.18
2012-09-06,002215,8.21,8.18,8.37,8.03,61349,50087080.0,4.14,-0.37,-0.03,2.4
2012-09-07,002215,8.25,8.42,8.58,8.19,107189,90140114.0,4.77,2.93,0.24,4.2
2012-09-10,002215,8.4,8.62,8.84,8.37,127272,110269507.0,5.58,2.38,0.2,4.99
2012-09-11,002215,8.54,8.6,8.71,8.48,68893,59177754.0,2.67,-0.23,-0.02,2.7
2012-09-12,002215,8.66,8.57,8.71,8.43,68602,58668280.0,3.26,-0.35,-0.03,2.69
2012-09-13,002215,8.58,8.29,8.66,8.28,60327,51402969.0,4.43,-3.27,-0.28,2.36
2012-09-14,002215,8.32,8.16,8.4,8.12,69192,56946669.0,3.38,-1.57,-0.13,2.71
2012-09-17,002215,8.14,7.86,8.14,7.85,56083,44821821.0,3.55,-3.68,-0.3,2.2
2012-09-18,002215,7.82,7.94,7.98,7.82,33724,26685860.0,2.04,1.02,0.08,1.32
2012-09-19,002215,7.92,8.12,8.13,7.92,36090,29153321.0,2.64,2.27,0.18,1.41
2012-09-20,002215,8.1,7.59,8.1,7.5,50180,39288305.0,7.39,-6.53,-0.53,1.97
2012-09-21,002215,7.6,7.6,7.74,7.56,28054,21472471.0,2.37,0.13,0.01,1.1
2012-09-24,002215,7.5,7.6,7.67,7.35,23018,17288563.0,4.21,0.0,0.0,0.9
2012-09-25,002215,7.61,7.44,7.68,7.35,22978,17287554.0,4.34,-2.11,-0.16,0.9
2012-09-26,002215,7.44,7.15,7.45,7.11,26635,19253796.0,4.57,-3.9,-0.29,1.04
2012-09-27,002215,7.2,7.43,7.47,7.14,28344,20767229.0,4.62,3.92,0.28,1.11
2012-09-28,002215,7.4,7.52,7.54,7.32,26747,19992250.0,2.96,1.21,0.09,1.05
2012-10-08,002215,7.52,7.55,7.6,7.48,18541,13951668.0,1.6,0.4,0.03,0.73
2012-10-09,002215,7.55,7.73,7.74,7.55,30974,23811907.0,2.52,2.38,0.18,1.21
2012-10-10,002215,7.7,7.85,7.93,7.64,43530,33953490.0,3.75,1.55,0.12,1.71
2012-10-11,002215,7.84,7.67,7.87,7.65,27084,21051481.0,2.8,-2.29,-0.18,1.06
2012-10-12,002215,7.7,7.7,7.81,7.58,23753,18264251.0,3.0,0.39,0.03,0.93
2012-10-15,002215,7.75,7.52,7.75,7.43,20220,15306159.0,4.16,-2.34,-0.18,0.79
2012-10-16,002215,7.53,7.55,7.67,7.46,16401,12466953.0,2.79,0.4,0.03,0.64
2012-10-17,002215,7.6,7.75,7.83,7.58,27781,21444130.0,3.31,2.65,0.2,1.09
2012-10-18,002215,7.76,7.87,7.92,7.76,36817,28986935.0,2.06,1.55,0.12,1.44
2012-10-19,002215,7.87,7.79,7.89,7.78,18983,14845249.0,1.4,-1.02,-0.08,0.74
2012-10-22,002215,7.72,7.82,7.83,7.67,14792,11452874.0,2.05,0.39,0.03,0.58
2012-10-23,002215,7.8,7.66,7.92,7.65,19791,15417395.0,3.45,-2.05,-0.16,0.78
2012-10-24,002215,7.64,7.51,7.67,7.48,24853,18830178.0,2.48,-1.96,-0.15,0.97
2012-10-25,002215,7.51,7.5,7.6,7.45,15502,11676235.0,2.0,-0.13,-0.01,0.61
2012-10-26,002215,7.49,7.35,7.55,7.31,18066,13404549.0,3.2,-2.0,-0.15,0.71
2012-10-29,002215,7.32,7.4,7.48,7.32,10813,8006875.0,2.18,0.68,0.05,0.42
2012-10-30,002215,7.41,7.56,7.57,7.38,17477,13085367.0,2.57,2.16,0.16,0.68
2012-10-31,002215,7.56,7.56,7.6,7.48,13723,10332957.0,1.59,0.0,0.0,0.54
2012-11-01,002215,7.58,7.73,7.75,7.54,23833,18327532.0,2.78,2.25,0.17,0.93
2012-11-02,002215,7.73,7.68,7.78,7.6,16696,12817888.0,2.33,-0.65,-0.05,0.65
2012-11-05,002215,7.63,7.64,7.69,7.47,24818,18809705.0,2.86,-0.52,-0.04,0.97
2012-11-06,002215,7.59,7.42,7.61,7.29,28631,21196134.0,4.19,-2.88,-0.22,1.12
2012-11-07,002215,7.42,7.4,7.46,7.34,14513,10728990.0,1.62,-0.27,-0.02,0.57
2012-11-08,002215,7.38,7.21,7.38,7.2,16143,11716752.0,2.43,-2.57,-0.19,0.63
2012-11-09,002215,7.21,7.26,7.29,7.17,9308,6734441.0,1.66,0.69,0.05,0.36
2012-11-12,002215,7.27,7.34,7.34,7.23,11888,8670284.0,1.52,1.1,0.08,0.47
2012-11-13,002215,7.36,7.18,7.41,7.17,17223,12497688.0,3.27,-2.18,-0.16,0.67
2012-11-14,002215,7.15,7.18,7.19,7.04,17152,12200108.0,2.09,0.0,0.0,0.67
2012-11-15,002215,7.13,7.05,7.17,7.04,12227,8668833.0,1.81,-1.81,-0.13,0.48
2012-11-16,002215,7.02,6.98,7.04,6.88,11581,8043228.0,2.27,-0.99,-0.07,0.45
2012-11-19,002215,7.02,7.05,7.05,6.94,7662,5361671.0,1.58,1.0,0.07,0.3
2012-11-20,002215,7.06,7.01,7.09,6.99,10459,7365307.0,1.42,-0.57,-0.04,0.41
2012-11-21,002215,6.99,7.08,7.08,6.91,16910,11848713.0,2.43,1.0,0.07,0.66
2012-11-22,002215,7.07,7.01,7.07,6.97,10862,7613047.0,1.41,-0.99,-0.07,0.43
2012-11-23,002215,6.93,7.02,7.05,6.9,11890,8334523.0,2.14,0.14,0.01,0.47
2012-11-26,002215,7.04,6.98,7.05,6.97,10031,7036115.0,1.14,-0.57,-0.04,0.39
2012-11-27,002215,6.99,6.56,6.99,6.55,21880,14665174.0,6.3,-6.02,-0.42,0.86
2012-11-28,002215,6.55,6.37,6.62,6.31,17057,10896321.0,4.73,-2.9,-0.19,0.67
2012-11-29,002215,6.35,6.32,6.46,6.31,16250,10380515.0,2.35,-0.78,-0.05,0.64
2012-11-30,002215,6.29,6.35,6.4,6.26,13354,8472117.0,2.22,0.47,0.03,0.52
2012-12-03,002215,6.34,6.03,6.37,6.03,23987,14860124.0,5.35,-5.04,-0.32,0.94
2012-12-04,002215,6.01,6.14,6.21,5.86,18505,11174931.0,5.8,1.82,0.11,0.73
2012-12-05,002215,6.16,6.34,6.45,6.11,29908,18957034.0,5.54,3.26,0.2,1.17
2012-12-06,002215,6.36,6.3,6.4,6.23,22359,14085636.0,2.68,-0.63,-0.04,0.88
2012-12-07,002215,6.3,6.56,6.66,6.26,37775,24548904.0,6.35,4.13,0.26,1.48
2012-12-10,002215,6.58,6.88,6.95,6.58,63878,43421828.0,5.64,4.88,0.32,2.5
2012-12-11,002215,6.87,6.93,7.16,6.78,74902,52495117.0,5.52,0.73,0.05,2.93
2012-12-12,002215,6.9,6.84,6.97,6.73,34432,23528337.0,3.46,-1.3,-0.09,1.35
2012-12-13,002215,6.85,6.82,6.89,6.73,21165,14398214.0,2.34,-0.29,-0.02,0.83
2012-12-14,002215,6.83,7.1,7.14,6.78,58313,40870097.0,5.28,4.11,0.28,2.28
2012-12-17,002215,7.09,7.05,7.15,6.98,51199,36129437.0,2.39,-0.7,-0.05,2.01
2012-12-18,002215,7.06,7.01,7.11,6.98,30597,21525421.0,1.84,-0.57,-0.04,1.2
2012-12-19,002215,7.71,7.71,7.71,7.71,30922,23840576.0,0.0,9.99,0.7,1.21
2012-12-20,002215,7.88,7.61,7.88,7.57,120230,92831960.0,4.02,-1.3,-0.1,4.71
2012-12-21,002215,7.65,7.67,7.88,7.58,77204,59645580.0,3.94,0.79,0.06,3.02
2012-12-24,002215,7.58,7.61,7.69,7.52,31830,24234889.0,2.22,-0.78,-0.06,1.25
2012-12-25,002215,7.57,7.75,7.79,7.56,64515,49945869.0,3.02,1.84,0.14,2.53
2012-12-26,002215,7.74,7.77,7.79,7.67,48856,37745398.0,1.55,0.26,0.02,1.91
2012-12-27,002215,7.77,7.95,8.05,7.62,99476,78582187.0,5.53,2.32,0.18,3.9
2012-12-28,002215,7.9,7.89,7.93,7.79,49115,38619873.0,1.76,-0.75,-0.06,1.92
2012-12-31,002215,7.89,7.89,7.95,7.85,34433,27191874.0,1.27,0.0,0.0,1.35
2013-01-04,002215,7.92,7.84,7.98,7.8,36399,28586297.0,2.28,-0.63,-0.05,1.43
2013-01-07,002215,7.83,7.88,7.91,7.78,44082,34598205.0,1.66,0.51,0.04,1.73
2013-01-08,002215,7.9,8.18,8.2,7.86,95132,76782252.0,4.31,3.81,0.3,3.73
2013-01-09,002215,8.2,8.1,8.45,7.97,68663,56302676.0,5.87,-0.98,-0.08,2.69
2013-01-10,002215,8.12,8.14,8.23,8.02,43536,35507319.0,2.59,0.49,0.04,1.71
2013-01-11,002215,8.11,7.84,8.19,7.79,47235,37574385.0,4.91,-3.69,-0.3,1.85
2013-01-14,002215,7.8,8.16,8.22,7.8,57068,46029905.0,5.36,4.08,0.32,2.24
2013-01-15,002215,8.15,8.46,8.68,8.12,88431,74224016.0,6.86,3.68,0.3,3.46
2013-01-16,002215,8.4,8.32,8.54,8.23,57140,47646706.0,3.66,-1.65,-0.14,2.24
2013-01-17,002215,8.31,8.5,8.69,8.29,86228,73494768.0,4.81,2.16,0.18,3.38
2013-01-18,002215,8.5,8.68,8.79,8.5,80442,69917704.0,3.41,2.12,0.18,3.15
2013-01-21,002215,8.69,8.62,8.79,8.58,51806,44840100.0,2.42,-0.69,-0.06,2.03
2013-01-22,002215,8.71,8.43,8.77,8.39,61441,52838214.0,4.41,-2.2,-0.19,2.41
2013-01-23,002215,8.41,8.42,8.52,8.32,39954,33566038.0,2.37,-0.12,-0.01,1.57
2013-01-24,002215,9.26,8.7,9.26,8.56,187764,168247602.0,8.31,3.33,0.28,7.36
2013-01-25,002215,8.5,8.41,8.53,8.22,94715,79211291.0,3.56,-3.33,-0.29,3.71
2013-01-28,002215,8.31,8.8,8.85,8.31,69517,59427206.0,6.42,4.64,0.39,2.72
2013-01-29,002215,8.8,8.97,9.13,8.68,93913,83322872.0,5.11,1.93,0.17,3.68
2013-01-30,002215,8.97,8.92,9.12,8.74,61619,55020315.0,4.24,-0.56,-0.05,2.41
2013-01-31,002215,8.85,8.85,8.98,8.75,33433,29486272.0,2.58,-0.78,-0.07,1.31
2013-02-01,002215,8.9,8.96,9.08,8.87,47969,42943412.0,2.37,1.24,0.11,1.88
2013-02-04,002215,9.02,9.01,9.06,8.6,54535,48229224.0,5.13,0.56,0.05,2.14
2013-02-05,002215,8.96,8.92,8.98,8.75,22429,19967610.0,2.55,-1.0,-0.09,0.88
2013-02-06,002215,8.93,8.86,8.95,8.79,32982,29290579.0,1.79,-0.67,-0.06,1.29
2013-02-07,002215,8.8,8.87,8.92,8.77,26378,23346350.0,1.69,0.11,0.01,1.03
2013-02-08,002215,8.85,8.96,9.05,8.83,28350,25377569.0,2.48,1.01,0.09,1.11
2013-02-18,002215,8.98,8.96,9.03,8.9,29327,26302824.0,1.45,0.0,0.0,1.15
2013-02-19,002215,8.95,8.61,8.96,8.55,38905,33892104.0,4.58,-3.91,-0.35,1.52
2013-02-20,002215,8.62,8.74,8.75,8.55,26870,23285349.0,2.32,1.51,0.13,1.05
2013-02-21,002215,8.72,8.57,8.72,8.48,31072,26672376.0,2.75,-1.95,-0.17,1.22
2013-02-22,002215,8.51,8.48,8.59,8.46,22820,19413765.0,1.52,-1.05,-0.09,0.89
2013-02-25,002215,8.49,8.6,8.62,8.43,23664,20197865.0,2.24,1.42,0.12,0.93
2013-02-26,002215,8.5,8.49,8.61,8.47,23749,20279454.0,1.63,-1.28,-0.11,0.92
2013-02-27,002215,8.48,8.51,8.61,8.45,21025,17898961.0,1.88,0.24,0.02,0.81
2013-02-28,002215,8.53,8.68,8.69,8.52,34850,29989142.0,2.0,2.0,0.17,1.35
2013-03-01,002215,8.68,8.76,8.76,8.64,31865,27686598.0,1.38,0.92,0.08,1.23
2013-03-04,002215,8.89,8.69,9.05,8.6,74101,65558804.0,5.14,-0.8,-0.07,2.86
2013-03-05,002215,8.69,8.91,8.93,8.47,49034,43092915.0,5.29,2.53,0.22,1.89
2013-03-06,002215,8.92,9.52,9.7,8.85,111178,102922414.0,9.54,6.85,0.61,4.29
2013-03-07,002215,9.5,9.25,9.5,9.1,83818,78135513.0,4.2,-2.84,-0.27,3.24
2013-03-08,002215,9.28,9.1,9.35,8.99,61326,55907000.0,3.89,-1.62,-0.15,2.37
2013-03-11,002215,9.16,9.07,9.16,8.96,25257,22876393.0,2.2,-0.33,-0.03,0.98
2013-03-12,002215,9.07,8.87,9.29,8.6,54960,49427641.0,7.61,-2.21,-0.2,2.12
2013-03-13,002215,8.87,8.88,8.92,8.55,35610,30974779.0,4.17,0.11,0.01,1.38
2013-03-14,002215,8.8,8.86,8.89,8.7,20004,17639027.0,2.14,-0.23,-0.02,0.77
2013-03-15,002215,8.88,8.9,9.02,8.71,27213,24211221.0,3.5,0.45,0.04,1.05
2013-03-18,002215,8.86,8.6,8.94,8.57,29363,25477459.0,4.16,-3.37,-0.3,1.13
2013-03-19,002215,8.55,8.65,8.67,8.52,12504,10760882.0,1.74,0.58,0.05,0.48
2013-03-20,002215,8.65,8.93,8.93,8.63,32139,28373554.0,3.47,3.24,0.28,1.24
2013-03-21,002215,8.87,8.91,9.09,8.85,29811,26674542.0,2.69,-0.22,-0.02,1.15
2013-03-22,002215,8.9,9.11,9.21,8.84,49350,44832817.0,4.15,2.24,0.2,1.91
2013-03-25,002215,9.11,9.28,9.31,9.11,53271,49200414.0,2.2,1.87,0.17,2.04
2013-03-26,002215,9.3,9.24,9.6,9.12,69851,65319467.0,5.17,-0.43,-0.04,2.68
2013-03-27,002215,9.24,9.15,9.31,8.99,40673,37114119.0,3.46,-0.97,-0.09,1.56
2013-03-28,002215,9.08,8.73,9.08,8.73,33765,30016897.0,3.83,-4.59,-0.42,1.3
2013-03-29,002215,8.76,8.75,8.84,8.74,15182,13332248.0,1.15,0.23,0.02,0.58
2013-04-01,002215,8.75,9.0,9.0,8.75,18678,16686901.0,2.86,2.86,0.25,0.72
2013-04-02,002215,9.08,8.79,9.13,8.78,21522,19270924.0,3.89,-2.33,-0.21,0.83
2013-04-03,002215,8.91,8.76,8.91,8.72,15749,13820833.0,2.16,-0.34,-0.03,0.6
2013-04-08,002215,8.64,8.94,8.95,8.53,16676,14598435.0,4.79,2.05,0.18,0.64
2013-04-09,002215,8.94,9.09,9.15,8.91,22051,19988657.0,2.68,1.68,0.15,0.85
2013-04-10,002215,9.1,8.88,9.16,8.74,24543,21838061.0,4.62,-2.31,-0.21,0.94
2013-04-11,002215,8.88,8.77,8.96,8.76,13434,11861923.0,2.25,-1.24,-0.11,0.52
2013-04-12,002215,8.67,8.83,8.92,8.67,14504,12781843.0,2.85,0.68,0.06,0.56
2013-04-15,002215,8.83,8.56,8.83,8.52,20357,17571586.0,3.51,-3.06,-0.27,0.78
2013-04-16,002215,8.5,8.64,8.69,8.45,13786,11809626.0,2.8,0.93,0.08,0.53
2013-04-17,002215,8.68,8.67,8.75,8.56,11611,10029733.0,2.2,0.35,0.03,0.45
2013-04-18,002215,8.64,8.59,8.72,8.52,15499,13343444.0,2.31,-0.92,-0.08,0.59
2013-04-19,002215,8.81,9.12,9.3,8.8,86367,78840159.0,5.82,6.17,0.53,3.32
2013-04-22,002215,9.0,9.43,9.49,8.99,69626,65061699.0,5.48,3.4,0.31,2.67
2013-04-23,002215,9.44,9.18,9.45,9.1,50106,46294217.0,3.71,-2.65,-0.25,1.92
2013-04-24,002215,9.23,9.73,9.76,9.11,89085,85090760.0,7.08,5.99,0.55,3.42
2013-04-25,002215,9.81,9.78,10.19,9.57,121277,119912325.0,6.37,0.51,0.05,4.66
2013-04-26,002215,9.68,9.73,10.06,9.66,59644,58727433.0,4.09,-0.51,-0.05,2.29
2013-05-02,002215,9.71,10.11,10.15,9.55,60275,59644619.0,6.17,3.91,0.38,2.31
2013-05-03,002215,10.09,10.01,10.33,9.99,71139,72099602.0,3.36,-0.99,-0.1,2.73
2013-05-06,002215,10.05,10.4,10.49,10.03,90744,93622437.0,4.6,3.9,0.39,3.48
2013-05-07,002215,10.37,10.4,10.46,10.21,50356,51976019.0,2.4,0.0,0.0,1.93
2013-05-08,002215,10.41,10.51,10.58,10.16,66896,69249814.0,4.04,1.06,0.11,2.57
2013-05-09,002215,10.41,10.21,10.56,10.17,51709,53305128.0,3.71,-2.85,-0.3,1.98
2013-05-10,002215,10.15,10.15,10.3,9.91,47914,48536043.0,3.82,-0.59,-0.06,1.84
2013-05-13,002215,10.1,10.31,10.43,10.06,37671,38692766.0,3.65,1.58,0.16,1.45
2013-05-14,002215,10.23,10.04,10.37,9.96,32200,32583961.0,3.98,-2.62,-0.27,1.24
2013-05-15,002215,10.05,10.15,10.18,10.0,21720,21944774.0,1.79,1.1,0.11,0.83
2013-05-16,002215,10.17,10.53,10.53,10.07,62300,64621946.0,4.53,3.74,0.38,2.39
2013-05-17,002215,10.5,10.89,11.0,10.5,78242,84306974.0,4.75,3.42,0.36,3.0
2013-05-20,002215,10.91,11.47,11.57,10.88,91450,102920803.0,6.34,5.33,0.58,3.51
2013-05-21,002215,11.4,11.52,11.62,11.26,56280,64582774.0,3.14,0.44,0.05,2.16
2013-05-22,002215,11.65,11.96,12.1,11.36,95092,111775895.0,6.42,3.82,0.44,3.67
2013-05-23,002215,11.78,11.8,12.06,11.64,52022,61671931.0,3.51,-1.34,-0.16,2.01
2013-05-24,002215,11.73,11.85,11.87,11.71,29409,34686271.0,1.36,0.42,0.05,1.14
2013-05-27,002215,11.87,11.86,12.28,11.81,47119,56843142.0,3.97,0.08,0.01,1.82
2013-05-28,002215,11.86,11.77,11.89,11.38,69717,81031193.0,4.3,-0.76,-0.09,2.69
2013-05-29,002215,7.79,7.96,8.18,7.7,118607,94548408.0,4.08,-32.37,-3.81,3.06
2013-05-30,002215,7.86,7.67,7.9,7.65,78807,60963490.0,3.14,-3.64,-0.29,2.03
2013-05-31,002215,7.61,7.74,7.93,7.61,62319,48413037.0,4.17,0.91,0.07,1.61
2013-06-03,002215,7.61,7.65,7.9,7.58,54219,41507175.0,4.13,-1.16,-0.09,1.4
2013-06-04,002215,7.7,7.16,7.7,7.11,116431,84837512.0,7.71,-6.41,-0.49,3.0
2013-06-05,002215,7.16,7.14,7.26,7.08,50532,36245144.0,2.51,-0.28,-0.02,1.3
2013-06-06,002215,7.11,6.94,7.22,6.86,68354,48410960.0,5.04,-2.8,-0.2,1.76
2013-06-07,002215,6.97,6.92,6.98,6.65,62854,42946925.0,4.76,-0.29,-0.02,1.62
2013-06-13,002215,6.84,6.71,6.84,6.63,48790,32682595.0,3.03,-3.03,-0.21,1.26
2013-06-14,002215,6.73,6.89,6.89,6.72,35183,24016948.0,2.53,2.68,0.18,0.91
2013-06-17,002215,6.89,7.15,7.2,6.86,64757,45707997.0,4.93,3.77,0.26,1.67
2013-06-18,002215,7.15,7.09,7.2,7.0,35047,24850111.0,2.8,-0.84,-0.06,0.9
2013-06-19,002215,7.07,7.14,7.16,7.0,44731,31708485.0,2.26,0.71,0.05,1.15
2013-06-20,002215,7.08,7.08,7.36,7.02,79405,57389893.0,4.76,-0.84,-0.06,2.05
2013-06-21,002215,7.0,7.0,7.08,6.7,49167,34034953.0,5.37,-1.13,-0.08,1.27
2013-06-24,002215,7.0,6.49,7.1,6.42,65837,44155361.0,9.71,-7.29,-0.51,1.7
2013-06-25,002215,6.31,6.31,6.58,5.85,89994,55485009.0,11.25,-2.77,-0.18,2.32
2013-06-26,002215,6.3,6.54,6.56,6.2,59381,38078157.0,5.71,3.65,0.23,1.53
2013-06-27,002215,6.57,6.5,6.78,6.4,54512,36206001.0,5.81,-0.61,-0.04,1.4
2013-06-28,002215,6.48,6.56,6.73,6.32,30953,20276521.0,6.31,0.92,0.06,0.8
2013-07-01,002215,6.51,6.75,6.75,6.5,32144,21345982.0,3.81,2.9,0.19,0.83
2013-07-02,002215,6.8,7.05,7.06,6.73,58114,40402819.0,4.89,4.44,0.3,1.5
2013-07-03,002215,7.07,6.88,7.07,6.78,60860,42126140.0,4.11,-2.41,-0.17,1.57
2013-07-04,002215,6.95,6.88,6.99,6.75,43839,30192002.0,3.49,0.0,0.0,1.13
2013-07-05,002215,6.89,6.69,6.95,6.67,51741,35265696.0,4.07,-2.76,-0.19,1.33
2013-08-29,002215,7.36,7.36,7.36,7.36,50516,37179577.0,0.0,10.01,0.67,1.3
2013-08-30,002215,8.09,7.47,8.09,7.23,294088,224828020.0,11.68,1.49,0.11,7.58
2013-09-02,002215,7.3,7.46,7.63,7.03,98656,72919058.0,8.03,-0.13,-0.01,2.54
2013-09-03,002215,7.36,7.78,7.99,7.35,93642,72717410.0,8.58,4.29,0.32,2.41
2013-09-04,002215,7.74,8.36,8.44,7.67,159612,131559673.0,9.9,7.46,0.58,4.11
2013-09-05,002215,8.32,8.39,8.6,8.16,137911,115401545.0,5.26,0.36,0.03,3.55
2013-09-06,002215,8.29,8.29,8.35,8.11,62874,51659668.0,2.86,-1.19,-0.1,1.62
2013-09-09,002215,8.36,8.19,8.38,8.1,67123,54927624.0,3.38,-1.21,-0.1,1.73
2013-09-10,002215,8.21,8.53,8.61,8.2,134862,114427618.0,5.01,4.15,0.34,3.47
2013-09-11,002215,8.52,8.27,8.78,8.25,114916,97088374.0,6.21,-3.05,-0.26,2.96
2013-09-12,002215,8.32,8.39,8.57,8.32,55680,47009149.0,3.02,1.45,0.12,1.43
2013-09-13,002215,8.32,8.7,8.73,8.32,88134,75613686.0,4.89,3.69,0.31,2.27
2013-09-16,002215,8.6,8.55,8.74,8.32,61255,52195317.0,4.83,-1.72,-0.15,1.58
2013-09-17,002215,8.52,8.27,8.52,8.22,50426,41934891.0,3.51,-3.27,-0.28,1.3
2013-09-18,002215,8.26,8.26,8.34,8.18,36896,30505105.0,1.93,-0.12,-0.01,0.95
2013-09-23,002215,8.38,8.24,8.45,8.19,70594,58293488.0,3.15,-0.24,-0.02,1.82
2013-09-24,002215,8.25,8.35,8.48,8.22,51115,42542150.0,3.16,1.33,0.11,1.32
2013-09-25,002215,8.35,8.58,8.58,8.21,72385,60824823.0,4.43,2.75,0.23,1.86
2013-09-26,002215,8.53,8.35,8.74,8.34,59738,51158829.0,4.66,-2.68,-0.23,1.54
2013-09-27,002215,8.31,8.25,8.41,8.2,28305,23436101.0,2.51,-1.2,-0.1,0.73
2013-09-30,002215,8.36,8.34,8.4,8.25,22190,18441165.0,1.82,1.09,0.09,0.57
2013-10-08,002215,8.34,8.4,8.6,8.23,45143,37894563.0,4.44,0.72,0.06,1.16
2013-10-09,002215,8.36,8.74,8.75,8.31,66935,57559832.0,5.24,4.05,0.34,1.72
2013-10-10,002215,8.73,9.46,9.6,8.68,134247,124629471.0,10.53,8.24,0.72,3.46
2013-10-11,002215,9.41,9.57,9.82,9.24,98313,94638352.0,6.13,1.16,0.11,2.53
2013-10-14,002215,9.51,9.52,9.7,9.43,45042,42959625.0,2.82,-0.52,-0.05,1.16
2013-10-15,002215,9.52,9.97,10.1,9.37,94875,93219868.0,7.67,4.73,0.45,2.44
2013-10-16,002215,9.85,9.61,10.17,9.48,63066,60949344.0,6.92,-3.61,-0.36,1.62
2013-10-17,002215,9.66,9.35,9.72,9.26,56367,52820702.0,4.79,-2.71,-0.26,1.45
2013-10-18,002215,9.29,9.3,9.52,9.29,22813,21502482.0,2.46,-0.53,-0.05,0.59
2013-10-21,002215,9.37,9.48,9.55,9.29,37840,35501735.0,2.8,1.94,0.18,0.97
2013-10-22,002215,9.4,9.3,9.52,9.28,31787,29777007.0,2.53,-1.9,-0.18,0.82
2013-10-23,002215,9.35,8.96,9.35,8.75,55439,49724296.0,6.45,-3.66,-0.34,1.43
2013-10-24,002215,8.93,8.87,9.1,8.81,17768,15895704.0,3.24,-1.0,-0.09,0.46
2013-10-25,002215,8.87,8.62,9.0,8.45,29185,25195403.0,6.2,-2.82,-0.25,0.75
2013-10-28,002215,8.52,8.62,8.77,8.43,23014,19850418.0,3.94,0.0,0.0,0.59
2013-10-29,002215,8.7,8.31,8.8,8.03,33174,27765238.0,8.93,-3.6,-0.31,0.85
2013-10-30,002215,8.26,9.08,9.1,8.26,78879,69829632.0,10.11,9.27,0.77,2.03
2013-10-31,002215,9.0,8.95,9.44,8.95,53910,49278833.0,5.4,-1.43,-0.13,1.39
2013-11-01,002215,8.99,8.9,9.0,8.52,29620,25904868.0,5.36,-0.56,-0.05,0.76
2013-11-04,002215,8.9,8.99,9.0,8.67,14505,12821069.0,3.71,1.01,0.09,0.37
2013-11-05,002215,8.99,9.04,9.2,8.83,25132,22709174.0,4.12,0.56,0.05,0.65
2013-11-06,002215,8.97,9.06,9.22,8.97,28000,25525985.0,2.77,0.22,0.02,0.72
2013-11-07,002215,9.13,8.76,9.13,8.65,24566,21624259.0,5.3,-3.31,-0.3,0.63
2013-11-08,002215,8.7,8.73,8.93,8.62,16487,14514294.0,3.54,-0.34,-0.03,0.42
2013-11-11,002215,8.65,8.88,8.9,8.62,10519,9197747.0,3.21,1.72,0.15,0.27
2013-11-12,002215,8.88,8.71,8.96,8.63,21802,19156376.0,3.72,-1.91,-0.17,0.56
2013-11-13,002215,8.65,8.59,8.81,8.59,13718,11908152.0,2.53,-1.38,-0.12,0.35
2013-11-14,002215,8.58,8.78,8.8,8.47,14507,12534113.0,3.84,2.21,0.19,0.37
2013-11-15,002215,8.66,8.86,9.08,8.66,31014,27510623.0,4.78,0.91,0.08,0.8
2013-11-18,002215,8.86,9.23,9.31,8.81,48104,43891760.0,5.64,4.18,0.37,1.24
2013-11-19,002215,9.18,9.27,9.35,9.14,28054,25916832.0,2.28,0.43,0.04,0.72
2013-11-20,002215,9.24,9.32,9.35,9.13,25423,23435332.0,2.37,0.54,0.05,0.65
2013-11-21,002215,9.29,9.73,9.75,9.02,114285,107965651.0,7.83,4.4,0.41,2.94
2013-11-22,002215,10.1,9.91,10.5,9.8,211634,213743890.0,7.19,1.85,0.18,5.45
2013-11-25,002215,9.75,9.92,10.08,9.75,106871,106255600.0,3.33,0.1,0.01,2.75
2013-11-26,002215,9.8,9.8,9.85,9.4,69188,66845836.0,4.54,-1.21,-0.12,1.78
2013-11-27,002215,9.8,9.7,9.81,9.56,49184,47544087.0,2.55,-1.02,-0.1,1.27
2013-11-28,002215,9.72,9.65,9.96,9.65,53923,52852917.0,3.2,-0.52,-0.05,1.39
2013-11-29,002215,9.65,9.93,9.95,9.62,52912,51670018.0,3.42,2.9,0.28,1.36
2013-12-02,002215,9.6,9.3,9.78,8.95,63395,60049110.0,8.36,-6.34,-0.63,1.63
2013-12-03,002215,9.15,10.02,10.15,9.0,91169,88505163.0,12.37,7.74,0.72,2.35
2013-12-04,002215,10.38,10.18,10.44,10.06,174115,178598539.0,3.79,1.6,0.16,4.48
2013-12-05,002215,10.03,10.17,10.27,10.01,68963,70018574.0,2.55,-0.1,-0.01,1.78
2013-12-06,002215,10.16,10.23,10.35,10.11,54644,55948200.0,2.36,0.59,0.06,1.41
2013-12-09,002215,10.23,10.55,10.59,10.18,93375,97173705.0,4.01,3.13,0.32,2.41
2013-12-10,002215,10.45,10.35,10.51,10.28,63045,65497070.0,2.18,-1.9,-0.2,1.62
2013-12-11,002215,10.25,10.07,10.29,10.05,56537,57323330.0,2.32,-2.71,-0.28,1.46
2013-12-12,002215,10.16,10.0,10.16,9.91,39268,39321009.0,2.48,-0.7,-0.07,1.01
2013-12-13,002215,9.95,9.99,10.11,9.91,25438,25479734.0,2.0,-0.1,-0.01,0.66
2013-12-16,002215,10.08,9.74,10.15,9.67,45008,44285576.0,4.8,-2.5,-0.25,1.16
2013-12-17,002215,9.74,9.53,9.79,9.51,32586,31366931.0,2.87,-2.16,-0.21,0.84
2013-12-18,002215,9.58,9.62,9.78,9.51,21522,20773483.0,2.83,0.94,0.09,0.55
2013-12-19,002215,9.6,9.58,9.73,9.51,25241,24287723.0,2.29,-0.42,-0.04,0.65
2013-12-20,002215,9.68,9.78,9.79,9.66,45349,44145151.0,1.36,2.09,0.2,1.17
2013-12-23,002215,9.81,10.1,10.15,9.78,59582,59579022.0,3.78,3.27,0.32,1.53
2013-12-24,002215,10.08,10.05,10.2,9.91,57040,57182857.0,2.87,-0.5,-0.05,1.47
2013-12-25,002215,10.2,10.0,10.22,9.78,52214,51902609.0,4.38,-0.5,-0.05,1.34
2013-12-26,002215,10.1,9.63,10.1,9.59,39982,39089469.0,5.1,-3.7,-0.37,1.03
2013-12-27,002215,9.65,9.63,9.7,9.5,32653,31434271.0,2.08,0.0,0.0,0.84
2013-12-30,002215,9.65,9.57,9.73,9.46,33024,31737827.0,2.8,-0.62,-0.06,0.85
2013-12-31,002215,9.56,9.61,9.63,9.5,21205,20335509.0,1.36,0.42,0.04,0.55
2014-01-02,002215,9.65,9.8,9.81,9.64,35403,34451366.0,1.77,1.98,0.19,0.91
2014-01-03,002215,9.8,9.89,9.96,9.72,39805,39301412.0,2.45,0.92,0.09,1.03
2014-01-06,002215,9.9,9.55,9.95,9.5,34795,33645168.0,4.55,-3.44,-0.34,0.9
2014-01-07,002215,9.55,9.85,9.85,9.55,27711,27021813.0,3.14,3.14,0.3,0.71
2014-01-08,002215,9.91,9.86,10.05,9.78,33755,33450452.0,2.74,0.1,0.01,0.87
2014-01-09,002215,9.91,9.55,9.91,9.52,32601,31670985.0,3.96,-3.14,-0.31,0.84
2014-01-10,002215,9.51,8.62,9.55,8.6,155060,134792580.0,9.95,-9.74,-0.93,3.99
2014-01-13,002215,8.43,8.29,8.5,8.0,87598,72176942.0,5.8,-3.83,-0.33,2.26
2014-01-14,002215,8.18,8.5,8.59,8.11,64668,54667385.0,5.79,2.53,0.21,1.67
2014-01-15,002215,8.51,8.79,8.83,8.51,41159,35872673.0,3.76,3.41,0.29,1.06
2014-01-16,002215,8.8,8.62,8.91,8.61,33353,29206748.0,3.41,-1.93,-0.17,0.86
2014-01-17,002215,8.58,8.63,8.77,8.48,27175,23597554.0,3.36,0.12,0.01,0.7
2014-01-20,002215,8.63,8.43,8.96,8.3,47586,41611972.0,7.65,-2.32,-0.2,1.23
2014-01-21,002215,8.41,8.52,8.64,8.36,26583,22629195.0,3.32,1.07,0.09,0.69
2014-01-22,002215,8.52,8.82,8.9,8.46,32202,28182980.0,5.16,3.52,0.3,0.83
2014-01-23,002215,8.93,8.88,8.96,8.77,21663,19206193.0,2.15,0.68,0.06,0.56
2014-01-24,002215,8.9,9.02,9.06,8.85,25971,23295048.0,2.36,1.58,0.14,0.67
2014-01-27,002215,9.0,8.89,9.0,8.8,20287,18043840.0,2.22,-1.44,-0.13,0.52
2014-01-28,002215,8.89,8.55,8.89,8.39,48690,41826253.0,5.62,-3.82,-0.34,1.26
2014-01-29,002215,8.63,8.65,8.68,8.5,23621,20219412.0,2.11,1.17,0.1,0.61
2014-01-30,002215,8.55,8.52,8.65,8.39,25689,21861867.0,3.01,-1.5,-0.13,0.66
2014-02-07,002215,8.54,8.65,8.66,8.45,31235,26809207.0,2.46,1.53,0.13,0.81
2014-02-10,002215,8.7,8.96,9.04,8.62,60753,53932986.0,4.86,3.58,0.31,1.57
2014-02-11,002215,8.9,9.25,9.35,8.9,69976,63959420.0,5.02,3.24,0.29,1.8
2014-02-12,002215,9.3,9.52,9.54,9.11,64029,59982812.0,4.65,2.92,0.27,1.65
2014-02-13,002215,9.47,9.41,9.67,9.3,64428,61235646.0,3.89,-1.16,-0.11,1.66
2014-02-14,002215,9.41,9.48,9.65,9.41,32461,30820796.0,2.55,0.74,0.07,0.84
2014-02-17,002215,9.5,9.53,9.57,9.42,43295,41076472.0,1.58,0.53,0.05,1.12
2014-02-18,002215,9.53,9.68,9.8,9.49,67928,65463499.0,3.25,1.57,0.15,1.75
2014-02-19,002215,9.66,9.48,9.74,9.4,52163,49555562.0,3.51,-2.07,-0.2,1.34
2014-02-20,002215,9.51,9.21,9.53,9.15,52471,48608837.0,4.01,-2.85,-0.27,1.35
2014-02-21,002215,9.22,9.09,9.26,9.0,37537,34226938.0,2.82,-1.3,-0.12,0.97
2014-02-24,002215,9.08,8.91,9.08,8.7,48378,42617546.0,4.18,-1.98,-0.18,1.25
2014-02-25,002215,8.91,8.68,8.96,8.64,37419,33109504.0,3.59,-2.58,-0.23,0.96
2014-02-26,002215,8.63,8.85,9.06,8.63,55859,49557893.0,4.95,1.96,0.17,1.44
2014-02-27,002215,8.85,8.84,9.07,8.83,46527,41691518.0,2.71,-0.11,-0.01,1.2
2014-02-28,002215,8.75,8.98,9.03,8.75,23721,21178943.0,3.17,1.58,0.14,0.61
2014-03-03,002215,8.96,9.27,9.28,8.94,48197,44131855.0,3.79,3.23,0.29,1.24
2014-03-04,002215,9.25,9.31,9.36,9.06,33362,30754242.0,3.24,0.43,0.04,0.86
2014-03-05,002215,9.37,9.15,9.4,9.13,24990,23144905.0,2.9,-1.72,-0.16,0.64
2014-03-06,002215,9.15,9.15,9.24,9.05,17542,15997464.0,2.08,0.0,0.0,0.45
2014-03-07,002215,9.15,8.88,9.15,8.86,31989,28684167.0,3.17,-2.95,-0.27,0.82
2014-03-10,002215,8.78,8.6,8.95,8.51,33197,29081900.0,4.95,-3.15,-0.28,0.86
2014-03-11,002215,8.6,8.69,8.74,8.48,16370,14159262.0,3.02,1.05,0.09,0.42
2014-03-12,002215,8.68,8.58,8.72,8.4,21679,18493118.0,3.68,-1.27,-0.11,0.56
2014-03-13,002215,8.58,8.6,8.64,8.51,16914,14512133.0,1.52,0.23,0.02,0.44
2014-03-14,002215,8.61,8.78,8.84,8.58,23738,20806238.0,3.02,2.09,0.18,0.61
2014-03-17,002215,8.78,8.82,8.82,8.7,27920,24476567.0,1.37,0.46,0.04,0.72
2014-03-18,002215,8.82,8.65,8.83,8.63,36347,31658832.0,2.27,-1.93,-0.17,0.94
2014-03-19,002215,8.64,8.52,8.67,8.46,20532,17491623.0,2.43,-1.5,-0.13,0.53
2014-03-20,002215,8.52,8.17,8.59,8.15,47848,39909336.0,5.16,-4.11,-0.35,1.23
2014-03-21,002215,8.17,8.35,8.35,8.0,34455,28017890.0,4.28,2.2,0.18,0.89
2014-03-24,002215,8.36,8.2,8.36,8.14,34971,28785897.0,2.63,-1.8,-0.15,0.9
2014-03-25,002215,8.28,8.26,8.28,8.2,45928,37821219.0,0.98,0.73,0.06,1.18
2014-03-26,002215,8.22,8.3,8.34,8.22,21005,17420715.0,1.45,0.48,0.04,0.54
2014-03-27,002215,8.31,8.2,8.35,8.2,19890,16437078.0,1.81,-1.2,-0.1,0.51
2014-03-28,002215,8.19,7.87,8.25,7.84,38658,31067773.0,5.0,-4.02,-0.33,1.0
2014-03-31,002215,7.88,7.85,8.0,7.75,23609,18623862.0,3.18,-0.25,-0.02,0.61
2014-04-01,002215,7.86,8.22,8.25,7.86,26219,21314267.0,4.97,4.71,0.37,0.68
2014-04-02,002215,8.22,8.12,8.25,8.08,17757,14494574.0,2.07,-1.22,-0.1,0.46
2014-04-03,002215,8.12,8.09,8.19,7.95,17548,14142865.0,2.96,-0.37,-0.03,0.45
2014-04-04,002215,8.07,8.32,8.33,8.01,28769,23608158.0,3.96,2.84,0.23,0.74
2014-04-08,002215,8.25,8.4,8.47,8.2,35228,29423531.0,3.25,0.96,0.08,0.91
2014-04-09,002215,8.36,8.38,8.45,8.3,18842,15788651.0,1.79,-0.24,-0.02,0.49
2014-04-10,002215,8.33,8.31,8.4,8.27,23423,19473195.0,1.55,-0.84,-0.07,0.6
2014-04-11,002215,8.25,8.34,8.38,8.25,19256,16043047.0,1.56,0.36,0.03,0.5
2014-04-14,002215,8.43,8.37,8.44,8.3,12783,10681402.0,1.68,0.36,0.03,0.33
2014-04-15,002215,8.36,8.26,8.38,8.23,15138,12551595.0,1.79,-1.31,-0.11,0.39
2014-04-16,002215,8.21,8.49,8.49,8.21,31949,26814720.0,3.39,2.78,0.23,0.82
2014-04-17,002215,8.6,8.48,8.61,8.4,16643,14114117.0,2.47,-0.12,-0.01,0.43
2014-04-18,002215,8.71,8.97,9.2,8.7,105045,94226795.0,5.9,5.78,0.49,2.71
2014-04-21,002215,8.99,9.0,9.19,8.87,73837,66924903.0,3.57,0.33,0.03,1.9
2014-04-22,002215,9.0,9.0,9.16,8.88,51772,46579132.0,3.11,0.0,0.0,1.33
2014-04-23,002215,9.15,9.5,9.5,9.03,109268,102205278.0,5.22,5.56,0.5,2.82
2014-04-24,002215,9.4,9.39,9.5,9.25,54017,50642485.0,2.63,-1.16,-0.11,1.39
2014-04-25,002215,9.37,9.02,9.37,8.9,51166,46776641.0,5.01,-3.94,-0.37,1.32
2014-04-28,002215,9.02,9.04,9.22,8.99,41284,37561695.0,2.55,0.22,0.02,1.06
2014-04-29,002215,9.0,9.5,9.52,9.0,61227,57199845.0,5.75,5.09,0.46,1.58
2014-04-30,002215,9.5,9.34,9.57,9.26,44158,41509571.0,3.26,-1.68,-0.16,1.14
2014-05-05,002215,9.25,9.2,9.25,8.96,43829,39869674.0,3.1,-1.5,-0.14,1.13
2014-05-06,002215,9.15,9.4,9.56,9.11,63207,59391075.0,4.89,2.17,0.2,1.63
2014-05-07,002215,9.37,9.16,9.4,9.05,37828,34974251.0,3.72,-2.55,-0.24,0.96
2014-05-08,002215,9.12,9.1,9.27,9.01,26957,24648639.0,2.84,-0.66,-0.06,0.69
2014-05-09,002215,9.16,9.73,9.87,9.06,126473,120849440.0,8.9,6.92,0.63,3.21
2014-05-12,002215,9.68,9.85,9.95,9.59,78657,76993464.0,3.7,1.23,0.12,2.0
2014-05-13,002215,9.95,9.76,9.95,9.68,49999,48965006.0,2.74,-0.91,-0.09,1.27
2014-05-14,002215,9.75,9.69,9.81,9.55,48962,47487258.0,2.66,-0.72,-0.07,1.24
2014-05-15,002215,9.66,9.75,9.8,9.6,30992,30057309.0,2.06,0.62,0.06,0.79
2014-05-16,002215,9.74,9.37,10.2,9.0,112509,109605350.0,12.31,-3.9,-0.38,2.86
2014-05-19,002215,9.05,9.6,9.77,9.01,66483,62341008.0,8.11,2.45,0.23,1.69
2014-05-20,002215,7.15,7.2,7.4,7.11,67565,48849388.0,3.02,-25.0,-2.4,1.32
2014-05-21,002215,7.2,7.23,7.27,7.07,39257,28187006.0,2.78,0.42,0.03,0.77
2014-05-22,002215,7.23,7.11,7.26,7.11,50526,36322279.0,2.07,-1.66,-0.12,0.99
2014-05-23,002215,7.11,7.16,7.22,6.86,55164,38803690.0,5.06,0.7,0.05,1.08
2014-05-26,002215,7.22,7.11,7.25,7.05,50893,36181304.0,2.79,-0.7,-0.05,0.99
2014-05-27,002215,7.13,7.39,7.39,7.06,85812,61719624.0,4.64,3.94,0.28,1.68
2014-05-28,002215,7.32,7.57,7.64,7.23,102107,76662336.0,5.55,2.44,0.18,2.0
2014-05-29,002215,7.51,7.51,7.67,7.41,54869,41362836.0,3.43,-0.79,-0.06,1.07
2014-05-30,002215,7.49,7.43,7.5,7.31,31713,23425375.0,2.53,-1.07,-0.08,0.62
2014-06-03,002215,7.3,7.37,7.4,7.26,35759,26302011.0,1.88,-0.81,-0.06,0.69
2014-06-04,002215,7.35,7.25,7.35,7.13,33670,24274766.0,2.99,-1.63,-0.12,0.65
2014-06-05,002215,7.2,7.26,7.28,7.11,43082,30958562.0,2.34,0.14,0.01,0.84
2014-06-06,002215,7.22,7.09,7.29,7.02,43770,31239939.0,3.72,-2.34,-0.17,0.85
2014-06-09,002215,7.1,7.09,7.16,7.0,23419,16575559.0,2.26,0.0,0.0,0.45
2014-06-10,002215,7.09,7.22,7.24,7.08,26658,19200079.0,2.26,1.83,0.13,0.52
2014-06-11,002215,7.25,7.25,7.3,7.19,21020,15243627.0,1.52,0.42,0.03,0.41
2014-06-12,002215,7.24,7.38,7.41,7.2,34605,25422692.0,2.9,1.79,0.13,0.67
2014-06-13,002215,7.37,7.4,7.44,7.31,33096,24434609.0,1.76,0.27,0.02,0.64
2014-06-16,002215,7.38,7.36,7.38,7.2,35519,25947249.0,2.43,-0.54,-0.04,0.69
2014-06-17,002215,7.31,7.41,7.43,7.31,38482,28436053.0,1.63,0.68,0.05,0.75
2014-06-18,002215,7.38,7.21,7.41,7.2,32734,23723456.0,2.83,-2.7,-0.2,0.63
2014-06-19,002215,7.18,7.01,7.19,6.96,49003,34554206.0,3.19,-2.77,-0.2,0.95
2014-06-20,002215,7.01,7.13,7.19,7.01,15529,11024259.0,2.57,1.71,0.12,0.3
2014-06-23,002215,7.13,7.08,7.2,7.06,28415,20289057.0,1.96,-0.7,-0.05,0.55
2014-06-24,002215,7.1,7.18,7.2,7.04,23787,16990760.0,2.26,1.41,0.1,0.46
2014-06-25,002215,7.13,7.12,7.17,7.06,18379,13032218.0,1.53,-0.84,-0.06,0.36
2014-06-26,002215,7.12,7.17,7.2,7.12,19370,13886044.0,1.12,0.7,0.05,0.38
2014-06-27,002215,7.14,7.45,7.5,7.13,88623,65300502.0,5.16,3.91,0.28,1.72
2014-06-30,002215,7.44,7.48,7.51,7.34,44940,33343614.0,2.28,0.4,0.03,0.87
2014-07-01,002215,7.47,7.44,7.49,7.36,32238,23877995.0,1.74,-0.53,-0.04,0.63
2014-07-02,002215,7.43,7.66,7.68,7.43,85652,65032930.0,3.36,2.96,0.22,1.66
2014-07-03,002215,7.67,7.93,8.05,7.6,112364,88616968.0,5.87,3.52,0.27,2.18
2014-07-04,002215,7.96,7.95,8.15,7.84,64751,51567735.0,3.91,0.25,0.02,1.26
2014-07-07,002215,7.91,7.84,8.03,7.77,34938,27456156.0,3.27,-1.38,-0.11,0.68
2014-07-08,002215,7.84,8.04,8.06,7.76,39752,31361182.0,3.83,2.55,0.2,0.77
2014-07-09,002215,8.02,7.8,8.09,7.8,34943,27858065.0,3.61,-2.99,-0.24,0.68
2014-07-10,002215,7.8,7.91,8.04,7.76,26112,20662683.0,3.59,1.41,0.11,0.51
2014-07-11,002215,7.83,7.87,7.96,7.82,25304,19943739.0,1.77,-0.51,-0.04,0.49
2014-07-14,002215,7.83,7.88,7.95,7.65,47447,36802482.0,3.81,0.13,0.01,0.92
2014-07-15,002215,7.84,7.99,8.08,7.81,73087,58239738.0,3.43,1.4,0.11,1.42
2014-07-16,002215,7.97,7.87,7.98,7.83,24932,19679365.0,1.88,-1.5,-0.12,0.48
2014-07-17,002215,7.87,7.69,7.87,7.58,40313,31030127.0,3.68,-2.29,-0.18,0.78
2014-07-18,002215,7.69,7.7,7.8,7.62,16318,12601089.0,2.34,0.13,0.01,0.32
2014-07-21,002215,7.7,7.47,7.75,7.32,65906,49085676.0,5.58,-2.99,-0.23,1.28
2014-07-22,002215,7.43,7.47,7.52,7.35,27782,20697817.0,2.28,0.0,0.0,0.54
2014-07-23,002215,7.47,7.46,7.57,7.4,26507,19842490.0,2.28,-0.13,-0.01,0.51
2014-07-24,002215,7.46,7.31,7.46,7.25,46609,34205855.0,2.82,-2.01,-0.15,0.9
2014-07-25,002215,7.3,7.54,7.56,7.3,31934,23812871.0,3.56,3.15,0.23,0.62
2014-07-28,002215,7.54,7.67,7.71,7.54,46641,35549247.0,2.25,1.72,0.13,0.9
2014-07-29,002215,7.68,7.68,7.7,7.6,53230,40697559.0,1.3,0.13,0.01,1.03
2014-07-30,002215,7.67,7.69,7.73,7.61,29372,22529372.0,1.56,0.13,0.01,0.57
2014-07-31,002215,7.7,7.73,7.75,7.67,53432,41200802.0,1.04,0.52,0.04,1.04
2014-08-01,002215,7.72,7.6,7.72,7.56,49526,37885315.0,2.07,-1.68,-0.13,0.96
2014-08-04,002215,7.57,7.67,7.68,7.55,36826,28070392.0,1.71,0.92,0.07,0.71
2014-08-05,002215,7.68,7.8,7.8,7.67,51853,40188519.0,1.69,1.69,0.13,1.01
2014-08-06,002215,7.8,7.8,7.83,7.7,38975,30292813.0,1.67,0.0,0.0,0.76
2014-08-07,002215,7.8,7.76,7.85,7.74,40090,31241430.0,1.41,-0.51,-0.04,0.78
2014-08-08,002215,7.72,7.68,7.81,7.64,56724,43714156.0,2.19,-1.03,-0.08,1.1
2014-08-11,002215,7.68,7.82,7.82,7.65,74638,57790699.0,2.21,1.82,0.14,1.45
2014-08-12,002215,7.82,7.96,8.01,7.77,89790,71011817.0,3.07,1.79,0.14,1.74
2014-08-13,002215,7.94,7.91,7.98,7.77,55179,43359322.0,2.64,-0.63,-0.05,1.07
2014-08-14,002215,7.89,7.92,7.94,7.8,70513,55572800.0,1.77,0.13,0.01,1.37
2014-08-19,002215,8.71,8.47,8.71,8.27,291072,244993908.0,5.56,6.94,0.55,5.64
2014-08-20,002215,8.51,8.75,8.87,8.5,305852,264539717.0,4.37,3.31,0.28,5.93
2014-08-21,002215,8.57,8.46,8.65,8.39,131159,111326781.0,2.97,-3.31,-0.29,2.54
2014-08-22,002215,8.41,8.5,8.58,8.38,84336,71678842.0,2.36,0.47,0.04,1.64
2014-08-25,002215,8.5,8.36,8.6,8.32,56372,47233219.0,3.29,-1.65,-0.14,1.09
2014-08-26,002215,8.31,8.18,8.42,8.11,65322,54135171.0,3.71,-2.15,-0.18,1.27
2014-08-27,002215,8.18,8.36,8.49,8.14,72813,60461821.0,4.28,2.2,0.18,1.41
2014-08-28,002215,8.35,8.3,8.48,8.26,43932,36738196.0,2.63,-0.72,-0.06,0.85
2014-08-29,002215,8.35,8.54,8.54,8.23,54392,45841905.0,3.73,2.89,0.24,1.05
2014-09-01,002215,8.55,8.65,8.67,8.5,71157,60973050.0,1.99,1.29,0.11,1.38
2014-09-02,002215,8.65,8.83,8.85,8.61,114915,100824579.0,2.77,2.08,0.18,2.23
2014-09-03,002215,8.85,8.8,8.85,8.68,82410,72198989.0,1.93,-0.34,-0.03,1.6
2014-09-04,002215,8.73,8.84,8.98,8.73,86637,76817829.0,2.84,0.45,0.04,1.68
2014-09-05,002215,8.84,8.8,8.84,8.68,61464,53717507.0,1.81,-0.45,-0.04,1.19
2014-09-09,002215,8.83,8.81,8.88,8.68,51229,45008966.0,2.27,0.11,0.01,0.99
2014-09-10,002215,8.92,9.09,9.2,8.89,139300,126304358.0,3.52,3.18,0.28,2.7
2014-09-11,002215,9.1,9.2,9.43,8.95,113133,104476978.0,5.28,1.21,0.11,2.19
2014-09-12,002215,9.29,9.26,9.35,9.21,67998,63154390.0,1.52,0.65,0.06,1.32
2014-09-15,002215,9.15,9.21,9.25,9.08,77740,71246936.0,1.84,-0.54,-0.05,1.51
2014-09-16,002215,9.2,8.81,9.26,8.77,86692,78108973.0,5.32,-4.34,-0.4,1.68
2014-09-17,002215,8.8,8.88,8.9,8.65,51130,44924752.0,2.84,0.79,0.07,0.99
2014-09-18,002215,8.8,8.85,8.92,8.74,33187,29308457.0,2.03,-0.34,-0.03,0.64
2014-09-19,002215,8.61,9.06,9.18,8.55,137293,121794936.0,7.12,2.37,0.21,2.66
2014-09-22,002215,9.22,9.16,9.45,9.08,133189,123167026.0,4.08,1.1,0.1,2.58
2014-09-23,002215,9.15,9.3,9.38,9.1,67812,62884166.0,3.06,1.53,0.14,1.31
2014-09-24,002215,9.3,9.29,9.36,9.17,62409,57731838.0,2.04,-0.11,-0.01,1.21
2014-09-25,002215,9.33,9.59,9.75,9.33,154080,147744865.0,4.52,3.23,0.3,2.99
2014-09-26,002215,9.57,9.59,9.84,9.41,82917,80203862.0,4.48,0.0,0.0,1.61
2014-09-29,002215,9.63,9.97,10.13,9.61,131897,131421963.0,5.42,3.96,0.38,2.56
2014-09-30,002215,9.97,10.02,10.08,9.9,65830,65736254.0,1.81,0.5,0.05,1.28
2014-10-08,002215,10.08,9.95,10.21,9.84,96732,96315209.0,3.69,-0.7,-0.07,1.88
2014-10-09,002215,9.95,9.9,9.98,9.68,68507,67306675.0,3.02,-0.5,-0.05,1.33
2014-10-10,002215,9.82,9.9,9.96,9.71,76496,75206704.0,2.53,0.0,0.0,1.48
2014-10-13,002215,9.81,9.85,9.91,9.56,55428,54068818.0,3.54,-0.51,-0.05,1.07
2014-10-14,002215,9.7,9.81,9.92,9.58,97836,95765886.0,3.45,-0.41,-0.04,1.9
2014-10-15,002215,9.78,9.73,9.82,9.66,50724,49303130.0,1.63,-0.82,-0.08,0.98
2014-10-16,002215,9.73,9.7,9.81,9.59,43049,41807621.0,2.26,-0.31,-0.03,0.83
2014-10-17,002215,9.75,9.6,9.8,9.4,45236,43378080.0,4.12,-1.03,-0.1,0.88
2014-10-20,002215,9.64,10.05,10.05,9.6,67668,66699304.0,4.69,4.69,0.45,1.31
2014-10-21,002215,10.0,10.43,10.83,9.87,158261,163289344.0,9.55,3.78,0.38,3.07
2014-10-22,002215,10.36,10.08,10.59,9.96,82258,84225360.0,6.04,-3.36,-0.35,1.59
2014-10-23,002215,10.0,9.75,10.0,9.7,52063,50996780.0,2.98,-3.27,-0.33,1.01
2014-10-24,002215,9.75,10.19,10.43,9.7,93890,94825817.0,7.49,4.51,0.44,1.82
2014-10-27,002215,10.19,9.93,10.2,9.68,63905,63310696.0,5.1,-2.55,-0.26,1.24
2014-10-28,002215,9.9,10.13,10.13,9.77,86811,86680307.0,3.63,2.01,0.2,1.68
2014-10-29,002215,10.13,10.1,10.29,10.0,99730,101381264.0,2.86,-0.3,-0.03,1.93
2014-10-30,002215,10.13,10.24,10.4,10.1,98239,100846373.0,2.97,1.39,0.14,1.9
2014-10-31,002215,10.32,10.08,10.38,10.02,55304,56167810.0,3.52,-1.56,-0.16,1.07
2014-11-03,002215,10.1,9.97,10.25,9.93,79546,80379309.0,3.17,-1.09,-0.11,1.54
2014-11-04,002215,9.94,9.75,10.1,9.74,79331,78441618.0,3.61,-2.21,-0.22,1.54
2014-11-05,002215,9.75,9.84,10.0,9.75,58371,57501374.0,2.56,0.92,0.09,1.13
2014-11-06,002215,9.85,10.09,10.09,9.73,58958,58269070.0,3.66,2.54,0.25,1.14
2014-11-07,002215,10.13,9.92,10.16,9.86,69912,70292093.0,2.97,-1.68,-0.17,1.36
2014-11-10,002215,9.99,9.84,10.0,9.76,43915,43182322.0,2.42,-0.81,-0.08,0.85
2014-11-11,002215,9.84,9.33,9.88,9.29,65823,62715443.0,6.0,-5.18,-0.51,1.28
2014-11-12,002215,9.34,9.54,9.66,9.34,35957,34240263.0,3.43,2.25,0.21,0.7
2014-11-13,002215,9.62,9.35,9.65,9.21,54178,50957767.0,4.61,-1.99,-0.19,1.05
2014-11-14,002215,9.36,9.15,9.42,9.12,34762,31967642.0,3.21,-2.14,-0.2,0.67
2014-11-17,002215,9.18,9.41,9.63,9.15,56833,53347218.0,5.25,2.84,0.26,1.1
2014-11-18,002215,9.4,9.41,9.49,9.34,34576,32504129.0,1.59,0.0,0.0,0.67
2014-11-19,002215,9.41,9.49,9.53,9.39,33805,31996471.0,1.49,0.85,0.08,0.66
2014-11-20,002215,9.45,9.58,9.76,9.41,75744,72898363.0,3.69,0.95,0.09,1.47
2014-11-21,002215,9.76,10.08,10.21,9.62,123751,123454105.0,6.16,5.22,0.5,2.4
2014-11-24,002215,9.96,10.19,10.22,9.96,70315,71050202.0,2.58,1.09,0.11,1.36
2014-11-25,002215,10.15,10.22,10.33,10.04,63071,64228479.0,2.85,0.29,0.03,1.22
2014-11-26,002215,10.22,10.03,10.22,9.99,56596,56955111.0,2.25,-1.86,-0.19,1.1
2014-11-27,002215,10.04,10.07,10.16,9.85,71435,71319018.0,3.09,0.4,0.04,1.39
2014-11-28,002215,10.07,9.98,10.1,9.88,41348,41167435.0,2.18,-0.89,-0.09,0.8
2014-12-01,002215,9.98,9.58,9.98,9.45,98731,94995071.0,5.31,-4.01,-0.4,1.91
2014-12-02,002215,9.56,9.74,9.81,9.55,51935,50493570.0,2.71,1.67,0.16,1.01
2014-12-03,002215,9.76,10.08,10.22,9.76,104445,105093612.0,4.72,3.49,0.34,2.03
2014-12-04,002215,10.13,10.43,10.78,10.11,132619,138742185.0,6.65,3.47,0.35,2.57
2014-12-05,002215,10.4,9.93,10.4,9.61,104938,104653019.0,7.57,-4.79,-0.5,2.03
2014-12-08,002215,9.94,9.74,10.1,9.62,107773,104933464.0,4.83,-1.91,-0.19,2.09
2014-12-09,002215,9.65,9.21,9.7,9.2,107846,101810926.0,5.13,-5.44,-0.53,2.09
2014-12-10,002215,9.16,9.53,9.56,9.15,49529,46811319.0,4.45,3.47,0.32,0.96
2014-12-11,002215,9.5,9.66,9.68,9.42,40042,38410574.0,2.73,1.36,0.13,0.78
2014-12-12,002215,9.7,9.68,9.74,9.51,34268,32979614.0,2.38,0.21,0.02,0.66
2014-12-15,002215,9.67,9.56,9.68,9.35,112428,106639937.0,3.41,-1.24,-0.12,2.18
2014-12-16,002215,9.48,9.47,9.52,9.4,38164,36083796.0,1.26,-0.94,-0.09,0.74
2014-12-17,002215,9.44,9.35,9.55,9.23,59164,55628876.0,3.38,-1.27,-0.12,1.15
2014-12-18,002215,9.35,9.4,9.47,9.26,60957,57102980.0,2.25,0.53,0.05,1.18
2014-12-19,002215,9.39,9.21,9.47,9.14,68471,63329321.0,3.51,-2.02,-0.19,1.33
2014-12-22,002215,9.22,8.68,9.33,8.6,78602,69602821.0,7.93,-5.75,-0.53,1.52
2014-12-23,002215,8.66,8.74,8.99,8.66,50312,44286613.0,3.8,0.69,0.06,0.98
2014-12-24,002215,8.94,9.23,9.25,8.82,87265,78901317.0,4.92,5.61,0.49,1.69
2014-12-25,002215,9.14,9.16,9.28,9.05,40893,37338406.0,2.49,-0.76,-0.07,0.79
2014-12-26,002215,9.17,9.05,9.19,8.9,48987,44106073.0,3.17,-1.2,-0.11,0.95
2014-12-29,002215,9.0,8.78,9.0,8.76,43290,38285814.0,2.65,-2.98,-0.27,0.84
2014-12-30,002215,8.83,8.5,8.89,8.44,48020,41446258.0,5.13,-3.19,-0.28,0.93
2014-12-31,002215,8.51,8.62,8.76,8.51,36559,31356072.0,2.94,1.41,0.12,0.71
2015-01-05,002215,8.62,8.65,8.77,8.29,77844,65969832.0,5.57,0.35,0.03,1.51
2015-01-06,002215,8.58,8.86,8.86,8.45,65939,57163011.0,4.74,2.43,0.21,1.28
2015-01-07,002215,8.88,8.94,9.07,8.85,52143,46662901.0,2.48,0.9,0.08,1.01
2015-01-08,002215,8.98,9.14,9.34,8.9,86229,78830253.0,4.92,2.24,0.2,1.67
2015-01-09,002215,9.12,9.0,9.23,9.0,47379,43087027.0,2.52,-1.53,-0.14,0.92
2015-01-12,002215,9.0,8.67,9.0,8.6,46294,40287059.0,4.44,-3.67,-0.33,0.9
2015-01-13,002215,8.69,8.96,8.97,8.51,93239,80949263.0,5.31,3.34,0.29,1.81
2015-01-14,002215,8.88,8.74,8.91,8.6,46013,40357840.0,3.46,-2.46,-0.22,0.89
2015-01-15,002215,8.8,8.76,8.8,8.64,44619,38959964.0,1.83,0.23,0.02,0.87
2015-01-16,002215,8.79,8.92,8.93,8.66,59547,52432854.0,3.08,1.83,0.16,1.15
2015-01-19,002215,8.7,8.91,9.16,8.61,96220,86356936.0,6.17,-0.11,-0.01,1.87
2015-01-20,002215,9.0,9.27,9.29,8.94,84290,77134527.0,3.93,4.04,0.36,1.63
2015-01-21,002215,9.3,9.62,9.78,9.22,141427,134170964.0,6.04,3.78,0.35,2.74
2015-01-22,002215,9.7,9.7,9.87,9.6,107197,103805577.0,2.81,0.83,0.08,2.08
2015-01-23,002215,9.75,9.58,9.89,9.45,92081,88613238.0,4.54,-1.24,-0.12,1.79
2015-01-26,002215,9.75,9.95,10.26,9.72,169330,168276825.0,5.64,3.86,0.37,3.28
2015-01-27,002215,10.04,10.86,10.95,9.98,313469,330566288.0,9.75,9.15,0.91,6.08
2015-01-28,002215,10.75,11.01,11.88,10.64,288101,322155344.0,11.42,1.38,0.15,5.59
2015-01-29,002215,11.02,10.92,11.19,10.75,111976,122041804.0,4.0,-0.82,-0.09,2.17
2015-01-30,002215,10.87,10.93,11.36,10.87,126726,140965323.0,4.49,0.09,0.01,2.46
2015-02-02,002215,11.08,10.91,11.08,10.4,108950,116408773.0,6.22,-0.18,-0.02,2.11
2015-02-03,002215,10.85,10.84,11.08,10.61,107591,117112293.0,4.31,-0.64,-0.07,2.09
2015-02-04,002215,10.76,11.04,11.1,10.65,91900,100419834.0,4.15,1.85,0.2,1.78
2015-02-05,002215,11.15,11.25,11.43,10.96,104612,117054671.0,4.26,1.9,0.21,2.03
2015-02-06,002215,11.2,11.4,11.8,11.15,109025,125966447.0,5.78,1.33,0.15,2.11
2015-02-09,002215,11.32,11.72,12.0,11.11,91000,106538199.0,7.81,2.81,0.32,1.76
2015-02-10,002215,11.72,11.88,12.21,11.33,121210,142244937.0,7.51,1.37,0.16,2.35
2015-02-11,002215,11.86,11.89,12.1,11.61,66744,79596119.0,4.12,0.08,0.01,1.29
2015-02-12,002215,12.04,11.77,12.17,11.7,47891,56880734.0,3.95,-1.01,-0.12,0.93
2015-02-13,002215,11.68,12.05,12.19,11.67,66929,80030391.0,4.42,2.38,0.28,1.3
2015-02-16,002215,11.4,11.56,12.03,10.98,239550,278210912.0,8.71,-4.07,-0.49,4.64
2015-02-17,002215,11.53,11.67,11.77,11.4,77227,89337437.0,3.2,0.95,0.11,1.5
2015-02-25,002215,11.55,11.37,11.67,11.35,53240,60912310.0,2.74,-2.57,-0.3,1.03
2015-02-26,002215,11.42,11.41,11.62,11.2,68322,77548204.0,3.69,0.35,0.04,1.32
2015-02-27,002215,11.61,11.94,11.95,11.52,102488,120406975.0,3.77,4.65,0.53,1.99
2015-03-02,002215,11.94,12.4,12.45,11.59,102035,123387136.0,7.2,3.85,0.46,1.98
2015-03-03,002215,12.34,12.43,12.68,12.06,96449,119818822.0,5.0,0.24,0.03,1.87
2015-03-04,002215,12.43,13.2,13.67,12.27,165395,218388086.0,11.26,6.19,0.77,3.21
2015-03-05,002215,13.03,13.3,13.4,12.94,79727,104796469.0,3.48,0.76,0.1,1.55
2015-03-06,002215,13.3,14.63,14.63,13.28,215232,302602976.0,10.15,10.0,1.33,4.17
2015-03-09,002215,14.62,14.6,15.02,14.1,126726,184092162.0,6.29,-0.21,-0.03,2.46
2015-03-10,002215,14.4,15.57,15.78,14.4,140745,214596218.0,9.45,6.64,0.97,2.73
2015-03-11,002215,15.4,15.36,15.72,14.93,98479,150472011.0,5.07,-1.35,-0.21,1.91
2015-03-12,002215,15.37,15.17,15.41,14.35,117937,174812987.0,6.9,-1.24,-0.19,2.29
2015-03-13,002215,15.0,14.93,15.37,14.51,81600,121364252.0,5.67,-1.58,-0.24,1.57
2015-03-16,002215,15.08,16.09,16.3,14.8,161203,248841106.0,10.05,7.77,1.16,3.1
2015-03-17,002215,16.0,16.0,17.16,15.6,164895,267180293.0,9.7,-0.56,-0.09,3.17
2015-03-18,002215,15.98,15.75,16.0,15.51,120470,188873045.0,3.06,-1.56,-0.25,2.32
2015-03-19,002215,15.75,15.6,15.84,15.41,111357,173944474.0,2.73,-0.95,-0.15,2.14
2015-03-20,002215,16.15,15.99,16.8,15.9,165329,268557568.0,5.77,2.5,0.39,3.18
2015-03-23,002215,16.0,16.2,16.8,15.8,164773,267263127.0,6.25,1.31,0.21,3.17
2015-03-24,002215,16.24,17.82,17.82,15.87,276104,465735872.0,12.04,10.0,1.62,5.31
2015-03-25,002215,17.9,18.02,18.6,16.99,191979,340006288.0,9.03,1.12,0.2,3.69
2015-03-26,002215,17.7,17.15,17.7,16.98,139195,241027027.0,4.0,-4.83,-0.87,2.68
2015-03-27,002215,17.0,16.87,17.38,16.62,97874,165111906.0,4.43,-1.63,-0.28,1.88
2015-03-30,002215,16.84,16.4,17.08,16.05,163320,269454832.0,6.11,-2.79,-0.47,3.14
2015-03-31,002215,16.52,17.44,17.84,16.22,184586,315577648.0,9.88,6.34,1.04,3.55
2015-04-01,002215,17.69,18.51,18.7,17.33,176959,323193840.0,7.86,6.14,1.07,3.4
2015-04-02,002215,18.58,18.21,19.0,17.83,131290,240533786.0,6.32,-1.62,-0.3,2.53
2015-04-03,002215,18.21,18.9,19.1,17.88,143330,268340526.0,6.7,3.79,0.69,2.76
2015-04-07,002215,19.46,19.31,19.9,19.17,183675,357398208.0,3.86,2.17,0.41,3.53
2015-04-08,002215,19.28,18.53,19.3,18.09,137797,257272250.0,6.27,-4.04,-0.78,2.65
2015-04-09,002215,18.45,18.33,18.69,17.6,98903,179701575.0,5.88,-1.08,-0.2,1.9
2015-04-10,002215,18.32,18.75,18.83,18.3,76025,141111259.0,2.89,2.29,0.42,1.46
2015-04-13,002215,18.73,18.83,19.06,18.4,105968,199232892.0,3.52,0.43,0.08,2.04
2015-04-14,002215,18.9,18.6,18.96,17.8,134775,246890334.0,6.16,-1.22,-0.23,2.59
2015-04-15,002215,18.0,17.88,18.37,17.5,105755,189223138.0,4.68,-3.87,-0.72,2.03
2015-04-16,002215,17.6,17.78,17.95,17.2,66556,117208390.0,4.19,-0.56,-0.1,1.28
2015-04-17,002215,18.0,17.62,18.1,17.56,81561,144556024.0,3.04,-0.9,-0.16,1.57
2015-04-20,002215,17.59,17.19,17.6,17.11,87400,150992962.0,2.78,-2.44,-0.43,1.68
2015-04-21,002215,17.37,17.73,17.8,17.21,110578,193378151.0,3.43,3.14,0.54,2.13
2015-04-22,002215,17.9,18.15,18.4,17.85,139041,252732849.0,3.1,2.37,0.42,2.67
2015-04-23,002215,18.33,17.99,18.33,17.88,107845,195574710.0,2.48,-0.88,-0.16,2.07
2015-04-24,002215,17.8,19.69,19.75,17.55,319042,602435328.0,12.23,9.45,1.7,6.14
2015-04-27,002215,19.81,20.89,21.66,19.81,338324,715230144.0,9.4,6.09,1.2,6.51
2015-04-28,002215,20.52,20.29,22.02,19.81,217255,454883104.0,10.58,-2.87,-0.6,4.24
2015-04-29,002215,20.33,21.47,21.98,20.3,147443,314963968.0,8.28,5.82,1.18,2.88
2015-04-30,002215,22.12,23.62,23.62,22.12,294107,692776336.0,6.99,10.01,2.15,5.74
2015-05-04,002215,23.68,22.8,23.8,22.46,134380,308422848.0,5.67,-3.47,-0.82,2.62
2015-05-05,002215,22.71,21.41,22.71,20.95,103360,224075602.0,7.72,-6.1,-1.39,2.02
2015-05-06,002215,21.16,21.85,23.55,21.0,154033,344907904.0,11.91,2.06,0.44,3.01
2015-05-07,002215,21.64,22.66,23.25,21.12,102580,232104564.0,9.75,3.71,0.81,2.0
2015-05-08,002215,22.91,24.93,24.93,22.91,178708,433518240.0,8.91,10.02,2.27,3.49
2015-05-12,002215,27.42,27.42,27.42,27.42,6234,17092750.0,0.0,9.99,2.49,0.12
2015-05-13,002215,30.16,30.16,30.16,30.16,9913,29897728.0,0.0,9.99,2.74,0.19
2015-05-14,002215,31.1,33.18,33.18,30.68,346344,1134580816.0,8.29,10.01,3.02,6.77
2015-05-15,002215,32.7,32.69,33.5,30.01,240675,764781680.0,10.52,-1.48,-0.49,4.67
2015-05-18,002215,32.8,35.78,35.9,32.8,202662,697384560.0,9.48,9.45,3.09,3.93
2015-05-19,002215,35.79,36.89,38.6,34.5,152964,558904368.0,11.46,3.1,1.11,2.97
2015-05-20,002215,36.6,37.03,39.0,35.2,135172,502409600.0,10.3,0.38,0.14,2.62
2015-05-21,002215,37.0,37.64,38.5,35.81,141341,523284000.0,7.26,1.65,0.61,2.74
2015-05-22,002215,38.2,37.34,39.55,36.9,123600,467293808.0,7.04,-0.8,-0.3,2.4
2015-05-25,002215,28.0,28.63,29.51,26.71,138049,388687184.0,7.5,-23.33,-8.71,2.06
2015-05-26,002215,28.58,29.22,29.49,27.82,197757,571059392.0,5.83,2.06,0.59,2.95
2015-05-27,002215,29.3,31.29,31.97,28.72,216725,654525824.0,11.12,7.08,2.07,3.23
2015-05-28,002215,31.22,28.39,32.87,28.2,275192,846943088.0,14.92,-9.27,-2.9,4.11
2015-05-29,002215,28.0,29.02,29.81,25.68,169415,487453024.0,14.55,2.22,0.63,2.53
2015-06-01,002215,29.03,30.5,31.48,29.03,154928,474328368.0,8.44,5.1,1.48,2.31
2015-06-02,002215,29.55,30.02,31.24,29.01,218423,654322128.0,7.31,-1.57,-0.48,3.26
2015-06-03,002215,29.83,29.04,29.9,28.08,164580,478921904.0,6.06,-3.26,-0.98,2.46
2015-06-04,002215,28.88,28.0,29.48,26.75,149787,416693712.0,9.4,-3.58,-1.04,2.23
2015-06-05,002215,28.6,28.01,28.98,27.73,142898,403639936.0,4.46,0.04,0.01,2.13
2015-06-08,002215,27.6,26.59,27.6,26.38,150494,403562688.0,4.36,-5.07,-1.42,2.24
2015-06-09,002215,26.59,27.8,27.86,26.55,147427,404666496.0,4.93,4.55,1.21,2.19
2015-06-10,002215,28.01,28.11,28.5,27.22,121265,342266096.0,4.6,1.12,0.31,1.8
2015-06-11,002215,28.11,27.8,28.5,26.91,126067,347670912.0,5.66,-1.1,-0.31,1.88
2015-06-12,002215,28.06,28.45,28.7,28.02,147348,418064048.0,2.45,2.34,0.65,2.19
2015-06-15,002215,28.42,26.85,28.76,26.3,160901,442416576.0,8.65,-5.62,-1.6,2.39
2015-06-16,002215,26.9,24.17,27.1,24.17,201186,501683648.0,10.91,-9.98,-2.68,2.99
2015-06-17,002215,24.19,24.02,24.32,21.9,243537,560720912.0,10.01,-0.62,-0.15,3.62
2015-06-18,002215,23.8,22.65,23.8,22.4,122007,283014864.0,5.83,-5.7,-1.37,1.82
2015-06-19,002215,22.4,22.42,23.56,21.75,139153,319416144.0,7.99,-1.02,-0.23,2.07
2015-06-23,002215,22.55,23.34,23.6,21.5,118809,271334160.0,9.37,4.1,0.92,1.77
2015-06-24,002215,23.6,22.97,23.9,22.4,134688,312669040.0,6.43,-1.59,-0.37,2.0
2015-06-25,002215,23.12,21.02,23.4,20.85,135197,298672784.0,11.1,-8.49,-1.95,2.01
2015-06-26,002215,19.98,18.92,19.98,18.92,131962,252806657.0,5.04,-9.99,-2.1,1.96
2015-06-29,002215,19.63,17.03,19.64,17.03,141981,247918753.0,13.79,-9.99,-1.89,2.11
2015-06-30,002215,16.0,17.25,17.98,15.33,279418,464999904.0,15.56,1.29,0.22,4.09
2015-07-01,002215,17.43,17.29,18.65,16.81,258263,461477824.0,10.67,0.23,0.04,3.78
2015-07-02,002215,17.2,15.56,17.48,15.56,148337,241485212.0,11.1,-10.01,-1.73,2.17
2015-07-03,002215,14.7,14.0,16.0,14.0,137547,199258719.0,12.85,-10.03,-1.56,2.01
2015-07-06,002215,15.4,12.6,15.4,12.6,222785,294736080.0,20.0,-10.0,-1.4,3.26
2015-07-07,002215,11.5,11.34,11.59,11.34,130267,148139608.0,1.98,-10.0,-1.26,1.91
2015-07-13,002215,12.47,12.47,12.47,12.47,4528,5646677.0,0.0,9.96,1.13,0.07
2015-07-14,002215,13.72,13.72,13.72,13.72,4185,5741614.0,0.0,10.02,1.25,0.06
2015-07-15,002215,15.09,13.61,15.09,13.23,399791,577623312.0,13.56,-0.8,-0.11,5.86
2015-07-16,002215,13.61,14.3,14.5,12.5,253213,350357952.0,14.7,5.07,0.69,3.71
2015-07-17,002215,14.32,15.73,15.73,14.32,205089,314856448.0,9.86,10.0,1.43,3.0
2015-07-20,002215,16.35,17.25,17.3,16.0,244586,409227248.0,8.26,9.66,1.52,3.58
2015-07-21,002215,17.1,17.33,18.4,16.5,199357,351809104.0,11.01,0.46,0.08,2.92
2015-07-22,002215,17.28,17.55,17.76,16.43,192754,329963664.0,7.67,1.27,0.22,2.82
2015-07-23,002215,18.03,18.31,18.59,17.8,185181,337919808.0,4.5,4.33,0.76,2.71
2015-07-24,002215,18.18,17.8,18.49,17.6,205057,370599120.0,4.86,-2.79,-0.51,3.0
2015-07-27,002215,17.69,16.16,18.5,16.06,194934,344050752.0,13.71,-9.21,-1.64,2.86
2015-07-28,002215,15.01,15.54,16.6,14.54,159603,245060028.0,12.75,-3.84,-0.62,2.34
2015-07-29,002215,16.0,16.89,16.9,15.0,158453,252300743.0,12.23,8.69,1.35,2.32
2015-07-30,002215,16.8,16.23,17.32,16.2,136015,229936707.0,6.63,-3.91,-0.66,1.99
2015-07-31,002215,16.0,15.53,16.3,15.01,93278,147200712.0,7.95,-4.31,-0.7,1.37
2015-08-03,002215,15.35,14.11,15.49,13.98,90923,133382075.0,9.72,-9.14,-1.42,1.33
2015-08-04,002215,14.49,15.3,15.3,14.07,127055,185399009.0,8.72,8.43,1.19,1.86
2015-08-05,002215,15.19,15.06,15.8,14.8,110220,169211517.0,6.54,-1.57,-0.24,1.61
2015-08-06,002215,14.67,14.73,15.09,14.45,71129,105003683.0,4.25,-2.19,-0.33,1.04
2015-08-07,002215,15.06,15.39,15.68,14.88,96140,147191050.0,5.43,4.48,0.66,1.41
2015-08-10,002215,15.65,16.93,16.93,15.6,109250,180756403.0,8.64,10.01,1.54,1.6
2015-08-11,002215,17.72,17.94,18.54,17.42,268139,481473008.0,6.62,5.97,1.01,3.93
2015-08-12,002215,17.69,18.66,18.81,17.38,252606,462509808.0,7.97,4.01,0.72,3.7
2015-08-13,002215,18.48,18.63,18.88,17.65,198257,361493168.0,6.59,-0.16,-0.03,2.9
2015-08-14,002215,18.82,19.3,20.1,18.82,225769,437734608.0,6.87,3.6,0.67,3.31
2015-08-17,002215,19.01,19.6,19.71,18.81,141422,272596496.0,4.66,1.55,0.3,2.07
2015-08-18,002215,19.77,17.64,19.82,17.64,185041,343744624.0,11.12,-10.0,-1.96,2.71
2015-08-19,002215,16.8,18.2,18.4,16.28,115500,200853617.0,12.02,3.17,0.56,1.69
2015-08-20,002215,18.0,17.1,18.3,17.06,82090,145110136.0,6.81,-6.04,-1.1,1.2
2015-08-21,002215,17.1,15.92,17.44,15.88,92578,154619123.0,9.12,-6.9,-1.18,1.36
2015-08-24,002215,14.88,14.33,15.68,14.33,86669,126868097.0,8.48,-9.99,-1.59,1.27
2015-08-25,002215,12.9,12.9,13.61,12.9,106888,139217041.0,4.95,-9.98,-1.43,1.57
2015-08-26,002215,13.19,12.02,13.63,11.8,110856,142512251.0,14.19,-6.82,-0.88,1.62
2015-08-27,002215,12.32,12.73,12.91,11.85,84366,104695025.0,8.82,5.91,0.71,1.24
2015-08-28,002215,13.1,13.79,13.83,12.82,95600,127189960.0,7.93,8.33,1.06,1.4
2015-08-31,002215,13.86,12.85,13.86,12.8,74183,98653747.0,7.69,-6.82,-0.94,1.09
2015-09-01,002215,12.85,11.59,13.35,11.57,120438,147423982.0,13.85,-9.81,-1.26,1.76
2015-09-02,002215,10.46,10.71,12.16,10.46,141695,158235706.0,14.67,-7.59,-0.88,2.08
2015-09-07,002215,11.03,11.27,11.78,11.03,92401,105424161.0,7.0,5.23,0.56,1.35
2015-09-08,002215,11.27,12.25,12.3,11.12,68010,78719610.0,10.47,8.7,0.98,1.0
2015-09-09,002215,12.41,13.0,13.15,12.41,119811,154489190.0,6.04,6.12,0.75,1.76
2015-09-10,002215,12.87,13.0,13.3,12.45,100005,130031109.0,6.54,0.0,0.0,1.46
2015-09-11,002215,12.94,12.85,13.29,12.39,73223,94133342.0,6.92,-1.15,-0.15,1.07
2015-09-14,002215,13.21,11.57,13.21,11.57,70497,85919402.0,12.76,-9.96,-1.28,1.03
2015-09-15,002215,11.05,10.5,11.56,10.45,67148,73633778.0,9.59,-9.25,-1.07,0.98
2015-09-16,002215,10.71,11.55,11.55,10.52,72921,80136540.0,9.81,10.0,1.05,1.07
2015-09-17,002215,11.79,11.8,12.36,11.5,108078,129108252.0,7.45,2.16,0.25,1.58
2015-09-18,002215,11.9,12.03,12.15,11.58,56668,67423780.0,4.83,1.95,0.23,0.83
2015-09-21,002215,11.83,12.83,12.85,11.7,102557,127261222.0,9.56,6.65,0.8,1.5
2015-09-22,002215,12.87,13.28,13.48,12.85,110709,146734450.0,4.91,3.51,0.45,1.62
2015-09-23,002215,12.88,12.97,13.46,12.5,106557,136606329.0,7.23,-2.33,-0.31,1.56
2015-09-24,002215,13.0,13.0,13.25,12.81,65580,85526122.0,3.39,0.23,0.03,0.96
2015-09-25,002215,13.01,12.3,13.26,12.28,103059,132223012.0,7.54,-5.38,-0.7,1.51
2015-09-28,002215,12.47,12.55,12.78,12.1,67611,84234861.0,5.53,2.03,0.25,0.99
2015-09-29,002215,12.25,12.08,12.34,11.92,76306,92314596.0,3.35,-3.75,-0.47,1.12
2015-09-30,002215,12.24,12.06,12.3,11.9,46832,56535482.0,3.31,-0.17,-0.02,0.69
2015-10-08,002215,12.8,12.93,13.1,12.25,176154,222056465.0,7.05,7.21,0.87,2.58
2015-10-09,002215,12.75,14.22,14.22,12.66,156826,212602406.0,12.06,9.98,1.29,2.3
2015-10-12,002215,14.65,15.64,15.64,14.65,294620,454642032.0,6.96,9.99,1.42,4.32
2015-10-13,002215,15.6,15.82,16.28,15.41,212395,336001072.0,5.56,1.15,0.18,3.11
2015-10-14,002215,15.8,16.17,16.65,15.55,213976,344928928.0,6.95,2.21,0.35,3.13
2015-10-15,002215,16.09,17.79,17.79,15.7,436955,754245312.0,12.93,10.02,1.62,6.4
2015-10-16,002215,18.98,18.05,19.5,17.67,652680,1223232688.0,10.29,1.46,0.26,9.56
2015-10-19,002215,17.65,17.32,18.12,17.17,331385,579426944.0,5.26,-4.04,-0.73,4.85
2015-10-20,002215,17.28,17.6,17.87,17.14,269967,469710032.0,4.21,1.62,0.28,3.95
2015-10-21,002215,17.6,16.42,17.68,15.84,381005,634635280.0,10.45,-6.7,-1.18,5.58
2015-10-22,002215,16.38,16.9,16.99,16.1,240881,401823760.0,5.42,2.92,0.48,3.53
2015-10-23,002215,16.99,17.49,17.65,16.6,283789,489330976.0,6.21,3.49,0.59,4.16
2015-10-26,002215,17.8,18.47,19.24,17.3,413849,762764080.0,11.09,5.6,0.98,6.06
2015-10-27,002215,17.95,17.75,18.11,16.62,296309,517917136.0,8.07,-3.9,-0.72,4.34
2015-10-28,002215,17.72,16.6,17.73,16.42,185421,316491648.0,7.38,-6.48,-1.15,2.72
2015-10-29,002215,16.9,16.76,17.21,16.32,112426,188531151.0,5.36,0.96,0.16,1.65
2015-10-30,002215,17.0,16.79,17.25,16.67,142581,242324981.0,3.46,0.18,0.03,2.09
2015-11-02,002215,16.02,16.05,16.72,15.88,133869,217336614.0,5.0,-4.41,-0.74,1.96
2015-11-17,002215,17.66,17.66,17.66,17.66,14432,25487353.0,0.0,10.03,1.61,0.21
2015-11-18,002215,19.0,17.79,19.05,17.66,430768,790947584.0,7.87,0.74,0.13,6.31
2015-11-19,002215,17.7,17.62,18.1,17.0,230422,403328560.0,6.18,-0.96,-0.17,3.38
2015-11-20,002215,17.67,18.39,18.5,17.25,286513,511198768.0,7.09,4.37,0.77,4.2
2015-11-23,002215,18.37,17.88,18.7,17.7,253949,465024784.0,5.44,-2.77,-0.51,3.72
2015-11-24,002215,17.63,17.57,17.85,17.09,153643,267079063.0,4.25,-1.73,-0.31,2.25
2015-11-25,002215,17.6,18.05,18.3,17.6,167960,302751952.0,3.98,2.73,0.48,2.46
2015-11-26,002215,18.47,19.2,19.54,17.86,400343,750363856.0,9.31,6.37,1.15,5.86
2015-11-27,002215,19.0,17.28,19.0,17.28,282930,515945136.0,8.96,-10.0,-1.92,4.14
2015-11-30,002215,17.4,16.96,17.6,15.57,203872,342836928.0,11.75,-1.85,-0.32,2.99
2015-12-01,002215,16.71,16.5,17.25,16.45,152748,256971356.0,4.72,-2.71,-0.46,2.24
2015-12-02,002215,16.63,16.26,16.99,15.57,137679,223426564.0,8.61,-1.45,-0.24,2.02
2015-12-03,002215,16.37,16.7,16.77,16.25,121097,200110758.0,3.2,2.71,0.44,1.77
2015-12-04,002215,16.54,16.81,17.3,16.16,175072,290751456.0,6.83,0.66,0.11,2.56
2015-12-07,002215,16.67,17.43,17.45,16.48,189037,321412256.0,5.77,3.69,0.62,2.77
2015-12-08,002215,17.42,17.8,18.12,17.35,266122,473430400.0,4.42,2.12,0.37,3.9
2015-12-09,002215,17.5,16.93,17.58,16.57,162766,277628752.0,5.67,-4.89,-0.87,2.38
2015-12-10,002215,16.82,16.31,17.15,16.25,120484,200676760.0,5.32,-3.66,-0.62,1.76
2015-12-11,002215,16.35,16.42,16.83,16.18,99061,163620626.0,3.99,0.67,0.11,1.45
2015-12-14,002215,16.2,16.95,16.96,16.08,64171,106909004.0,5.36,3.23,0.53,0.94
2015-12-15,002215,16.99,16.87,17.17,16.85,67444,114417452.0,1.89,-0.47,-0.08,0.99
2015-12-16,002215,17.0,16.86,17.18,16.72,112429,190032714.0,2.73,-0.06,-0.01,1.65
2015-12-17,002215,16.92,18.55,18.55,16.92,336942,610346656.0,9.67,10.02,1.69,4.94
2015-12-18,002215,18.85,18.26,19.03,17.88,279069,513270704.0,6.2,-1.56,-0.29,4.09
2015-12-21,002215,18.26,19.0,19.4,18.1,333383,628299600.0,7.12,4.05,0.74,4.88
2015-12-22,002215,19.01,19.08,19.94,18.93,267073,517110320.0,5.32,0.42,0.08,3.91
2015-12-23,002215,19.2,19.31,19.77,18.5,254248,485089040.0,6.66,1.21,0.23,3.72
2015-12-24,002215,19.3,20.43,20.55,18.8,250298,489176560.0,9.06,5.8,1.12,3.67
2015-12-25,002215,20.41,20.06,20.85,19.81,217439,441877680.0,5.09,-1.81,-0.37,3.19
2015-12-28,002215,20.25,18.92,20.26,18.89,203610,401159088.0,6.83,-5.68,-1.14,2.98
2015-12-29,002215,18.95,19.4,19.48,18.19,131372,246161893.0,6.82,2.54,0.48,1.92
2015-12-30,002215,19.4,19.15,19.59,19.03,114907,221846147.0,2.89,-1.29,-0.25,1.68
2015-12-31,002215,19.12,19.18,19.69,18.97,129846,250760294.0,3.76,0.16,0.03,1.9
2016-01-04,002215,19.13,17.26,19.15,17.26,80546,145817290.0,9.85,-10.01,-1.92,1.18
2016-01-05,002215,15.88,15.95,17.2,15.53,184751,302544928.0,9.68,-7.59,-1.31,2.71
2016-01-06,002215,16.19,16.55,16.85,15.73,139326,226426263.0,7.02,3.76,0.6,2.04
2016-01-07,002215,16.2,14.9,16.2,14.9,39856,60649488.0,7.85,-9.97,-1.65,0.58
2016-01-08,002215,15.15,14.78,15.5,13.5,134072,200752969.0,13.42,-0.81,-0.12,1.96
2016-01-11,002215,14.2,13.3,14.69,13.3,99427,138824711.0,9.4,-10.01,-1.48,1.46
2016-01-12,002215,13.15,13.77,14.09,13.03,93201,126853009.0,7.97,3.53,0.47,1.37
2016-01-13,002215,14.05,12.8,14.13,12.67,80962,109224550.0,10.6,-7.04,-0.97,1.19
2016-01-14,002215,12.4,13.29,13.33,12.15,100937,129518757.0,9.22,3.83,0.49,1.48
2016-01-15,002215,13.23,12.61,13.5,12.35,103972,135002311.0,8.65,-5.12,-0.68,1.52
2016-01-18,002215,12.31,12.88,13.18,12.2,66749,85604210.0,7.77,2.14,0.27,0.98
2016-01-19,002215,12.7,14.12,14.17,12.65,148054,196511085.0,11.8,9.63,1.24,2.17
2016-01-20,002215,13.8,13.94,14.35,13.57,132185,183571258.0,5.52,-1.27,-0.18,1.94
2016-01-21,002215,13.62,13.11,14.17,13.1,95865,131434454.0,7.68,-5.95,-0.83,1.4
2016-01-22,002215,13.31,13.31,13.47,12.81,109109,142988835.0,5.03,1.53,0.2,1.6
2016-01-25,002215,13.48,13.44,13.66,13.21,75391,101732243.0,3.38,0.98,0.13,1.1
2016-01-26,002215,13.12,12.11,13.25,12.1,95033,120200548.0,8.56,-9.9,-1.33,1.39
2016-01-27,002215,12.45,12.19,12.45,11.16,81824,97002707.0,10.65,0.66,0.08,1.2
2016-01-28,002215,12.1,11.6,12.52,11.5,85231,102605496.0,8.37,-4.84,-0.59,1.25
2016-01-29,002215,11.62,12.03,12.25,11.48,101173,120360977.0,6.64,3.71,0.43,1.48
2016-02-01,002215,11.9,12.07,12.18,11.68,80096,95920230.0,4.16,0.33,0.04,1.17
2016-02-02,002215,11.98,12.45,12.7,11.98,76419,95291444.0,5.97,3.15,0.38,1.12
2016-02-03,002215,12.21,12.35,12.47,12.01,50420,61535647.0,3.69,-0.8,-0.1,0.74
2016-02-04,002215,12.39,12.82,13.09,12.39,80184,102916990.0,5.67,3.81,0.47,1.17
2016-02-05,002215,12.82,12.85,12.96,12.67,46395,59511828.0,2.26,0.23,0.03,0.68
2016-02-15,002215,12.28,12.65,12.85,11.99,62506,77615960.0,6.69,-1.56,-0.2,0.92
2016-02-16,002215,12.7,13.31,13.58,12.7,76138,100769188.0,6.96,5.22,0.66,1.12
2016-02-17,002215,13.1,13.5,13.55,13.1,67055,89574936.0,3.38,1.43,0.19,0.98
2016-02-18,002215,13.6,13.44,13.66,13.16,72276,96647642.0,3.7,-0.44,-0.06,1.06
2016-02-19,002215,13.44,13.49,13.63,13.16,65609,87962036.0,3.5,0.37,0.05,0.96
2016-02-22,002215,13.68,13.59,13.75,13.3,113177,152664606.0,3.34,0.74,0.1,1.66
2016-02-23,002215,13.6,13.38,13.62,13.11,87313,116269325.0,3.75,-1.55,-0.21,1.28
2016-02-24,002215,13.3,13.32,13.35,13.0,70371,92983579.0,2.62,-0.45,-0.06,1.03
2016-02-25,002215,13.23,11.99,13.31,11.99,99726,125084375.0,9.91,-9.98,-1.33,1.46
2016-02-26,002215,12.0,11.51,12.18,11.18,116514,135694659.0,8.34,-4.0,-0.48,1.71
2016-02-29,002215,11.36,10.36,11.45,10.36,117960,124704834.0,9.47,-9.99,-1.15,1.73
2016-03-01,002215,10.4,10.66,10.69,9.95,107949,111434213.0,7.14,2.9,0.3,1.58
2016-03-02,002215,10.57,11.08,11.17,10.42,132394,143516094.0,7.04,3.94,0.42,1.94
2016-03-03,002215,11.09,11.2,11.56,11.0,146690,164943836.0,5.05,1.08,0.12,2.15
2016-03-04,002215,11.15,10.56,11.18,10.45,89524,96694879.0,6.52,-5.71,-0.64,1.31
2016-03-07,002215,10.77,10.73,10.99,10.56,86001,92728641.0,4.07,1.61,0.17,1.26
2016-03-08,002215,10.73,10.67,10.73,10.0,97012,100571880.0,6.8,-0.56,-0.06,1.42
2016-03-09,002215,10.45,10.36,10.52,10.23,68910,71462874.0,2.72,-2.91,-0.31,1.01
2016-03-10,002215,10.41,10.22,10.45,10.18,61211,62993726.0,2.61,-1.35,-0.14,0.9
2016-03-11,002215,9.95,10.15,10.28,9.95,40253,40762350.0,3.23,-0.68,-0.07,0.59
2016-03-14,002215,10.3,10.57,10.68,10.3,82085,86731302.0,3.74,4.14,0.42,1.2
2016-03-15,002215,10.45,10.57,10.8,10.45,67148,71262733.0,3.31,0.0,0.0,0.98
2016-03-16,002215,10.66,10.29,10.7,10.2,66964,69672876.0,4.73,-2.65,-0.28,0.98
2016-03-17,002215,10.4,11.0,11.03,10.33,154780,165793728.0,6.8,6.9,0.71,2.27
2016-03-18,002215,11.11,11.39,11.55,10.91,167964,188722342.0,5.82,3.55,0.39,2.45
2016-03-21,002215,11.5,11.66,11.68,11.39,145324,167580747.0,2.55,2.37,0.27,2.12
2016-03-22,002215,11.49,11.7,12.0,11.36,146131,171438420.0,5.49,0.34,0.04,2.13
2016-03-23,002215,11.54,11.71,11.78,11.4,127596,147843785.0,3.25,0.09,0.01,1.86
2016-03-24,002215,11.6,11.87,12.35,11.36,220928,264005005.0,8.45,1.37,0.16,3.22
2016-03-25,002215,11.8,12.16,12.43,11.69,126897,151973797.0,6.23,2.44,0.29,1.85
2016-03-28,002215,12.16,11.82,12.4,11.73,108478,131203909.0,5.51,-2.8,-0.34,1.58
2016-03-29,002215,11.75,11.26,11.9,11.15,141032,161526135.0,6.35,-4.74,-0.56,2.05
2016-03-30,002215,11.36,11.63,11.66,11.22,148166,169168226.0,3.91,3.29,0.37,2.16
2016-03-31,002215,11.72,11.59,11.86,11.5,101939,118649635.0,3.1,-0.34,-0.04,1.48
2016-04-01,002215,11.51,11.46,11.55,11.14,88513,100259348.0,3.54,-1.12,-0.13,1.29
2016-04-05,002215,11.47,11.9,11.95,11.4,120770,141799156.0,4.8,3.84,0.44,1.76
2016-04-06,002215,11.92,12.14,12.19,11.77,151382,181471294.0,3.53,2.02,0.24,2.2
2016-04-07,002215,12.13,11.73,12.33,11.69,161514,192284928.0,5.27,-3.38,-0.41,2.35
2016-04-08,002215,11.55,12.14,12.14,11.45,171070,202724689.0,5.88,3.5,0.41,2.49
2016-04-11,002215,12.19,12.58,12.7,12.04,197628,245846106.0,5.44,3.62,0.44,2.88
2016-04-12,002215,12.41,12.37,12.5,12.06,120435,147945306.0,3.5,-1.67,-0.21,1.75
2016-04-13,002215,12.42,12.36,12.7,12.27,123213,154153079.0,3.48,-0.08,-0.01,1.79
2016-04-14,002215,12.44,12.39,12.52,12.11,126779,156119851.0,3.32,0.24,0.03,1.85
2016-04-15,002215,12.42,12.27,12.46,12.11,133073,162652919.0,2.82,-0.97,-0.12,1.94
2016-04-18,002215,11.8,11.5,11.87,11.22,359770,412715984.0,5.3,-6.28,-0.77,5.24
2016-04-19,002215,11.41,11.2,11.46,11.08,362584,406525088.0,3.3,-2.61,-0.3,5.28
2016-04-20,002215,11.29,10.89,11.33,10.52,290718,318545760.0,7.23,-2.77,-0.31,4.23
2016-04-21,002215,10.71,10.71,10.9,10.56,177262,190746068.0,3.12,-1.65,-0.18,2.58
2016-04-22,002215,10.6,10.89,10.89,10.56,120808,129646719.0,3.08,1.68,0.18,1.76
2016-04-25,002215,10.89,10.65,11.1,10.54,217803,233788782.0,5.14,-2.2,-0.24,3.17
2016-04-26,002215,10.52,10.67,10.68,10.42,143225,150976170.0,2.44,0.19,0.02,2.09
2016-04-27,002215,10.56,10.53,10.62,10.47,115772,121996449.0,1.41,-1.31,-0.14,1.69
2016-04-28,002215,10.52,10.38,10.57,10.08,160902,166158415.0,4.65,-1.42,-0.15,2.34
2016-04-29,002215,10.28,10.4,10.53,10.23,87145,90631630.0,2.89,0.19,0.02,1.27
2016-05-03,002215,10.41,10.69,10.7,10.27,155242,164129238.0,4.13,2.79,0.29,2.26
2016-05-04,002215,10.7,10.79,10.88,10.54,262925,281695968.0,3.18,0.94,0.1,3.83
2016-05-05,002215,10.73,10.89,10.94,10.66,173377,187715045.0,2.59,0.93,0.1,2.52
2016-05-06,002215,10.9,10.42,10.97,10.41,216600,232011119.0,5.14,-4.32,-0.47,3.15
2016-05-09,002215,10.3,10.05,10.35,10.0,121392,122972848.0,3.36,-3.55,-0.37,1.77
2016-05-10,002215,10.08,10.13,10.18,10.02,67674,68362066.0,1.59,0.8,0.08,0.99
2016-05-11,002215,10.19,10.16,10.35,10.04,92250,94226859.0,3.06,0.3,0.03,1.34
2016-05-12,002215,10.0,10.01,10.08,9.71,116698,115673219.0,3.64,-1.48,-0.15,1.68
2016-05-13,002215,10.05,10.26,10.37,10.04,106761,109204564.0,3.3,2.5,0.25,1.54
2016-05-16,002215,10.17,10.32,10.34,10.07,120347,122670609.0,2.63,0.58,0.06,1.74
2016-05-17,002215,10.3,10.22,10.35,10.12,95258,97499696.0,2.23,-0.97,-0.1,1.38
2016-05-18,002215,10.08,9.83,10.12,9.72,120456,119533364.0,3.91,-3.82,-0.39,1.74
2016-05-19,002215,9.83,9.93,10.06,9.83,83759,83538450.0,2.34,1.02,0.1,1.21
2016-05-20,002215,9.84,10.04,10.04,9.82,68593,68215443.0,2.22,1.11,0.11,0.99
2016-05-23,002215,10.0,10.32,10.47,9.95,167011,171257608.0,5.18,2.79,0.28,2.41
2016-05-24,002215,10.27,10.09,10.27,10.02,92557,93733275.0,2.42,-2.23,-0.23,1.34
2016-05-25,002215,10.19,9.97,10.25,9.95,83726,84467219.0,2.97,-1.19,-0.12,1.21
2016-05-26,002215,10.0,9.93,10.05,9.72,135142,132814610.0,3.31,-0.4,-0.04,1.95
2016-05-27,002215,9.88,9.85,9.92,9.79,72248,71168512.0,1.31,-0.81,-0.08,1.04
2016-05-30,002215,9.8,9.73,9.83,9.64,58600,57058319.0,1.93,-1.22,-0.12,0.85
2016-05-31,002215,9.73,10.44,10.5,9.72,228581,231195465.0,8.02,7.3,0.71,3.3
2016-06-01,002215,10.44,10.44,10.62,10.38,240503,252758856.0,2.3,0.0,0.0,3.47
2016-06-02,002215,10.6,10.47,10.6,10.36,136168,142253238.0,2.3,0.29,0.03,1.97
2016-06-03,002215,10.5,10.46,10.57,10.35,140997,147242633.0,2.1,-0.1,-0.01,2.04
2016-06-06,002215,10.48,10.39,10.51,10.32,96091,99768022.0,1.82,-0.67,-0.07,1.39
2016-06-07,002215,10.44,10.46,10.61,10.35,118472,124025910.0,2.5,0.67,0.07,1.71
2016-06-08,002215,10.46,10.34,10.46,10.26,90783,93783530.0,1.91,-1.15,-0.12,1.31
2016-06-13,002215,10.2,9.78,10.2,9.75,130628,130811410.0,4.35,-5.42,-0.56,1.89
2016-06-14,002215,9.73,9.84,9.85,9.67,66814,65268378.0,1.84,0.61,0.06,0.96
2016-06-15,002215,9.7,10.03,10.12,9.65,155488,155484254.0,4.78,1.93,0.19,2.24
2016-06-16,002215,10.0,9.9,10.08,9.87,96094,95743965.0,2.09,-1.3,-0.13,1.39
2016-06-17,002215,9.9,9.9,10.06,9.83,100154,99773590.0,2.32,0.0,0.0,1.45
2016-06-20,002215,9.91,10.09,10.09,9.78,99960,99383858.0,3.13,1.92,0.19,1.44
2016-06-21,002215,10.13,9.92,10.2,9.89,134036,134521688.0,3.07,-1.68,-0.17,1.94
2016-06-22,002215,9.9,10.0,10.01,9.88,92539,92087503.0,1.31,0.81,0.08,1.34
2016-06-23,002215,9.97,10.15,10.2,9.93,135283,136211624.0,2.7,1.5,0.15,1.95
2016-06-24,002215,10.1,9.95,10.17,9.75,171545,171377479.0,4.14,-1.97,-0.2,2.48
2016-06-27,002215,9.84,10.08,10.11,9.8,113395,113595910.0,3.12,1.31,0.13,1.64
2016-06-28,002215,10.0,10.3,10.36,9.96,184430,188418479.0,3.97,2.18,0.22,2.66
2016-06-29,002215,10.3,10.3,10.36,10.21,127337,130795043.0,1.46,0.0,0.0,1.84
2016-06-30,002215,10.3,10.34,10.47,10.26,139459,144471960.0,2.04,0.39,0.04,2.01
2016-07-01,002215,10.38,10.26,10.39,10.23,97916,100912921.0,1.55,-0.77,-0.08,1.41
2016-07-04,002215,10.1,10.42,10.42,10.08,171854,177711682.0,3.31,1.56,0.16,2.48
2016-07-05,002215,10.42,10.49,10.54,10.35,162303,169389993.0,1.82,0.67,0.07,2.34
2016-07-06,002215,10.47,10.42,10.49,10.38,151911,158236531.0,1.05,-0.67,-0.07,2.19
2016-07-07,002215,10.46,10.53,10.67,10.35,233772,245421173.0,3.07,1.06,0.11,3.38
2016-07-08,002215,10.53,10.41,10.53,10.39,128160,133679080.0,1.33,-1.14,-0.12,1.85
2016-07-11,002215,10.4,10.34,10.53,10.33,137839,143714896.0,1.92,-0.67,-0.07,1.99
2016-07-12,002215,10.33,10.49,10.49,10.21,154064,159412553.0,2.71,1.45,0.15,2.22
2016-07-13,002215,10.32,10.38,10.44,10.14,331038,340511824.0,2.86,-1.05,-0.11,4.78
2016-07-14,002215,10.3,10.71,10.76,10.28,402838,424100176.0,4.62,3.18,0.33,5.82
2016-07-15,002215,10.66,10.53,10.67,10.49,248989,263316610.0,1.68,-1.68,-0.18,3.6
2016-07-18,002215,10.52,10.6,10.72,10.45,201456,213269545.0,2.56,0.66,0.07,2.91
2016-07-19,002215,10.61,10.97,11.08,10.51,376335,407878224.0,5.38,3.49,0.37,5.43
2016-07-20,002215,10.97,11.03,11.19,10.76,333379,365203952.0,3.92,0.55,0.06,4.81
2016-07-21,002215,11.35,11.45,11.7,11.18,543784,622674752.0,4.71,3.81,0.42,7.85
2016-07-22,002215,11.39,11.56,11.75,11.22,369874,426035728.0,4.63,0.96,0.11,5.34
2016-07-25,002215,11.52,11.77,11.93,11.33,301337,348734400.0,5.19,1.82,0.21,4.35
2016-07-26,002215,11.7,11.55,11.84,11.51,256563,297924096.0,2.8,-1.87,-0.22,3.7
2016-07-27,002215,11.51,10.94,11.6,10.7,367721,408864944.0,7.79,-5.28,-0.61,5.31
2016-07-28,002215,10.91,11.23,11.33,10.84,274941,304797600.0,4.48,2.65,0.29,3.97
2016-07-29,002215,11.18,11.04,11.25,10.9,149571,165238543.0,3.12,-1.69,-0.19,2.16
2016-08-01,002215,10.98,10.76,10.98,10.58,139167,149339154.0,3.62,-2.54,-0.28,2.01
2016-08-02,002215,10.74,10.83,10.84,10.65,116848,125577345.0,1.77,0.65,0.07,1.69
2016-08-03,002215,10.8,10.75,10.89,10.7,119360,128486163.0,1.75,-0.74,-0.08,1.72
2016-08-04,002215,10.75,10.88,10.96,10.7,136482,148064371.0,2.42,1.21,0.13,1.97
2016-08-05,002215,10.82,10.98,11.04,10.76,147196,160542183.0,2.57,0.92,0.1,2.13
2016-08-08,002215,10.96,10.93,10.98,10.71,131742,143008596.0,2.46,-0.46,-0.05,1.9
2016-08-09,002215,10.93,11.08,11.12,10.9,159423,175748532.0,2.01,1.37,0.15,2.3
2016-08-10,002215,10.93,10.83,11.03,10.82,160396,175101580.0,1.9,-2.26,-0.25,2.32
2016-08-11,002215,10.77,10.49,10.78,10.47,199577,211966629.0,2.86,-3.14,-0.34,2.88
2016-08-12,002215,10.42,10.48,10.58,10.3,122210,127508489.0,2.67,-0.1,-0.01,1.76
2016-08-15,002215,10.41,10.62,10.68,10.37,147484,155655314.0,2.96,1.34,0.14,2.13
2016-08-16,002215,10.6,10.62,10.71,10.57,112255,119466974.0,1.32,0.0,0.0,1.62
2016-08-17,002215,10.65,10.66,10.69,10.52,99167,105168191.0,1.6,0.38,0.04,1.43
2016-08-18,002215,10.68,10.76,10.87,10.62,157351,169424117.0,2.35,0.94,0.1,2.27
2016-08-19,002215,10.77,10.66,10.77,10.56,106084,112918215.0,1.95,-0.93,-0.1,1.53
2016-08-22,002215,10.66,10.46,10.69,10.46,102655,108313219.0,2.16,-1.88,-0.2,1.48
2016-08-23,002215,10.46,10.52,10.55,10.39,77665,81373534.0,1.53,0.57,0.06,1.12
2016-08-24,002215,10.53,10.53,10.61,10.49,61531,64948429.0,1.14,0.1,0.01,0.89
2016-08-25,002215,10.48,10.31,10.48,10.2,95199,98146195.0,2.66,-2.09,-0.22,1.37
2016-08-26,002215,10.34,10.42,10.53,10.31,90155,94026653.0,2.13,1.07,0.11,1.3
2016-08-29,002215,10.42,10.56,10.6,10.38,85341,89603393.0,2.11,1.34,0.14,1.23
2016-08-30,002215,10.59,10.62,10.72,10.55,93797,99754536.0,1.61,0.57,0.06,1.35
2016-08-31,002215,10.64,10.82,10.94,10.62,189142,204651450.0,3.01,1.88,0.2,2.73
2016-09-01,002215,10.83,10.66,10.87,10.66,83736,89838324.0,1.94,-1.48,-0.16,1.21
2016-09-02,002215,10.61,10.72,10.73,10.57,78752,83935874.0,1.5,0.56,0.06,1.14
2016-09-05,002215,10.72,10.97,11.0,10.72,165479,180712082.0,2.61,2.33,0.25,2.39
2016-09-06,002215,10.92,11.15,11.2,10.83,167852,185240743.0,3.37,1.64,0.18,2.42
2016-09-07,002215,11.15,10.98,11.24,10.9,129387,143215069.0,3.05,-1.52,-0.17,1.87
2016-09-08,002215,10.98,10.9,11.13,10.82,96463,105509029.0,2.82,-0.73,-0.08,1.39
2016-09-09,002215,10.9,10.86,11.03,10.83,84252,92092592.0,1.83,-0.37,-0.04,1.22
2016-09-12,002215,10.63,10.4,10.69,10.4,97688,103026953.0,2.67,-4.24,-0.46,1.41
2016-09-13,002215,10.48,10.44,10.53,10.36,59289,61797277.0,1.63,0.38,0.04,0.86
2016-09-14,002215,10.37,10.26,10.41,10.2,66599,68611641.0,2.01,-1.72,-0.18,0.96
2016-09-19,002215,10.24,10.4,10.48,10.24,53867,56033000.0,2.34,1.36,0.14,0.78
2016-09-20,002215,10.38,10.16,10.39,10.16,109865,112377295.0,2.21,-2.31,-0.24,1.59
2016-09-21,002215,10.13,10.17,10.17,10.04,113602,114759376.0,1.28,0.1,0.01,1.64
2016-09-22,002215,10.12,10.09,10.22,10.08,105245,106743184.0,1.38,-0.79,-0.08,1.52
2016-09-23,002215,10.09,10.22,10.38,10.05,173128,176522674.0,3.27,1.29,0.13,2.5
2016-09-26,002215,10.18,10.0,10.24,10.0,76663,77552179.0,2.35,-2.15,-0.22,1.11
2016-09-27,002215,9.98,10.16,10.18,9.96,59778,60102409.0,2.2,1.6,0.16,0.86
2016-09-28,002215,10.18,10.22,10.27,10.14,85806,87602666.0,1.28,0.59,0.06,1.24
2016-09-29,002215,10.33,10.3,10.47,10.27,122247,126654317.0,1.96,0.78,0.08,1.77
2016-09-30,002215,10.32,10.11,10.34,10.03,203141,205531012.0,3.01,-1.84,-0.19,2.93
2016-10-10,002215,10.15,10.24,10.25,10.06,136738,138824470.0,1.88,1.29,0.13,1.97
2016-10-11,002215,10.25,10.25,10.28,10.16,89822,91779510.0,1.17,0.1,0.01,1.3
2016-10-12,002215,10.23,10.3,10.32,10.12,106411,109073309.0,1.95,0.49,0.05,1.54
2016-10-13,002215,10.33,10.25,10.35,10.22,86380,88758333.0,1.26,-0.49,-0.05,1.25
2016-10-14,002215,10.25,10.18,10.25,10.12,78218,79547823.0,1.27,-0.68,-0.07,1.13
2016-10-17,002215,10.16,10.08,10.21,10.07,91092,92455010.0,1.38,-0.98,-0.1,1.32
2016-10-18,002215,10.12,10.18,10.18,10.05,97186,98324334.0,1.29,0.99,0.1,1.4
2016-10-19,002215,10.18,10.1,10.21,10.08,111684,113135824.0,1.28,-0.79,-0.08,1.61
2016-10-20,002215,10.12,10.1,10.14,10.07,86171,87098578.0,0.69,0.0,0.0,1.24
2016-10-21,002215,10.12,10.1,10.21,10.03,113682,115049335.0,1.78,0.0,0.0,1.64
2016-10-24,002215,10.08,10.15,10.15,10.05,159689,161287416.0,0.99,0.5,0.05,2.31
2016-10-25,002215,10.14,10.13,10.17,10.1,90886,92039602.0,0.69,-0.2,-0.02,1.31
2016-10-26,002215,10.12,10.15,10.16,10.05,114731,115796446.0,1.09,0.2,0.02,1.66
2016-10-27,002215,10.12,10.18,10.22,10.08,130981,133143385.0,1.38,0.3,0.03,1.89
2016-10-28,002215,10.09,10.38,10.66,10.08,406838,424048752.0,5.7,1.96,0.2,5.87
2016-10-31,002215,10.3,10.35,10.47,10.26,140021,145376535.0,2.02,-0.29,-0.03,2.02
2016-11-01,002215,10.3,10.36,10.42,10.23,150307,155373476.0,1.84,0.1,0.01,2.17
2016-11-02,002215,10.39,10.51,10.67,10.34,272709,287828160.0,3.19,1.45,0.15,3.94
2016-11-03,002215,10.4,10.62,10.8,10.4,210923,224462864.0,3.81,1.05,0.11,3.05
2016-11-04,002215,10.54,10.46,10.6,10.4,148454,155554051.0,1.88,-1.51,-0.16,2.14
2016-11-07,002215,10.4,10.44,10.55,10.35,116219,121103774.0,1.91,-0.19,-0.02,1.68
2016-11-08,002215,10.48,10.42,10.55,10.37,78128,81430631.0,1.72,-0.19,-0.02,1.13
2016-11-09,002215,10.44,10.32,10.45,10.15,110466,113699123.0,2.88,-0.96,-0.1,1.6
2016-11-10,002215,10.4,10.42,10.44,10.24,101082,104660527.0,1.94,0.97,0.1,1.46
2016-11-11,002215,10.4,10.44,10.49,10.34,107324,111844100.0,1.44,0.19,0.02,1.55
2016-11-14,002215,10.4,10.64,10.68,10.35,167329,175897529.0,3.16,1.92,0.2,2.42
2016-11-15,002215,10.64,10.66,10.68,10.49,114351,121122246.0,1.79,0.19,0.02,1.65
2016-11-16,002215,10.66,10.76,10.91,10.57,222219,239450161.0,3.19,0.94,0.1,3.21
2016-11-17,002215,10.71,10.76,10.9,10.66,114940,123544867.0,2.23,0.0,0.0,1.66
2016-11-18,002215,10.7,10.97,11.05,10.69,216678,236567700.0,3.35,1.95,0.21,3.13
2016-11-21,002215,10.95,11.28,11.39,10.9,322393,360439088.0,4.47,2.83,0.31,4.66
2016-11-22,002215,11.24,11.14,11.3,11.09,158701,176987166.0,1.86,-1.24,-0.14,2.29
2016-11-23,002215,11.1,10.93,11.15,10.78,186358,203815164.0,3.32,-1.89,-0.21,2.69
2016-11-24,002215,10.92,11.09,11.19,10.86,165019,181605466.0,3.02,1.46,0.16,2.38
2016-11-25,002215,11.11,11.06,11.15,10.72,143400,156929634.0,3.88,-0.27,-0.03,2.07
2016-11-28,002215,11.01,10.96,11.1,10.76,131764,143680782.0,3.07,-0.9,-0.1,1.9
2016-11-29,002215,10.87,10.9,11.08,10.79,122184,133461891.0,2.65,-0.55,-0.06,1.76
2016-11-30,002215,10.85,10.99,11.11,10.79,145392,159573530.0,2.94,0.83,0.09,2.1
2016-12-01,002215,11.02,10.87,11.15,10.83,86291,94694572.0,2.91,-1.09,-0.12,1.25
2016-12-02,002215,10.84,10.45,10.95,10.45,142412,150968787.0,4.6,-3.86,-0.42,2.06
2016-12-05,002215,10.44,10.36,10.56,10.28,68887,71668456.0,2.68,-0.86,-0.09,0.99
2016-12-06,002215,10.48,10.58,10.64,10.44,97618,103022038.0,1.93,2.12,0.22,1.41
2016-12-07,002215,10.58,10.6,10.64,10.46,56005,59129674.0,1.7,0.19,0.02,0.81
2016-12-08,002215,10.6,10.53,10.64,10.52,39220,41499133.0,1.13,-0.66,-0.07,0.57
2016-12-09,002215,10.53,10.61,10.8,10.53,79811,85205196.0,2.56,0.76,0.08,1.15
2016-12-12,002215,10.7,10.52,10.96,10.51,218278,234813931.0,4.24,-0.85,-0.09,3.15
2016-12-13,002215,10.42,10.99,11.04,10.12,196792,210630503.0,8.75,4.47,0.47,2.84
2016-12-14,002215,10.9,10.81,11.2,10.73,173878,190342152.0,4.28,-1.64,-0.18,2.51
2016-12-15,002215,10.8,11.11,11.16,10.71,158440,173361689.0,4.16,2.78,0.3,2.29
2016-12-16,002215,11.11,11.02,11.18,10.92,120230,132615084.0,2.34,-0.81,-0.09,1.74
2016-12-19,002215,11.01,11.18,11.27,10.8,153506,169823566.0,4.26,1.45,0.16,2.22
2016-12-20,002215,11.13,11.04,11.22,10.98,121004,133801688.0,2.15,-1.25,-0.14,1.75
2016-12-21,002215,11.04,11.02,11.15,10.94,86140,94939022.0,1.9,-0.18,-0.02,1.24
2016-12-22,002215,10.96,10.86,11.08,10.84,75152,82190398.0,2.18,-1.45,-0.16,1.09
2016-12-23,002215,10.84,10.74,10.92,10.64,79102,84908467.0,2.58,-1.1,-0.12,1.14
2016-12-26,002215,10.65,10.94,10.95,10.59,72581,78193988.0,3.35,1.86,0.2,1.05
2016-12-27,002215,10.9,10.93,11.02,10.83,61658,67265487.0,1.74,-0.09,-0.01,0.89
2016-12-28,002215,10.88,11.07,11.15,10.88,138963,153361779.0,2.47,1.28,0.14,2.01
2016-12-29,002215,11.05,11.03,11.12,10.93,70011,77163857.0,1.72,-0.36,-0.04,1.01
2016-12-30,002215,11.0,11.08,11.14,10.88,102898,113700076.0,2.36,0.45,0.05,1.49
2017-01-03,002215,11.08,10.9,11.11,10.88,85658,94097159.0,2.08,-1.62,-0.18,1.24
2017-01-04,002215,10.95,11.0,11.0,10.75,125816,136781865.0,2.29,0.92,0.1,1.82
2017-01-05,002215,11.0,11.18,11.24,10.89,149714,166150822.0,3.18,1.64,0.18,2.16
2017-01-06,002215,11.14,11.26,11.35,11.06,163438,183296962.0,2.59,0.72,0.08,2.36
2017-01-09,002215,11.26,11.3,11.35,11.12,118919,133676471.0,2.04,0.36,0.04,1.72
2017-01-10,002215,11.27,11.04,11.31,11.03,109823,122405559.0,2.48,-2.3,-0.26,1.59
2017-01-11,002215,10.98,11.44,11.79,10.92,284064,325101552.0,7.88,3.62,0.4,4.1
2017-01-12,002215,11.3,11.19,11.54,11.15,147859,167258423.0,3.41,-2.19,-0.25,2.13
2017-01-13,002215,11.1,11.02,11.33,11.01,91208,101759430.0,2.86,-1.52,-0.17,1.31
2017-01-16,002215,11.11,10.84,11.11,10.02,139210,148446716.0,9.89,-1.63,-0.18,2.0
2017-01-17,002215,10.74,10.72,10.97,10.5,73399,78474007.0,4.34,-1.11,-0.12,1.06
2017-01-18,002215,10.69,10.6,10.83,10.51,64600,69020583.0,2.99,-1.12,-0.12,0.93
2017-01-19,002215,10.51,10.69,10.72,10.36,72569,76665321.0,3.4,0.85,0.09,1.04
2017-01-20,002215,10.6,10.7,10.79,10.6,66819,71514442.0,1.78,0.09,0.01,0.96
2017-01-23,002215,10.65,11.24,11.36,10.65,145537,160758993.0,6.64,5.05,0.54,2.09
2017-01-24,002215,11.07,11.04,11.25,11.01,77353,85847945.0,2.14,-1.78,-0.2,1.11
2017-01-25,002215,11.0,11.05,11.24,10.98,54825,60904850.0,2.36,0.09,0.01,0.79
2017-01-26,002215,11.11,11.11,11.17,11.02,30467,33785978.0,1.36,0.54,0.06,0.44
2017-02-03,002215,11.15,11.07,11.3,10.96,52502,58383069.0,3.06,-0.36,-0.04,0.75
2017-02-06,002215,11.05,11.17,11.27,11.02,60321,67217351.0,2.26,0.9,0.1,0.87
2017-02-07,002215,11.14,11.03,11.23,10.93,57253,63319938.0,2.69,-1.25,-0.14,0.82
2017-02-08,002215,11.0,11.16,11.17,10.93,57202,63217554.0,2.18,1.18,0.13,0.82
2017-02-09,002215,11.16,11.29,11.34,11.08,85953,96593396.0,2.33,1.16,0.13,1.24
2017-02-10,002215,11.27,11.1,11.3,11.06,85946,96005232.0,2.13,-1.68,-0.19,1.24
2017-02-13,002215,11.11,11.4,11.43,10.95,171086,191688420.0,4.32,2.7,0.3,2.46
2017-02-14,002215,11.32,11.54,11.76,11.31,240726,278717088.0,3.95,1.23,0.14,3.46
2017-02-15,002215,11.48,11.33,11.72,11.25,156483,180302568.0,4.07,-1.82,-0.21,2.25
2017-02-16,002215,11.34,11.41,11.5,11.25,93230,106023666.0,2.21,0.71,0.08,1.34
2017-02-17,002215,11.38,11.23,11.46,11.11,95302,107079015.0,3.07,-1.58,-0.18,1.37
2017-02-20,002215,11.18,11.39,11.42,11.12,66900,75768729.0,2.67,1.42,0.16,0.96
2017-02-21,002215,11.41,11.35,11.49,11.28,62900,71475816.0,1.84,-0.35,-0.04,0.9
2017-02-22,002215,11.32,11.65,11.77,11.28,170338,197318812.0,4.32,2.64,0.3,2.45
2017-02-23,002215,11.65,11.66,11.68,11.43,133834,154419824.0,2.15,0.09,0.01,1.92
2017-02-24,002215,11.65,11.84,11.99,11.6,183316,216723449.0,3.34,1.54,0.18,2.64
2017-02-27,002215,11.77,11.55,11.89,11.46,144373,168082446.0,3.63,-2.45,-0.29,2.08
2017-02-28,002215,11.51,11.57,11.6,11.37,85139,97782324.0,1.99,0.17,0.02,1.22
2017-03-01,002215,11.54,11.41,11.57,11.39,92790,106360689.0,1.56,-1.38,-0.16,1.33
2017-03-02,002215,11.4,11.41,11.55,11.3,87783,100320695.0,2.19,0.0,0.0,1.26
2017-03-03,002215,11.34,11.4,11.56,11.34,79335,90753170.0,1.93,-0.09,-0.01,1.14
2017-03-06,002215,11.4,11.36,11.5,11.24,114831,130411652.0,2.28,-0.35,-0.04,1.65
2017-03-07,002215,11.34,11.3,11.4,11.17,116430,131133291.0,2.02,-0.53,-0.06,1.67
2017-03-08,002215,11.27,11.28,11.35,11.21,56820,64146430.0,1.24,-0.18,-0.02,0.82
2017-03-09,002215,11.25,11.25,11.37,11.22,74387,83931389.0,1.33,-0.27,-0.03,1.07
2017-03-10,002215,11.25,11.15,11.3,11.13,69653,78020781.0,1.51,-0.89,-0.1,1.0
2017-03-13,002215,11.13,11.04,11.13,10.9,88612,97575288.0,2.06,-0.99,-0.11,1.27
2017-03-14,002215,11.04,10.88,11.06,10.85,98295,107672472.0,1.9,-1.45,-0.16,1.41
2017-03-15,002215,10.86,10.85,10.95,10.83,66894,72747782.0,1.1,-0.28,-0.03,0.96
2017-03-16,002215,10.9,11.0,11.16,10.88,140419,154621513.0,2.58,1.38,0.15,2.02
2017-03-17,002215,11.01,10.82,11.02,10.82,103934,113451411.0,1.82,-1.64,-0.18,1.49
2017-03-20,002215,10.83,10.91,10.94,10.71,78250,85001072.0,2.13,0.83,0.09,1.12
2017-03-21,002215,10.95,10.73,10.97,10.72,106888,115456712.0,2.29,-1.65,-0.18,1.54
2017-03-22,002215,10.73,10.57,10.73,10.46,132270,140145972.0,2.52,-1.49,-0.16,1.9
2017-03-23,002215,10.56,10.39,10.61,10.36,137036,143562676.0,2.37,-1.7,-0.18,1.97
2017-03-24,002215,10.38,10.47,10.51,10.27,99386,103328849.0,2.31,0.77,0.08,1.43
2017-03-27,002215,10.47,10.51,10.55,10.37,81198,84836632.0,1.72,0.38,0.04,1.17
2017-03-28,002215,10.51,10.62,10.7,10.47,100648,107078463.0,2.19,1.05,0.11,1.45
2017-03-29,002215,10.62,10.7,10.73,10.55,93220,99291392.0,1.69,0.75,0.08,1.34
2017-03-30,002215,10.7,10.71,10.78,10.5,94592,100774070.0,2.62,0.09,0.01,1.36
2017-03-31,002215,10.68,10.72,10.79,10.54,95131,101359551.0,2.33,0.09,0.01,1.37
2017-04-05,002215,10.71,10.73,10.84,10.59,80695,86407045.0,2.33,0.09,0.01,1.16
2017-04-06,002215,10.75,10.51,10.75,10.47,130495,138110340.0,2.61,-2.05,-0.22,1.88
2017-04-07,002215,10.53,10.32,10.53,10.31,76484,79571127.0,2.09,-1.81,-0.19,1.1
2017-04-10,002215,10.3,10.02,10.36,9.99,134589,136228337.0,3.59,-2.91,-0.3,1.93
2017-04-11,002215,10.03,10.15,10.17,9.96,108815,109496891.0,2.1,1.3,0.13,1.56
2017-04-12,002215,10.16,10.03,10.17,10.0,53922,54237960.0,1.67,-1.18,-0.12,0.78
2017-04-13,002215,10.04,10.13,10.14,9.99,51891,52278284.0,1.5,1.0,0.1,0.75
2017-04-14,002215,10.13,10.01,10.14,9.98,63868,63939247.0,1.58,-1.18,-0.12,0.92
2017-04-17,002215,9.96,9.76,9.97,9.62,106953,104115944.0,3.5,-2.5,-0.25,1.54
2017-04-18,002215,9.76,9.47,9.78,9.21,157808,149887823.0,5.84,-2.97,-0.29,2.27
2017-04-19,002215,9.4,9.1,9.44,8.93,151233,137094717.0,5.39,-3.91,-0.37,2.17
2017-04-20,002215,9.13,9.14,9.16,8.96,56018,50807945.0,2.2,0.44,0.04,0.81
2017-04-21,002215,9.18,9.37,9.54,9.11,90444,84761074.0,4.7,2.52,0.23,1.3
2017-04-24,002215,9.3,9.41,9.58,9.28,92151,87129494.0,3.2,0.43,0.04,1.32
2017-04-25,002215,9.5,9.39,9.5,9.25,73682,68926969.0,2.66,-0.21,-0.02,1.06
2017-04-26,002215,9.38,9.21,9.39,9.04,66321,60956075.0,3.73,-1.92,-0.18,0.95
2017-04-27,002215,9.1,8.99,9.14,8.8,117068,104872187.0,3.69,-2.39,-0.22,1.68
2017-04-28,002215,8.99,9.37,9.37,8.94,95891,87386525.0,4.78,4.23,0.38,1.38
2017-05-02,002215,9.4,9.57,9.8,9.36,125600,121101791.0,4.7,2.13,0.2,1.81
2017-05-03,002215,9.51,9.54,9.74,9.46,62768,60121668.0,2.93,-0.31,-0.03,0.9
2017-05-04,002215,9.51,9.55,9.58,9.35,74914,70756701.0,2.41,0.1,0.01,1.08
2017-05-05,002215,9.48,9.4,9.51,9.33,54454,51343906.0,1.88,-1.57,-0.15,0.78
2017-05-08,002215,9.3,9.17,9.39,9.08,63859,58732989.0,3.3,-2.45,-0.23,0.92
2017-05-09,002215,9.1,9.29,9.33,9.07,47749,44030888.0,2.84,1.31,0.12,0.69
2017-05-10,002215,9.27,9.09,9.31,9.03,58555,53579709.0,3.01,-2.15,-0.2,0.84
2017-05-11,002215,8.9,8.68,9.0,8.18,204974,174629273.0,9.02,-4.51,-0.41,2.95
2017-05-12,002215,8.56,8.48,8.62,8.26,95146,80384328.0,4.15,-2.3,-0.2,1.37
2017-05-15,002215,8.44,8.4,8.56,8.36,57276,48321258.0,2.36,-0.94,-0.08,0.82
2017-05-16,002215,8.43,8.55,8.58,8.25,86643,73006132.0,3.93,1.79,0.15,1.25
2017-05-17,002215,8.5,8.49,8.57,8.43,114013,96735786.0,1.64,-0.7,-0.06,1.64
2017-05-18,002215,8.4,8.23,8.4,8.15,175796,145631475.0,2.94,-3.06,-0.26,2.53
2017-05-19,002215,8.27,8.21,8.34,8.16,69521,57268624.0,2.19,-0.24,-0.02,1.0
2017-05-22,002215,8.23,7.93,8.25,7.85,102683,82584696.0,4.87,-3.41,-0.28,1.48
2017-05-23,002215,7.9,7.4,7.97,7.3,213872,162930117.0,8.45,-6.68,-0.53,3.07
2017-05-24,002215,7.39,7.53,7.54,7.15,138274,101906031.0,5.27,1.76,0.13,1.99
2017-05-25,002215,7.48,7.6,7.68,7.35,143508,107847544.0,4.38,0.93,0.07,2.06
2017-05-26,002215,7.55,7.6,7.66,7.53,106061,80432013.0,1.71,0.0,0.0,1.52
2017-05-31,002215,7.69,7.54,7.76,7.54,123115,94110932.0,2.89,-0.79,-0.06,1.77
2017-06-01,002215,7.52,7.24,7.52,7.23,108781,80034595.0,3.85,-3.98,-0.3,1.56
2017-06-02,002215,7.2,7.39,7.39,7.15,134329,97921058.0,3.31,2.07,0.15,1.93
2017-06-05,002215,7.39,7.49,7.55,7.36,121240,90486124.0,2.57,1.35,0.1,1.74
2017-06-06,002215,7.5,7.55,7.63,7.44,98690,74408858.0,2.54,0.8,0.06,1.42
2017-06-07,002215,7.55,7.74,7.76,7.54,132997,102315446.0,2.91,2.52,0.19,1.91
2017-06-08,002215,7.74,7.74,7.91,7.63,107104,82682060.0,3.62,0.0,0.0,1.54
2017-06-09,002215,7.72,7.72,7.77,7.64,78612,60454811.0,1.68,-0.26,-0.02,1.13
2017-06-12,002215,7.67,7.53,7.7,7.51,80008,60790165.0,2.46,-2.46,-0.19,1.15
2017-06-13,002215,7.52,7.69,7.75,7.48,94480,72176586.0,3.59,2.12,0.16,1.36
2017-06-14,002215,7.7,7.68,7.73,7.63,71218,54753528.0,1.3,-0.13,-0.01,1.02
2017-06-15,002215,7.71,7.95,8.02,7.71,159657,126043652.0,4.04,3.52,0.27,2.3
2017-06-16,002215,7.95,7.88,7.95,7.83,79303,62481042.0,1.51,-0.88,-0.07,1.14
2017-06-19,002215,7.88,7.94,7.98,7.85,86336,68435029.0,1.65,0.76,0.06,1.24
2017-06-20,002215,7.95,7.89,8.04,7.88,98921,78802158.0,2.02,-0.63,-0.05,1.42
2017-06-21,002215,7.91,7.87,7.93,7.79,88757,69694431.0,1.77,-0.25,-0.02,1.28
2017-06-22,002215,7.89,7.65,7.89,7.63,129093,100560355.0,3.3,-2.8,-0.22,1.86
2017-06-23,002215,7.6,7.63,7.73,7.48,103680,78665119.0,3.27,-0.26,-0.02,1.49
2017-06-26,002215,7.66,7.8,7.82,7.61,100461,77725258.0,2.75,2.23,0.17,1.44
2017-06-27,002215,7.8,8.14,8.16,7.78,237469,190831180.0,4.87,4.36,0.34,3.41
2017-06-28,002215,8.16,8.34,8.36,8.06,244255,200812264.0,3.69,2.46,0.2,3.51
2017-06-29,002215,8.34,8.36,8.42,8.24,144217,119892882.0,2.16,0.24,0.02,2.07
2017-06-30,002215,8.33,8.46,8.58,8.28,240485,203198951.0,3.59,1.2,0.1,3.39
2017-07-03,002215,8.44,8.46,8.6,8.36,145982,123531865.0,2.84,0.0,0.0,2.06
2017-07-04,002215,8.46,8.34,8.47,8.31,132329,110747561.0,1.89,-1.42,-0.12,1.86
2017-07-05,002215,8.34,8.43,8.44,8.27,134787,112658167.0,2.04,1.08,0.09,1.9
2017-07-06,002215,8.42,8.4,8.45,8.28,127826,106901354.0,2.02,-0.36,-0.03,1.8
2017-07-07,002215,8.4,8.77,8.88,8.35,205700,176090276.0,6.31,4.4,0.37,2.9
2017-07-10,002215,8.77,8.63,8.95,8.6,177707,155295201.0,3.99,-1.6,-0.14,2.5
2017-07-11,002215,8.59,8.35,8.67,8.33,142034,120541210.0,3.94,-3.24,-0.28,2.0
2017-07-12,002215,8.31,8.42,8.45,8.19,143850,119289091.0,3.11,0.84,0.07,2.03
2017-07-13,002215,8.35,8.48,8.55,8.35,104283,88231877.0,2.38,0.71,0.06,1.47
2017-07-14,002215,8.48,8.27,8.48,8.24,128314,106758221.0,2.83,-2.48,-0.21,1.81
2017-07-17,002215,8.32,7.65,8.32,7.49,171479,135414093.0,10.04,-7.5,-0.62,2.41
2017-07-18,002215,7.6,7.79,7.84,7.6,112502,86758398.0,3.14,1.83,0.14,1.58
2017-07-19,002215,7.74,8.04,8.06,7.69,161129,127857347.0,4.75,3.21,0.25,2.27
2017-07-20,002215,8.06,7.91,8.15,7.87,126876,101490076.0,3.48,-1.62,-0.13,1.79
2017-07-21,002215,8.3,8.21,8.53,8.18,319216,265463531.0,4.42,3.79,0.3,4.5
2017-07-24,002215,8.08,8.39,8.39,8.05,266683,219943138.0,4.14,2.19,0.18,3.76
2017-07-25,002215,8.35,8.24,8.44,8.16,166361,137631253.0,3.34,-1.79,-0.15,2.34
2017-07-26,002215,8.21,8.5,8.55,8.21,307377,258163088.0,4.13,3.16,0.26,4.33
2017-07-27,002215,8.48,8.51,8.74,8.45,325628,279566096.0,3.41,0.12,0.01,4.59
2017-07-28,002215,8.48,8.56,8.56,8.35,170919,144482119.0,2.47,0.59,0.05,2.41
2017-07-31,002215,8.53,8.64,8.74,8.51,224273,193692761.0,2.69,0.93,0.08,3.16
2017-08-01,002215,8.6,8.64,8.79,8.45,239309,206348170.0,3.94,0.0,0.0,3.37
2017-08-02,002215,8.66,8.4,8.66,8.37,226468,192244402.0,3.36,-2.78,-0.24,3.19
2017-08-03,002215,8.46,8.45,8.53,8.35,159905,135026568.0,2.14,0.6,0.05,2.25
2017-08-04,002215,8.4,8.37,8.5,8.29,184161,154485357.0,2.49,-0.95,-0.08,2.59
2017-08-07,002215,8.36,8.43,8.48,8.3,119758,100484637.0,2.15,0.72,0.06,1.69
2017-08-08,002215,8.43,8.7,8.73,8.35,296549,253712577.0,4.51,3.2,0.27,4.18
2017-08-09,002215,8.65,8.55,8.67,8.52,182525,156543191.0,1.72,-1.72,-0.15,2.57
2017-08-10,002215,8.56,8.46,8.63,8.31,196831,167036441.0,3.74,-1.05,-0.09,2.77
2017-08-11,002215,8.4,8.15,8.4,8.15,181293,150066462.0,2.96,-3.66,-0.31,2.55
2017-08-14,002215,8.22,8.25,8.28,8.17,139158,114345966.0,1.35,1.23,0.1,1.96
2017-08-15,002215,8.27,8.53,8.74,8.22,277024,235601986.0,6.3,3.39,0.28,3.9
2017-08-16,002215,8.45,8.49,8.54,8.36,176568,149075826.0,2.11,-0.47,-0.04,2.49
2017-08-17,002215,8.44,8.71,8.87,8.39,306560,264919248.0,5.65,2.59,0.22,4.32
2017-08-18,002215,8.63,8.67,8.76,8.6,190918,165641378.0,1.84,-0.46,-0.04,2.69
2017-08-21,002215,8.69,8.73,8.77,8.62,139028,120815261.0,1.73,0.69,0.06,1.96
2017-08-22,002215,8.72,8.63,8.75,8.55,160384,138355226.0,2.29,-1.15,-0.1,2.26
2017-08-23,002215,8.52,8.32,8.54,8.32,213992,179859425.0,2.55,-3.59,-0.31,3.01
2017-08-24,002215,8.33,8.27,8.36,8.24,102373,85002337.0,1.44,-0.6,-0.05,1.44
2017-08-25,002215,8.28,8.39,8.42,8.28,91463,76441404.0,1.69,1.45,0.12,1.29
2017-08-28,002215,8.4,8.42,8.46,8.36,121536,102263273.0,1.19,0.36,0.03,1.71
2017-08-29,002215,8.43,8.37,8.46,8.3,105522,88421867.0,1.9,-0.59,-0.05,1.49
2017-08-30,002215,8.37,8.4,8.48,8.33,118005,99107365.0,1.79,0.36,0.03,1.66
2017-08-31,002215,8.39,8.41,8.46,8.36,98687,83036299.0,1.19,0.12,0.01,1.39
2017-09-01,002215,8.4,8.39,8.41,8.31,138189,115515323.0,1.19,-0.24,-0.02,1.95
2017-09-04,002215,8.34,8.39,8.41,8.28,138300,115445583.0,1.55,0.0,0.0,1.95
2017-09-05,002215,8.36,8.29,8.37,8.28,110306,91712759.0,1.07,-1.19,-0.1,1.55
2017-09-06,002215,8.26,8.26,8.29,8.18,123258,101525788.0,1.33,-0.36,-0.03,1.74
2017-09-07,002215,8.28,8.36,8.55,8.26,226667,190661184.0,3.51,1.21,0.1,3.19
2017-09-08,002215,8.35,8.26,8.37,8.18,138248,114480280.0,2.27,-1.2,-0.1,1.95
2017-09-11,002215,8.22,8.34,8.36,8.22,92121,76459757.0,1.69,0.97,0.08,1.3
2017-09-12,002215,8.31,8.28,8.38,8.25,94677,78630756.0,1.56,-0.72,-0.06,1.33
2017-09-13,002215,8.29,8.33,8.37,8.25,84399,70157418.0,1.45,0.6,0.05,1.19
2017-09-14,002215,8.36,8.31,8.41,8.29,91938,76806940.0,1.44,-0.24,-0.02,1.29
2017-09-15,002215,8.28,8.3,8.35,8.22,97598,80806947.0,1.56,-0.12,-0.01,1.37
2017-09-18,002215,8.28,8.44,8.49,8.24,157338,131783412.0,3.01,1.69,0.14,2.22
2017-09-19,002215,8.43,8.29,8.44,8.27,122575,102478801.0,2.01,-1.78,-0.15,1.73
2017-09-20,002215,8.26,8.32,8.35,8.26,68746,57094635.0,1.09,0.36,0.03,0.97
2017-09-21,002215,8.32,8.26,8.37,8.26,61123,50792304.0,1.32,-0.72,-0.06,0.86
2017-09-22,002215,8.25,8.24,8.28,8.2,74110,61007576.0,0.97,-0.24,-0.02,1.04
2017-09-25,002215,8.21,8.16,8.4,8.15,92669,76562185.0,3.03,-0.97,-0.08,1.3
2017-09-26,002215,8.15,8.22,8.23,8.13,49731,40614568.0,1.23,0.74,0.06,0.7
2017-09-27,002215,8.22,8.2,8.29,8.17,67276,55294215.0,1.46,-0.24,-0.02,0.95
2017-09-28,002215,8.19,8.18,8.22,8.15,52192,42710191.0,0.85,-0.24,-0.02,0.73
2017-09-29,002215,8.19,8.28,8.28,8.17,66240,54440838.0,1.34,1.22,0.1,0.93
2017-10-09,002215,8.29,8.29,8.35,8.28,64972,53978919.0,0.85,0.12,0.01,0.91
2017-10-10,002215,8.31,8.4,8.45,8.27,135824,113594780.0,2.17,1.33,0.11,1.91
2017-10-11,002215,8.38,8.43,8.51,8.36,149738,126583311.0,1.79,0.36,0.03,2.11
2017-10-12,002215,8.42,8.34,8.46,8.29,96179,80359127.0,2.02,-1.07,-0.09,1.35
2017-10-13,002215,8.31,8.4,8.45,8.31,89722,75233652.0,1.68,0.72,0.06,1.26
2017-10-16,002215,8.41,8.18,8.48,8.18,133055,110910679.0,3.57,-2.62,-0.22,1.87
2017-10-17,002215,8.13,8.4,8.45,8.1,157832,131396727.0,4.28,2.69,0.22,2.22
2017-10-18,002215,8.37,8.19,8.42,8.16,103520,85722738.0,3.1,-2.5,-0.21,1.46
2017-10-19,002215,8.2,7.94,8.22,7.9,129593,103973215.0,3.91,-3.05,-0.25,1.82
2017-10-20,002215,7.92,7.99,8.01,7.85,75032,59654991.0,2.02,0.63,0.05,1.06
2017-10-23,002215,8.05,8.04,8.06,7.91,81500,65065028.0,1.88,0.63,0.05,1.15
2017-10-24,002215,8.04,7.91,8.04,7.76,115053,90637334.0,3.48,-1.62,-0.13,1.62
2017-10-25,002215,7.85,7.89,7.91,7.82,66239,52082466.0,1.14,-0.25,-0.02,0.93
2017-10-26,002215,7.87,7.85,7.89,7.8,92710,72633810.0,1.14,-0.51,-0.04,1.31
2017-10-27,002215,7.85,7.72,7.86,7.72,87055,67819801.0,1.78,-1.66,-0.13,1.23
2017-10-30,002215,7.72,7.42,7.72,7.36,130714,97459700.0,4.66,-3.89,-0.3,1.84
2017-10-31,002215,7.43,7.5,7.56,7.38,70030,52072327.0,2.43,1.08,0.08,0.99
2017-11-01,002215,7.5,7.4,7.51,7.4,67083,49955474.0,1.47,-1.33,-0.1,0.94
2017-11-02,002215,7.4,7.28,7.4,7.27,67855,49532171.0,1.76,-1.62,-0.12,0.96
2017-11-03,002215,7.27,7.35,7.37,7.26,62393,45579053.0,1.51,0.96,0.07,0.88
2017-11-06,002215,7.33,7.37,7.38,7.32,58211,42819926.0,0.82,0.27,0.02,0.82
2017-11-07,002215,7.37,7.36,7.43,7.33,61911,45542911.0,1.36,-0.14,-0.01,0.87
2017-11-08,002215,7.36,7.38,7.43,7.33,59721,44176665.0,1.36,0.27,0.02,0.84
2017-11-09,002215,7.38,7.42,7.42,7.36,38942,28819990.0,0.81,0.54,0.04,0.55
2017-11-10,002215,7.42,7.34,7.44,7.32,67630,49806129.0,1.62,-1.08,-0.08,0.95
2017-11-13,002215,7.34,7.26,7.37,7.23,87656,63877659.0,1.91,-1.09,-0.08,1.23
2017-11-14,002215,7.27,7.37,7.45,7.24,111253,82013580.0,2.89,1.52,0.11,1.57
2017-11-15,002215,7.36,7.33,7.4,7.29,59963,44015197.0,1.49,-0.54,-0.04,0.84
2017-11-16,002215,7.35,7.37,7.42,7.33,53742,39695424.0,1.23,0.55,0.04,0.76
2017-11-17,002215,7.38,7.26,7.42,7.1,88816,64384410.0,4.34,-1.49,-0.11,1.25
2017-11-20,002215,7.19,7.2,7.2,6.86,69304,48793873.0,4.68,-0.83,-0.06,0.98
2017-11-21,002215,7.15,7.11,7.22,7.05,37907,26980551.0,2.36,-1.25,-0.09,0.53
2017-11-22,002215,7.15,7.02,7.15,7.01,40109,28373826.0,1.97,-1.27,-0.09,0.56
2017-11-23,002215,7.02,6.8,7.04,6.79,69838,48192843.0,3.56,-3.13,-0.22,0.98
2017-11-24,002215,6.79,6.81,6.9,6.77,39711,27116836.0,1.91,0.15,0.01,0.56
2017-11-27,002215,6.84,6.79,6.87,6.71,39178,26608461.0,2.35,-0.29,-0.02,0.55
2017-11-28,002215,6.76,6.86,6.86,6.74,33314,22688958.0,1.77,1.03,0.07,0.47
2017-11-29,002215,6.85,7.02,7.02,6.81,57146,39422670.0,3.06,2.33,0.16,0.8
2017-11-30,002215,7.0,6.95,7.0,6.91,29526,20508100.0,1.28,-1.0,-0.07,0.42
2017-12-01,002215,6.92,6.97,7.0,6.92,25669,17906946.0,1.15,0.29,0.02,0.36
2017-12-04,002215,6.98,6.91,6.98,6.77,47863,32904098.0,3.01,-0.86,-0.06,0.67
2017-12-05,002215,6.89,6.83,6.9,6.71,50433,34238643.0,2.75,-1.16,-0.08,0.71
2017-12-06,002215,6.83,6.87,6.88,6.76,31493,21456562.0,1.76,0.59,0.04,0.44
2017-12-07,002215,6.84,6.83,6.87,6.8,23783,16252136.0,1.02,-0.58,-0.04,0.33
2017-12-08,002215,6.83,6.96,6.96,6.8,40950,28269382.0,2.34,1.9,0.13,0.58
2017-12-11,002215,6.94,6.98,6.98,6.92,27103,18865227.0,0.86,0.29,0.02,0.38
2017-12-12,002215,6.95,7.06,7.17,6.94,118875,84243016.0,3.3,1.15,0.08,1.67
2017-12-13,002215,7.02,7.08,7.13,6.98,56537,39894224.0,2.12,0.28,0.02,0.8
2017-12-14,002215,7.06,7.22,7.25,7.06,81788,58757632.0,2.68,1.98,0.14,1.15
2017-12-15,002215,7.23,7.13,7.23,7.1,56766,40633334.0,1.8,-1.25,-0.09,0.8
2017-12-18,002215,7.14,7.05,7.17,7.01,43343,30609877.0,2.24,-1.12,-0.08,0.61
2017-12-19,002215,7.05,7.03,7.11,6.99,44580,31401021.0,1.7,-0.28,-0.02,0.63
2017-12-20,002215,7.03,7.06,7.06,6.98,34108,23933746.0,1.14,0.43,0.03,0.48
2017-12-21,002215,7.06,7.04,7.06,6.97,29626,20811410.0,1.27,-0.28,-0.02,0.42
2017-12-22,002215,7.04,7.1,7.1,6.99,38162,26859492.0,1.56,0.85,0.06,0.54
2017-12-25,002215,7.1,7.01,7.15,6.98,40622,28717361.0,2.39,-1.27,-0.09,0.57
2017-12-26,002215,7.0,7.02,7.05,6.89,48201,33545485.0,2.28,0.14,0.01,0.68
2017-12-27,002215,7.0,6.96,7.12,6.95,42977,30268192.0,2.42,-0.85,-0.06,0.61
2017-12-28,002215,6.96,7.0,7.05,6.95,38041,26643205.0,1.44,0.57,0.04,0.54
2017-12-29,002215,7.02,7.29,7.29,7.0,86977,62131560.0,4.14,4.14,0.29,1.22
2018-01-02,002215,7.26,7.31,7.33,7.18,70182,50860033.0,2.06,0.27,0.02,0.99
2018-01-03,002215,7.28,7.27,7.32,7.23,57829,41996513.0,1.23,-0.55,-0.04,0.81
2018-01-04,002215,7.28,7.27,7.39,7.23,69788,51061323.0,2.2,0.0,0.0,0.98
2018-01-05,002215,7.28,7.31,7.34,7.21,52618,38276121.0,1.79,0.55,0.04,0.74
2018-01-08,002215,7.28,7.3,7.34,7.21,48494,35304045.0,1.78,-0.14,-0.01,0.68
2018-01-09,002215,7.3,7.26,7.31,7.21,42343,30710212.0,1.37,-0.55,-0.04,0.6
2018-01-10,002215,7.23,7.06,7.28,7.03,86668,61781119.0,3.44,-2.75,-0.2,1.22
2018-01-11,002215,7.06,7.1,7.12,6.98,50149,35378227.0,1.98,0.57,0.04,0.71
2018-01-12,002215,7.11,7.0,7.11,6.97,52007,36479277.0,1.97,-1.41,-0.1,0.73
2018-01-15,002215,7.0,6.86,7.0,6.76,69570,47668672.0,3.43,-2.0,-0.14,0.98
2018-01-16,002215,6.8,6.85,6.89,6.8,33894,23239545.0,1.31,-0.15,-0.01,0.48
2018-01-17,002215,6.83,6.89,6.9,6.81,38950,26714125.0,1.31,0.58,0.04,0.55
2018-01-18,002215,6.88,6.87,6.91,6.82,39679,27224171.0,1.31,-0.29,-0.02,0.56
2018-01-19,002215,6.85,6.85,6.89,6.81,39554,27107358.0,1.16,-0.29,-0.02,0.56
2018-01-22,002215,6.86,6.92,6.96,6.82,46852,32339153.0,2.04,1.02,0.07,0.66
2018-01-23,002215,6.92,6.95,6.97,6.9,38504,26713004.0,1.01,0.43,0.03,0.54
2018-01-24,002215,6.99,6.96,6.99,6.88,43490,30147495.0,1.58,0.14,0.01,0.61
2018-01-25,002215,6.94,6.97,7.02,6.88,57992,40459307.0,2.01,0.14,0.01,0.82
2018-01-26,002215,6.94,6.95,6.98,6.92,38867,27005166.0,0.86,-0.29,-0.02,0.55
2018-01-29,002215,6.93,6.8,6.95,6.76,76212,52106745.0,2.73,-2.16,-0.15,1.07
2018-01-30,002215,6.8,6.85,6.86,6.77,33627,22978293.0,1.32,0.74,0.05,0.47
2018-01-31,002215,6.87,6.82,6.99,6.79,67011,46128850.0,2.92,-0.44,-0.03,0.94
2018-02-01,002215,6.76,6.48,6.82,6.47,76260,50609408.0,5.13,-4.99,-0.34,1.07
2018-02-02,002215,6.41,6.26,6.43,6.08,60626,38089604.0,5.4,-3.4,-0.22,0.85
2018-02-05,002215,6.31,6.42,6.55,6.23,59115,37810709.0,5.11,2.56,0.16,0.83
2018-02-06,002215,6.34,6.37,6.64,6.28,99783,64639893.0,5.61,-0.78,-0.05,1.41
2018-02-07,002215,6.5,6.55,6.68,6.42,74247,48641135.0,4.08,2.83,0.18,1.05
2018-02-08,002215,6.53,6.66,6.66,6.46,63040,41358136.0,3.05,1.68,0.11,0.89
2018-02-09,002215,6.62,6.36,6.62,6.23,105422,67570518.0,5.86,-4.5,-0.3,1.48
2018-02-12,002215,6.37,6.49,6.55,6.37,60330,39046246.0,2.83,2.04,0.13,0.85
2018-02-13,002215,6.7,6.54,6.7,6.51,42984,28233726.0,2.93,0.77,0.05,0.61
2018-02-14,002215,6.49,6.52,6.54,6.4,31483,20356853.0,2.14,-0.31,-0.02,0.44
2018-02-22,002215,6.53,6.57,6.59,6.5,70186,45885384.0,1.38,0.77,0.05,0.99
2018-02-23,002215,6.57,6.58,6.61,6.52,53326,35013129.0,1.37,0.15,0.01,0.75
2018-02-26,002215,6.6,6.66,6.71,6.6,110476,73409377.0,1.67,1.22,0.08,1.56
2018-02-27,002215,6.7,6.66,6.77,6.62,113252,75773346.0,2.25,0.0,0.0,1.59
2018-02-28,002215,6.6,6.72,6.76,6.56,90274,60381419.0,3.0,0.9,0.06,1.27
2018-03-01,002215,6.68,6.77,6.78,6.65,73988,49723829.0,1.93,0.74,0.05,1.04
2018-03-02,002215,6.75,6.71,6.78,6.69,62210,41817913.0,1.33,-0.89,-0.06,0.88
2018-03-05,002215,6.71,6.67,6.74,6.65,51604,34447961.0,1.34,-0.6,-0.04,0.73
2018-03-06,002215,6.68,6.84,6.87,6.66,109136,73866953.0,3.15,2.55,0.17,1.54
2018-03-07,002215,6.87,6.96,7.16,6.85,170899,119926845.0,4.53,1.75,0.12,2.41
2018-03-08,002215,6.98,7.02,7.11,6.91,95018,66463741.0,2.87,0.86,0.06,1.34
2018-03-09,002215,7.01,7.19,7.29,7.0,156291,112174363.0,4.13,2.42,0.17,2.2
2018-03-12,002215,7.23,7.4,7.46,7.2,148543,108971802.0,3.62,2.92,0.21,2.09
2018-03-13,002215,7.33,7.3,7.44,7.29,92364,67839649.0,2.03,-1.35,-0.1,1.3
2018-03-14,002215,7.3,7.15,7.33,7.14,83475,60147564.0,2.6,-2.05,-0.15,1.18
2018-03-15,002215,7.1,7.2,7.23,7.08,81180,58101230.0,2.1,0.7,0.05,1.14
2018-03-16,002215,7.23,7.1,7.23,7.09,50567,36058826.0,1.94,-1.39,-0.1,0.71
2018-03-19,002215,7.1,7.28,7.35,7.05,106062,76756862.0,4.23,2.54,0.18,1.49
2018-03-20,002215,7.24,7.33,7.36,7.19,61449,44749831.0,2.34,0.69,0.05,0.87
2018-03-21,002215,7.38,7.31,7.43,7.26,78916,57942646.0,2.32,-0.27,-0.02,1.11
2018-03-22,002215,7.28,7.57,7.59,7.26,167584,125889881.0,4.51,3.56,0.26,2.36
2018-03-23,002215,7.35,7.37,7.53,7.03,187893,137705878.0,6.61,-2.64,-0.2,2.65
2018-03-26,002215,7.26,7.34,7.36,7.07,92949,67216514.0,3.93,-0.41,-0.03,1.31
2018-03-27,002215,7.39,7.7,7.82,7.38,169611,129994356.0,5.99,4.9,0.36,2.39
2018-03-28,002215,7.6,7.84,8.12,7.56,269126,212808478.0,7.27,1.82,0.14,3.79
2018-03-29,002215,7.85,7.78,7.87,7.61,104080,80799646.0,3.32,-0.77,-0.06,1.47
2018-03-30,002215,7.8,7.86,7.94,7.74,102568,80408004.0,2.57,1.03,0.08,1.44
2018-04-02,002215,7.82,8.15,8.23,7.8,180063,144235956.0,5.47,3.69,0.29,2.49
2018-04-03,002215,8.01,8.09,8.27,8.0,102300,82824003.0,3.31,-0.74,-0.06,1.41
2018-04-04,002215,8.12,7.99,8.16,7.98,90866,73302638.0,2.22,-1.24,-0.1,1.25
2018-04-09,002215,7.95,7.94,8.0,7.78,60434,47665325.0,2.75,-0.63,-0.05,0.83
2018-04-10,002215,7.92,7.78,7.94,7.55,140362,108067410.0,4.91,-2.02,-0.16,1.94
2018-04-11,002215,7.8,7.79,7.82,7.7,56232,43716050.0,1.54,0.13,0.01,0.78
2018-04-12,002215,7.73,7.73,7.82,7.68,33434,25807709.0,1.8,-0.77,-0.06,0.46
2018-04-13,002215,7.72,7.77,7.8,7.71,35262,27344401.0,1.16,0.52,0.04,0.49
2018-04-16,002215,7.79,7.66,7.82,7.49,77813,59411096.0,4.25,-1.42,-0.11,1.07
2018-04-17,002215,7.61,7.46,7.66,7.4,51782,38891245.0,3.39,-2.61,-0.2,0.71
2018-04-18,002215,7.5,7.36,7.5,7.14,90078,65626492.0,4.83,-1.34,-0.1,1.24
2018-04-19,002215,7.37,7.25,7.42,7.21,80583,58809659.0,2.85,-1.49,-0.11,1.11
2018-04-20,002215,7.26,7.19,7.37,7.18,45318,32920294.0,2.62,-0.83,-0.06,0.63
2018-04-23,002215,7.18,7.1,7.27,7.03,39552,28219289.0,3.34,-1.25,-0.09,0.55
2018-04-24,002215,7.1,7.15,7.19,7.06,147029,104606066.0,1.83,0.7,0.05,2.03
2018-04-25,002215,7.12,6.98,7.18,6.95,97120,68507110.0,3.22,-2.38,-0.17,1.34
2018-04-26,002215,6.98,6.83,7.05,6.8,95199,66084456.0,3.58,-2.15,-0.15,1.31
2018-04-27,002215,7.0,6.83,7.0,6.74,114859,79171716.0,3.81,0.0,0.0,1.59
2018-05-02,002215,6.82,7.31,7.51,6.8,213598,155872835.0,10.4,7.03,0.48,2.95
2018-05-03,002215,7.31,7.5,7.6,7.22,169833,126960766.0,5.2,2.6,0.19,2.34
2018-05-04,002215,7.53,7.44,7.57,7.41,71972,53753905.0,2.13,-0.8,-0.06,0.99
2018-05-07,002215,7.52,7.75,7.85,7.44,214750,165215048.0,5.51,4.17,0.31,2.96
2018-05-08,002215,7.79,7.75,7.88,7.67,115760,89820247.0,2.71,0.0,0.0,1.6
2018-05-09,002215,7.75,7.79,7.93,7.72,105843,82928060.0,2.71,0.52,0.04,1.46
2018-05-10,002215,7.87,7.93,8.02,7.81,131949,104824387.0,2.7,1.8,0.14,1.82
2018-05-11,002215,7.95,7.81,7.98,7.81,78616,62096648.0,2.14,-1.51,-0.12,1.09
2018-05-14,002215,7.88,7.74,8.08,7.66,101925,79844360.0,5.38,-0.9,-0.07,1.41
2018-05-15,002215,7.8,7.91,7.95,7.7,94060,73598938.0,3.23,2.2,0.17,1.3
2018-05-16,002215,7.86,7.83,7.92,7.8,51673,40558426.0,1.52,-1.01,-0.08,0.71
2018-05-17,002215,7.77,7.87,7.91,7.74,69976,54851450.0,2.17,0.51,0.04,0.97
2018-05-18,002215,7.85,7.81,7.99,7.78,50095,39391938.0,2.67,-0.76,-0.06,0.69
2018-05-21,002215,7.88,8.17,8.23,7.84,155823,125826772.0,4.99,4.61,0.36,2.15
2018-05-22,002215,8.16,8.25,8.43,8.11,141217,116892911.0,3.92,0.98,0.08,1.95
2018-05-23,002215,8.22,8.13,8.3,8.07,87420,71216357.0,2.79,-1.45,-0.12,1.21
2018-05-24,002215,8.13,8.17,8.19,7.98,84828,68576943.0,2.58,0.49,0.04,1.17
2018-05-25,002215,8.11,7.91,8.17,7.91,72530,57937796.0,3.18,-3.18,-0.26,1.0
2018-05-28,002215,7.9,7.82,7.95,7.76,69937,54889355.0,2.4,-1.14,-0.09,0.97
2018-05-29,002215,7.8,7.65,7.95,7.64,77266,59985016.0,3.96,-2.17,-0.17,1.07
2018-05-30,002215,7.58,7.6,7.67,7.4,106718,80518487.0,3.53,-0.65,-0.05,1.47
2018-05-31,002215,7.68,7.87,7.91,7.58,107293,83477861.0,4.34,3.55,0.27,1.48
2018-06-01,002215,7.9,7.9,8.01,7.8,81306,64385498.0,2.67,0.38,0.03,1.12
2018-06-04,002215,7.97,7.71,7.97,7.7,63212,49447022.0,3.42,-2.41,-0.19,0.87
2018-06-05,002215,7.8,7.6,7.83,7.48,146438,110914684.0,4.54,-1.43,-0.11,2.02
2018-06-06,002215,7.46,7.39,7.53,7.31,94900,70098290.0,2.89,-2.76,-0.21,1.31
2018-06-07,002215,7.4,7.38,7.44,7.33,52908,39080610.0,1.49,-0.14,-0.01,0.73
2018-06-08,002215,7.35,7.2,7.36,7.12,61267,44119897.0,3.25,-2.44,-0.18,0.85
2018-06-11,002215,7.19,7.0,7.25,6.95,133708,94467812.0,4.17,-2.78,-0.2,1.85
2018-06-12,002215,7.01,7.12,7.13,6.92,59742,42120680.0,3.0,1.71,0.12,0.82
2018-06-13,002215,7.07,7.06,7.19,7.01,52985,37670280.0,2.53,-0.84,-0.06,0.73
2018-06-14,002215,7.0,7.08,7.15,7.0,33140,23471324.0,2.12,0.28,0.02,0.46
2018-06-15,002215,7.09,6.89,7.11,6.82,61340,42508792.0,4.1,-2.68,-0.19,0.85
2018-06-19,002215,6.72,6.62,7.04,6.42,98527,66418319.0,9.0,-3.92,-0.27,1.36
2018-06-20,002215,6.7,6.7,6.77,6.53,74954,50020801.0,3.63,1.21,0.08,1.03
2018-06-21,002215,6.74,6.7,6.82,6.64,66831,45026589.0,2.69,0.0,0.0,0.92
2018-06-22,002215,6.7,6.88,6.93,6.46,57399,38734268.0,7.01,2.69,0.18,0.79
2018-06-25,002215,6.98,6.76,6.99,6.74,46688,31982580.0,3.63,-1.74,-0.12,0.64
2018-06-26,002215,6.71,6.92,7.03,6.6,54013,36797941.0,6.36,2.37,0.16,0.75
2018-06-27,002215,6.89,6.92,7.1,6.78,52209,35935423.0,4.62,0.0,0.0,0.72
2018-06-28,002215,6.89,6.8,6.96,6.77,34008,23419831.0,2.75,-1.73,-0.12,0.47
2018-06-29,002215,6.75,6.96,6.98,6.75,39149,27056364.0,3.38,2.35,0.16,0.54
2018-07-02,002215,7.0,6.86,7.06,6.8,49033,34160048.0,3.74,-1.44,-0.1,0.68
2018-07-03,002215,6.86,6.92,6.94,6.75,42996,29514875.0,2.77,0.87,0.06,0.59
2018-07-04,002215,6.91,6.82,6.95,6.81,26768,18354611.0,2.02,-1.45,-0.1,0.37
2018-07-05,002215,6.81,6.8,6.95,6.76,45561,31129465.0,2.79,-0.29,-0.02,0.63
2018-07-06,002215,6.89,7.01,7.1,6.82,83619,58266133.0,4.12,3.09,0.21,1.15
2018-07-09,002215,7.03,7.12,7.15,7.0,58291,41355941.0,2.14,1.57,0.11,0.8
2018-07-10,002215,7.13,7.13,7.16,7.07,39971,28434526.0,1.26,0.14,0.01,0.55
2018-07-11,002215,7.11,6.93,7.11,6.86,56302,39254046.0,3.51,-2.81,-0.2,0.78
2018-07-12,002215,6.92,7.22,7.26,6.91,74947,53455782.0,5.05,4.18,0.29,1.03
2018-07-13,002215,7.2,7.16,7.29,7.11,60148,43175642.0,2.49,-0.83,-0.06,0.83
2018-07-16,002215,7.15,7.15,7.17,7.02,39933,28347469.0,2.09,-0.14,-0.01,0.55
2018-07-17,002215,7.16,7.13,7.19,7.02,55207,39161703.0,2.38,-0.28,-0.02,0.76
2018-07-18,002215,7.12,7.27,7.32,7.06,115776,83315930.0,3.65,1.96,0.14,1.6
2018-07-19,002215,7.3,7.47,7.49,7.25,132151,97305353.0,3.3,2.75,0.2,1.82
2018-07-20,002215,7.41,7.7,7.79,7.38,185207,141482922.0,5.49,3.08,0.23,2.55
2018-07-23,002215,7.7,7.67,7.84,7.59,106206,81742427.0,3.25,-0.39,-0.03,1.46
2018-07-24,002215,7.67,7.73,7.8,7.6,76805,59229920.0,2.61,0.78,0.06,1.06
2018-07-25,002215,7.8,7.61,7.8,7.56,74848,57229935.0,3.1,-1.55,-0.12,1.03
2018-07-26,002215,7.57,7.56,7.65,7.44,73670,55489834.0,2.76,-0.66,-0.05,1.02
2018-07-27,002215,7.56,7.55,7.67,7.46,63445,48096729.0,2.78,-0.13,-0.01,0.87
2018-07-30,002215,7.55,7.31,7.59,7.23,107714,79237977.0,4.77,-3.18,-0.24,1.49
2018-07-31,002215,7.31,7.39,7.45,7.29,61866,45574713.0,2.19,1.09,0.08,0.85
2018-08-01,002215,7.5,7.18,7.52,7.15,70621,51698577.0,5.01,-2.84,-0.21,0.97
2018-08-02,002215,7.17,6.93,7.23,6.81,100547,69995731.0,5.85,-3.48,-0.25,1.39
2018-08-03,002215,6.96,6.93,7.05,6.87,69298,48325903.0,2.6,0.0,0.0,0.96
2018-08-06,002215,6.94,6.86,6.98,6.75,65637,45045749.0,3.32,-1.01,-0.07,0.91
2018-08-07,002215,6.87,7.07,7.1,6.67,87816,60553134.0,6.27,3.06,0.21,1.21
2018-08-08,002215,7.04,7.01,7.06,6.94,63938,44745895.0,1.7,-0.85,-0.06,0.88
2018-08-09,002215,7.0,7.14,7.16,6.99,62789,44636872.0,2.43,1.85,0.13,0.87
2018-08-10,002215,7.1,7.16,7.18,7.09,47817,34089196.0,1.26,0.28,0.02,0.66
2018-08-13,002215,7.17,7.45,7.53,7.09,130804,96065925.0,6.15,4.05,0.29,1.8
2018-08-14,002215,7.45,7.87,7.98,7.44,235527,183030095.0,7.25,5.64,0.42,3.25
2018-08-15,002215,7.91,7.87,8.08,7.79,188400,149027724.0,3.68,0.0,0.0,2.6
2018-08-16,002215,7.85,7.77,7.85,7.72,120331,93493804.0,1.65,-1.27,-0.1,1.66
2018-08-17,002215,7.83,7.75,7.95,7.6,140556,109039935.0,4.5,-0.26,-0.02,1.94
2018-08-20,002215,7.73,8.02,8.04,7.65,113490,89193900.0,5.03,3.48,0.27,1.56
2018-08-21,002215,7.98,7.96,8.03,7.86,71575,56821576.0,2.12,-0.75,-0.06,0.99
2018-08-22,002215,7.96,7.91,8.0,7.75,55361,43477217.0,3.14,-0.63,-0.05,0.76
2018-08-23,002215,7.85,7.63,7.85,7.33,179928,136082071.0,6.57,-3.54,-0.28,2.48
2018-08-24,002215,7.54,8.25,8.27,7.43,189231,150071089.0,11.01,8.13,0.62,2.61
2018-08-27,002215,8.19,8.26,8.45,8.08,190563,156917421.0,4.48,0.12,0.01,2.63
2018-08-28,002215,8.18,8.23,8.29,7.99,178535,145163418.0,3.63,-0.36,-0.03,2.46
2018-08-29,002215,8.2,8.13,8.48,8.09,186016,154713751.0,4.74,-1.22,-0.1,2.56
2018-08-30,002215,8.17,8.02,8.32,7.96,118496,96491343.0,4.43,-1.35,-0.11,1.63
2018-08-31,002215,7.99,7.99,8.05,7.72,128442,101097438.0,4.11,-0.37,-0.03,1.77
2018-09-03,002215,7.95,8.08,8.19,7.81,88658,70757811.0,4.76,1.13,0.09,1.22
2018-09-04,002215,8.07,7.98,8.14,7.94,95182,76711941.0,2.48,-1.24,-0.1,1.31
2018-09-05,002215,7.97,7.88,7.98,7.73,115991,91074717.0,3.13,-1.25,-0.1,1.6
2018-09-06,002215,7.8,7.71,7.88,7.67,86441,67051213.0,2.66,-2.16,-0.17,1.19
2018-09-07,002215,7.73,7.84,7.93,7.7,113321,88994502.0,2.98,1.69,0.13,1.56
2018-09-10,002215,7.8,7.89,8.05,7.77,118440,94315145.0,3.57,0.64,0.05,1.63
2018-09-11,002215,7.91,8.21,8.43,7.66,166997,133506265.0,9.76,4.06,0.32,2.3
2018-09-12,002215,8.21,8.1,8.36,8.08,106455,87366295.0,3.41,-1.34,-0.11,1.47
2018-09-13,002215,8.19,8.35,8.38,8.05,155003,127761518.0,4.07,3.09,0.25,2.14
2018-09-14,002215,8.37,8.41,8.64,8.22,162250,137252454.0,5.03,0.72,0.06,2.24
2018-09-17,002215,8.35,8.22,8.35,8.1,87470,71822389.0,2.97,-2.26,-0.19,1.21
2018-09-18,002215,8.22,8.53,8.56,8.1,117471,98544562.0,5.6,3.77,0.31,1.62
2018-09-19,002215,8.45,8.39,8.53,8.2,222381,185374147.0,3.87,-1.64,-0.14,3.07
2018-09-20,002215,8.23,7.84,8.33,7.55,511050,395490912.0,9.3,-6.56,-0.55,7.05
2018-09-21,002215,7.65,7.66,7.76,7.45,194599,148716487.0,3.95,-2.3,-0.18,2.68
2018-09-25,002215,7.63,7.54,7.77,7.53,128816,98381732.0,3.13,-1.57,-0.12,1.78
2018-09-26,002215,7.54,7.62,7.69,7.44,134035,101335372.0,3.32,1.06,0.08,1.85
2018-09-27,002215,7.59,7.57,7.71,7.57,110411,84244432.0,1.84,-0.66,-0.05,1.52
2018-09-28,002215,7.56,7.56,7.63,7.41,105361,79060889.0,2.91,-0.13,-0.01,1.45
2018-10-08,002215,7.45,7.1,7.45,7.07,104398,76144473.0,5.03,-6.08,-0.46,1.44
2018-10-09,002215,7.14,7.11,7.23,7.06,78339,55872961.0,2.39,0.14,0.01,1.08
2018-10-10,002215,7.13,7.12,7.18,7.0,80977,57215044.0,2.53,0.14,0.01,1.12
2018-10-11,002215,6.91,6.9,7.04,6.63,156379,106920205.0,5.76,-3.09,-0.22,2.16
2018-10-12,002215,6.81,7.12,7.14,6.62,131986,91172903.0,7.54,3.19,0.22,1.82
2018-10-15,002215,7.11,7.17,7.24,7.03,78378,55882322.0,2.95,0.7,0.05,1.08
2018-10-16,002215,7.11,7.22,7.41,7.11,88126,64022051.0,4.18,0.7,0.05,1.22
2018-10-17,002215,7.25,7.2,7.3,7.12,53996,38795110.0,2.49,-0.28,-0.02,0.74
2018-10-18,002215,7.19,6.98,7.19,6.92,52182,36521752.0,3.75,-3.06,-0.22,0.72
2018-10-19,002215,6.85,7.22,7.25,6.71,75309,53142613.0,7.74,3.44,0.24,1.04
2018-10-22,002215,7.22,7.51,7.57,7.22,130354,96915438.0,4.85,4.02,0.29,1.8
2018-10-23,002215,7.5,7.45,7.51,7.28,70852,52245809.0,3.06,-0.8,-0.06,0.98
2018-10-24,002215,7.45,7.37,7.48,7.3,43007,31791668.0,2.42,-1.07,-0.08,0.59
2018-10-25,002215,7.2,7.21,7.36,7.04,68027,48737860.0,4.34,-2.17,-0.16,0.94
2018-10-26,002215,7.25,7.01,7.28,6.92,104098,73310178.0,4.99,-2.77,-0.2,1.44
2018-10-29,002215,7.0,6.63,7.0,6.54,113075,76637295.0,6.56,-5.42,-0.38,1.56
2018-10-30,002215,6.6,6.82,6.83,6.52,95626,64045588.0,4.68,2.87,0.19,1.32
2018-10-31,002215,6.81,6.9,6.92,6.73,73353,50259071.0,2.79,1.17,0.08,1.01
2018-11-01,002215,6.86,6.92,6.99,6.84,62457,43182025.0,2.17,0.29,0.02,0.86
2018-11-02,002215,6.96,7.27,7.3,6.83,175605,123822982.0,6.79,5.06,0.35,2.42
2018-11-05,002215,7.18,7.08,7.22,7.03,104486,74464745.0,2.61,-2.61,-0.19,1.44
2018-11-06,002215,7.03,7.0,7.09,6.94,59381,41547382.0,2.12,-1.13,-0.08,0.82
2018-11-07,002215,7.01,6.99,7.05,6.89,74122,51615759.0,2.29,-0.14,-0.01,1.02
2018-11-08,002215,6.98,6.97,7.01,6.85,78188,54057061.0,2.29,-0.29,-0.02,1.08
2018-11-09,002215,6.91,6.95,7.0,6.86,51991,36074992.0,2.01,-0.29,-0.02,0.72
2018-11-12,002215,6.92,7.08,7.08,6.91,61333,43006003.0,2.45,1.87,0.13,0.85
2018-11-13,002215,6.99,7.2,7.23,6.96,128408,91450959.0,3.81,1.69,0.12,1.77
2018-11-14,002215,7.16,7.09,7.23,7.06,57554,41027570.0,2.36,-1.53,-0.11,0.79
2018-11-15,002215,7.06,7.1,7.14,7.01,66873,47396725.0,1.83,0.14,0.01,0.92
2018-11-16,002215,7.19,7.32,7.34,7.13,124070,89721668.0,2.96,3.1,0.22,1.71
2018-11-19,002215,7.32,7.21,7.32,7.12,68738,49447824.0,2.73,-1.5,-0.11,0.95
2018-11-20,002215,7.15,7.02,7.18,7.01,51577,36602349.0,2.36,-2.64,-0.19,0.71
2018-11-21,002215,6.91,7.12,7.16,6.88,51110,36051203.0,3.99,1.42,0.1,0.7
2018-11-22,002215,7.12,7.11,7.17,7.07,31768,22616581.0,1.4,-0.14,-0.01,0.44
2018-11-23,002215,7.09,6.98,7.11,6.9,44633,31148454.0,2.95,-1.83,-0.13,0.62
2018-11-26,002215,6.94,6.95,7.01,6.88,22778,15807657.0,1.86,-0.43,-0.03,0.31
2018-11-27,002215,6.97,6.96,7.01,6.92,19791,13783887.0,1.29,0.14,0.01,0.27
2018-11-28,002215,6.92,7.03,7.1,6.86,34235,23858690.0,3.45,1.01,0.07,0.47
2018-11-29,002215,7.04,6.89,7.07,6.89,35593,24846216.0,2.56,-1.99,-0.14,0.49
2018-11-30,002215,6.85,6.92,6.95,6.8,23635,16236046.0,2.18,0.44,0.03,0.33
2018-12-03,002215,7.06,7.01,7.08,6.93,80324,56453241.0,2.17,1.3,0.09,1.11
2018-12-04,002215,7.0,6.99,7.04,6.93,47833,33417064.0,1.57,-0.29,-0.02,0.66
2018-12-05,002215,6.89,6.92,6.95,6.85,35592,24556919.0,1.43,-1.0,-0.07,0.49
2018-12-06,002215,6.88,6.78,6.92,6.74,40756,27837486.0,2.6,-2.02,-0.14,0.56
2018-12-07,002215,6.76,6.82,6.84,6.75,18671,12696550.0,1.33,0.59,0.04,0.26
2018-12-10,002215,6.8,6.72,6.8,6.7,22145,14914738.0,1.47,-1.47,-0.1,0.31
2018-12-11,002215,6.76,6.72,6.79,6.68,23502,15780799.0,1.64,0.0,0.0,0.32
2018-12-12,002215,6.74,6.72,6.88,6.69,30819,20765655.0,2.83,0.0,0.0,0.42
2018-12-13,002215,6.75,6.74,6.79,6.69,38057,25656159.0,1.49,0.3,0.02,0.52
2018-12-14,002215,6.74,6.64,6.74,6.58,54617,36282191.0,2.37,-1.48,-0.1,0.75
2018-12-17,002215,6.58,6.63,6.65,6.56,16541,10927597.0,1.36,-0.15,-0.01,0.23
2018-12-18,002215,6.6,6.65,6.67,6.54,33201,21921869.0,1.96,0.3,0.02,0.46
2018-12-19,002215,6.64,6.67,6.82,6.61,76711,51744777.0,3.16,0.3,0.02,1.06
2018-12-20,002215,6.65,6.68,6.7,6.56,36391,24151168.0,2.1,0.15,0.01,0.5
2018-12-21,002215,6.64,6.71,6.74,6.61,20452,13621635.0,1.95,0.45,0.03,0.28
2018-12-24,002215,6.69,6.73,6.78,6.67,25875,17405753.0,1.64,0.3,0.02,0.36
2018-12-25,002215,6.68,6.72,6.8,6.63,53811,36180132.0,2.53,-0.15,-0.01,0.74
2018-12-26,002215,6.72,6.74,6.79,6.65,49226,33150074.0,2.08,0.3,0.02,0.68
2018-12-27,002215,6.79,6.73,6.83,6.67,29029,19560888.0,2.37,-0.15,-0.01,0.4
2018-12-28,002215,6.7,6.76,6.84,6.65,54596,36929378.0,2.82,0.45,0.03,0.75
2019-01-02,002215,6.73,6.71,6.84,6.7,51615,34976135.0,2.07,-0.74,-0.05,0.71
2019-01-03,002215,6.69,6.69,6.72,6.58,32982,21944373.0,2.09,-0.3,-0.02,0.45
2019-01-04,002215,6.67,6.75,6.78,6.61,36082,24291839.0,2.54,0.9,0.06,0.5
2019-01-07,002215,6.78,6.78,6.82,6.73,51061,34559534.0,1.33,0.44,0.03,0.7
2019-01-08,002215,6.79,6.77,6.8,6.72,21375,14445374.0,1.18,-0.15,-0.01,0.29
2019-01-09,002215,6.77,6.68,6.78,6.68,103430,69726867.0,1.48,-1.33,-0.09,1.43
2019-01-10,002215,6.64,6.6,6.67,6.6,49166,32609903.0,1.05,-1.2,-0.08,0.68
2019-01-11,002215,6.6,6.81,6.82,6.58,77207,51706572.0,3.64,3.18,0.21,1.06
2019-01-14,002215,6.8,6.71,6.8,6.65,38444,25825553.0,2.2,-1.47,-0.1,0.53
2019-01-15,002215,6.67,6.74,6.74,6.6,31536,21058618.0,2.09,0.45,0.03,0.44
2019-01-16,002215,6.73,6.57,6.73,6.48,122411,80484119.0,3.71,-2.52,-0.17,1.69
2019-01-17,002215,6.57,6.4,6.58,6.33,81325,52465253.0,3.81,-2.59,-0.17,1.12
2019-01-18,002215,6.36,6.57,6.59,6.36,72724,47105427.0,3.59,2.66,0.17,1.0
2019-01-21,002215,6.56,6.49,6.56,6.44,57489,37343669.0,1.83,-1.22,-0.08,0.79
2019-01-22,002215,6.51,6.42,6.51,6.41,21832,14074875.0,1.54,-1.08,-0.07,0.3
2019-01-23,002215,6.39,6.41,6.43,6.31,52883,33691877.0,1.87,-0.16,-0.01,0.73
2019-01-24,002215,6.39,6.5,6.51,6.36,45510,29350239.0,2.34,1.4,0.09,0.63
2019-01-25,002215,6.48,6.4,6.51,6.33,67587,43160935.0,2.77,-1.54,-0.1,0.93
2019-01-28,002215,6.4,6.32,6.41,6.32,26829,17059671.0,1.41,-1.25,-0.08,0.37
2019-01-29,002215,6.31,6.03,6.31,6.01,66095,40410705.0,4.75,-4.59,-0.29,0.91
2019-01-30,002215,6.0,5.43,6.06,5.43,209571,116114774.0,10.45,-9.95,-0.6,2.89
2019-01-31,002215,5.47,5.42,5.51,5.4,82566,45006550.0,2.03,-0.18,-0.01,1.14
2019-02-01,002215,5.27,5.54,5.55,5.27,97775,53283601.0,5.17,2.21,0.12,1.35
2019-02-11,002215,5.53,5.73,5.78,5.49,91064,51380291.0,5.23,3.43,0.19,1.26
2019-02-12,002215,5.73,5.8,5.84,5.66,97276,56095579.0,3.14,1.22,0.07,1.34
2019-02-13,002215,5.77,5.87,5.99,5.76,126143,74331245.0,3.97,1.21,0.07,1.74
2019-02-14,002215,5.89,5.84,5.96,5.84,102655,60343968.0,2.04,-0.51,-0.03,1.42
2019-02-15,002215,5.82,5.86,5.93,5.78,96676,56508923.0,2.57,0.34,0.02,1.33
2019-02-18,002215,5.88,6.01,6.06,5.82,137748,82048251.0,4.1,2.56,0.15,1.9
2019-02-19,002215,6.07,6.13,6.18,6.01,187116,114311523.0,2.83,2.0,0.12,2.58
2019-02-20,002215,6.39,6.13,6.39,6.12,243497,152111717.0,4.4,0.0,0.0,3.36
2019-02-21,002215,6.05,6.05,6.15,6.03,141789,86324194.0,1.96,-1.31,-0.08,1.96
2019-02-22,002215,6.08,6.1,6.1,5.96,145399,87640603.0,2.31,0.83,0.05,2.01
2019-02-25,002215,6.15,6.29,6.33,6.12,288974,180324869.0,3.44,3.11,0.19,3.99
2019-02-26,002215,6.32,6.27,6.39,6.22,293654,185137407.0,2.7,-0.32,-0.02,4.05
2019-02-27,002215,6.25,6.22,6.34,6.16,172049,107792875.0,2.87,-0.8,-0.05,2.37
2019-02-28,002215,6.24,6.24,6.28,6.2,105498,65779032.0,1.29,0.32,0.02,1.46
2019-03-01,002215,6.24,6.24,6.27,6.18,109618,68197509.0,1.44,0.0,0.0,1.51
2019-03-04,002215,6.27,6.31,6.41,6.26,203224,128707443.0,2.4,1.12,0.07,2.8
2019-03-05,002215,6.3,6.44,6.51,6.24,231798,147881636.0,4.28,2.06,0.13,3.2
2019-03-06,002215,6.46,6.66,6.69,6.41,317228,207534538.0,4.35,3.42,0.22,4.38
2019-03-07,002215,6.7,6.79,6.89,6.62,281590,190101743.0,4.05,1.95,0.13,3.88
2019-03-08,002215,6.84,6.55,6.91,6.53,266475,179657111.0,5.6,-3.53,-0.24,3.68
2019-03-11,002215,6.57,7.0,7.06,6.57,330803,226066430.0,7.48,6.87,0.45,4.56
2019-03-12,002215,7.02,7.0,7.14,6.81,272394,190295686.0,4.71,0.0,0.0,3.76
2019-03-13,002215,6.99,6.79,6.99,6.73,170977,117533671.0,3.71,-3.0,-0.21,2.36
2019-03-14,002215,6.74,6.62,6.8,6.58,136532,90856742.0,3.24,-2.5,-0.17,1.88
2019-03-15,002215,6.64,6.66,6.79,6.56,154981,103391362.0,3.47,0.6,0.04,2.14
2019-03-18,002215,6.66,6.76,6.78,6.58,148428,99265893.0,3.0,1.5,0.1,2.05
2019-03-19,002215,6.78,6.75,6.8,6.68,108460,73080119.0,1.78,-0.15,-0.01,1.5
2019-03-20,002215,6.75,6.7,6.79,6.56,135933,90661366.0,3.41,-0.74,-0.05,1.88
2019-03-21,002215,6.72,6.72,6.75,6.65,161968,108557624.0,1.49,0.3,0.02,2.23
2019-03-22,002215,6.75,6.73,6.77,6.62,151607,101365303.0,2.23,0.15,0.01,2.09
2019-03-25,002215,6.65,6.6,6.74,6.6,137306,91380721.0,2.08,-1.93,-0.13,1.89
2019-03-26,002215,6.65,6.45,6.66,6.43,126800,82813410.0,3.48,-2.27,-0.15,1.75
2019-03-27,002215,6.48,6.35,6.52,6.23,171726,109673545.0,4.5,-1.55,-0.1,2.37
2019-03-28,002215,6.33,6.29,6.42,6.28,95952,60966481.0,2.2,-0.94,-0.06,1.32
2019-03-29,002215,6.31,6.51,6.51,6.26,129319,82864135.0,3.97,3.5,0.22,1.78
2019-04-01,002215,6.53,6.71,6.75,6.51,181263,121111659.0,3.69,3.07,0.2,2.5
2019-04-02,002215,6.72,6.73,6.84,6.7,167539,113170355.0,2.09,0.3,0.02,2.31
2019-04-03,002215,6.71,6.85,6.87,6.68,187537,127517067.0,2.82,1.78,0.12,2.59
2019-04-04,002215,6.91,6.89,7.02,6.8,241894,167270322.0,3.21,0.58,0.04,3.34
2019-04-08,002215,7.58,7.58,7.58,7.58,95355,72279362.0,0.0,10.01,0.69,1.32
2019-04-09,002215,7.58,7.24,7.58,7.17,487807,358498000.0,5.41,-4.49,-0.34,6.73
2019-04-10,002215,7.12,7.23,7.41,7.09,286326,208353882.0,4.42,-0.14,-0.01,3.95
2019-04-11,002215,7.17,7.03,7.19,6.95,229270,162031017.0,3.32,-2.77,-0.2,3.16
2019-04-12,002215,7.03,7.61,7.72,7.0,450637,332914768.0,10.24,8.25,0.58,6.22
2019-04-15,002215,7.84,7.38,7.84,7.35,413371,311964816.0,6.44,-3.02,-0.23,5.7
2019-04-16,002215,7.36,7.61,7.66,7.31,249488,188120539.0,4.74,3.12,0.23,3.44
2019-04-17,002215,7.78,8.37,8.37,7.78,651642,536008832.0,7.75,9.99,0.76,8.99
2019-04-18,002215,9.21,9.21,9.21,9.21,42028,38708220.0,0.0,10.04,0.84,0.58
2019-04-19,002215,10.13,10.13,10.13,10.13,48297,48925195.0,0.0,9.99,0.92,0.67
2019-04-22,002215,11.14,11.14,11.14,11.14,134910,150289528.0,0.0,9.97,1.01,1.86
2019-04-23,002215,11.17,10.1,11.2,10.03,1540008,1633115200.0,10.5,-9.34,-1.04,21.24
2019-04-24,002215,10.6,11.11,11.11,10.35,1400493,1524179520.0,7.52,10.0,1.01,19.32
2019-04-25,002215,10.2,10.03,10.48,10.0,1268984,1282241888.0,4.32,-9.72,-1.08,17.5
2019-04-26,002215,9.81,9.03,10.03,9.03,819967,768523632.0,9.97,-9.97,-1.0,11.31
2019-04-29,002215,9.23,8.62,9.32,8.5,639578,570596176.0,9.08,-4.54,-0.41,8.82
2019-04-30,002215,8.56,8.83,9.13,8.54,555524,487814432.0,6.84,2.44,0.21,7.66
2019-05-06,002215,8.21,7.95,8.4,7.95,458906,373772976.0,5.1,-9.97,-0.88,6.33
2019-05-07,002215,7.99,8.19,8.49,7.91,547306,449433088.0,7.3,3.02,0.24,7.55
2019-05-08,002215,7.96,8.2,8.54,7.61,578908,472919040.0,11.36,0.12,0.01,7.99
2019-05-09,002215,7.93,7.78,8.24,7.74,440806,351940944.0,6.1,-5.12,-0.42,6.08
2019-05-10,002215,8.0,8.17,8.22,7.61,505602,405462544.0,7.84,5.01,0.39,6.97
2019-05-13,002215,8.02,7.91,8.09,7.86,276985,221165718.0,2.82,-3.18,-0.26,3.82
2019-05-14,002215,7.79,7.85,8.09,7.79,309120,244655538.0,3.79,-0.76,-0.06,4.26
2019-05-15,002215,7.98,8.39,8.5,7.92,607467,497605056.0,7.39,6.88,0.54,8.38
2019-05-16,002215,8.35,8.73,9.23,8.17,886971,769363632.0,12.63,4.05,0.34,12.23
2019-05-17,002215,8.87,8.99,9.23,8.68,946450,847820432.0,6.3,2.98,0.26,13.06
2019-05-20,002215,9.0,8.24,9.09,8.09,556396,468466272.0,11.12,-8.34,-0.75,7.67
2019-05-21,002215,8.1,8.66,8.69,8.05,434987,368985808.0,7.77,5.1,0.42,6.0
2019-05-22,002215,8.66,8.25,8.7,8.11,457701,382538016.0,6.81,-4.73,-0.41,6.31
2019-05-23,002215,8.1,7.85,8.16,7.72,412330,326908944.0,5.33,-4.85,-0.4,5.69
2019-05-24,002215,7.81,7.81,8.0,7.72,205017,160603781.0,3.57,-0.51,-0.04,2.83
2019-05-27,002215,7.94,8.09,8.17,7.89,303810,243681774.0,3.59,3.59,0.28,4.19
2019-05-28,002215,8.16,8.01,8.35,7.99,391390,317947136.0,4.45,-0.99,-0.08,5.4
2019-05-29,002215,7.97,8.02,8.13,7.92,254376,204055334.0,2.62,0.12,0.01,3.51
2019-05-30,002215,8.0,7.79,8.03,7.65,291919,228995112.0,4.74,-2.87,-0.23,4.03
2019-05-31,002215,7.8,7.72,7.88,7.69,230011,178791614.0,2.44,-0.9,-0.07,3.17
2019-06-03,002215,7.73,7.29,7.77,7.27,318887,236489767.0,6.48,-5.57,-0.43,4.4
2019-06-04,002215,7.31,7.34,7.39,7.15,217842,158654197.0,3.29,0.69,0.05,3.0
2019-06-05,002215,7.4,7.38,7.45,7.26,215878,158315148.0,2.59,0.54,0.04,2.98
2019-06-06,002215,7.4,7.39,7.67,7.35,263851,197415298.0,4.34,0.14,0.01,3.64
2019-06-10,002215,7.43,7.22,7.43,7.01,196221,141424400.0,5.68,-2.3,-0.17,2.71
2019-06-11,002215,7.17,7.49,7.54,7.16,257532,190409557.0,5.26,3.74,0.27,3.55
2019-06-12,002215,7.41,7.29,7.45,7.27,239472,175858809.0,2.4,-2.67,-0.2,3.3
2019-06-13,002215,7.25,7.31,7.44,7.14,215552,157116506.0,4.12,0.27,0.02,2.97
2019-06-14,002215,7.36,7.24,7.58,7.21,272222,201363658.0,5.06,-0.96,-0.07,3.76
2019-06-17,002215,7.17,7.09,7.26,7.05,169603,120854730.0,2.9,-2.07,-0.15,2.34
2019-06-18,002215,7.1,6.99,7.14,6.96,131821,92706791.0,2.54,-1.41,-0.1,1.82
2019-06-19,002215,7.17,7.14,7.22,7.11,174652,125128486.0,1.57,2.15,0.15,2.41
2019-06-20,002215,7.15,7.29,7.4,7.06,231114,167355406.0,4.76,2.1,0.15,3.19
2019-06-21,002215,7.28,7.33,7.41,7.26,207458,152352452.0,2.06,0.55,0.04,2.86
2019-06-24,002215,7.34,7.29,7.37,7.2,136074,99028024.0,2.32,-0.55,-0.04,1.88
2019-06-25,002215,7.27,7.23,7.3,7.12,150958,108710054.0,2.47,-0.82,-0.06,2.08
2019-06-26,002215,7.16,7.16,7.22,7.08,88365,63185311.0,1.94,-0.97,-0.07,1.22
2019-06-27,002215,7.16,7.22,7.24,7.14,121214,87037513.0,1.4,0.84,0.06,1.67
2019-06-28,002215,7.18,7.0,7.19,6.98,141134,99597052.0,2.91,-3.05,-0.22,1.95
2019-07-01,002215,7.15,7.2,7.22,7.07,134879,96586992.0,2.14,2.86,0.2,1.88
2019-07-02,002215,7.21,7.29,7.38,7.15,169243,122985543.0,3.19,1.25,0.09,2.36
2019-07-03,002215,7.23,7.1,7.24,7.08,122105,87195060.0,2.19,-2.61,-0.19,1.7
2019-07-04,002215,7.13,7.11,7.24,7.07,94404,67379774.0,2.39,0.14,0.01,1.31
2019-07-05,002215,7.06,7.09,7.13,7.05,71972,51007071.0,1.13,-0.28,-0.02,1.0
2019-07-08,002215,7.1,6.69,7.12,6.69,175762,120236957.0,6.06,-5.64,-0.4,2.45
2019-07-09,002215,6.71,6.7,6.76,6.56,101547,67566954.0,2.99,0.15,0.01,1.41
2019-07-10,002215,6.68,6.67,6.8,6.65,87225,58645071.0,2.24,-0.45,-0.03,1.21
2019-07-11,002215,6.7,6.6,6.76,6.53,85522,56868068.0,3.45,-1.05,-0.07,1.19
2019-07-12,002215,6.6,6.82,6.84,6.58,155070,104834037.0,3.94,3.33,0.22,2.16
2019-07-15,002215,6.75,6.85,6.94,6.68,114616,78079375.0,3.81,0.44,0.03,1.6
2019-07-16,002215,6.81,6.78,6.86,6.75,67854,46078755.0,1.61,-1.02,-0.07,0.94
2019-07-17,002215,6.74,6.88,7.06,6.74,161556,111613730.0,4.72,1.47,0.1,2.25
2019-07-18,002215,6.79,6.66,6.8,6.66,104444,70064846.0,2.03,-3.2,-0.22,1.45
2019-07-19,002215,6.66,6.67,6.76,6.66,70999,47674243.0,1.5,0.15,0.01,0.99
2019-07-22,002215,6.66,6.45,6.7,6.43,100069,65160150.0,4.05,-3.3,-0.22,1.39
2019-07-23,002215,6.48,6.53,6.55,6.45,56463,36708429.0,1.55,1.24,0.08,0.79
2019-07-24,002215,6.5,6.59,6.68,6.5,67608,44722122.0,2.76,0.92,0.06,0.94
2019-07-25,002215,6.6,6.56,6.61,6.53,63729,41860272.0,1.21,-0.46,-0.03,0.89
2019-07-26,002215,6.53,6.61,6.63,6.51,70714,46432467.0,1.83,0.76,0.05,0.98
2019-07-29,002215,6.54,6.42,6.55,6.41,100206,64663594.0,2.12,-2.87,-0.19,1.4
2019-07-30,002215,6.4,6.47,6.54,6.39,78878,51235089.0,2.34,0.78,0.05,1.1
2019-07-31,002215,6.52,6.48,6.6,6.48,70203,45799226.0,1.85,0.15,0.01,0.98
2019-08-01,002215,6.44,6.35,6.47,6.33,86843,55464089.0,2.16,-2.01,-0.13,1.21
2019-08-02,002215,6.2,6.12,6.21,6.01,141144,86384771.0,3.15,-3.62,-0.23,1.97
2019-08-05,002215,6.08,6.06,6.18,6.02,73303,44717140.0,2.61,-0.98,-0.06,1.02
2019-08-06,002215,5.95,5.76,5.95,5.61,131891,76128542.0,5.61,-4.95,-0.3,1.84
2019-08-07,002215,5.81,5.76,5.9,5.74,85526,49850176.0,2.78,0.0,0.0,1.19
2019-08-08,002215,5.81,5.87,5.91,5.8,95249,55814913.0,1.91,1.91,0.11,1.33
2019-08-09,002215,5.92,5.71,5.96,5.7,80841,47028045.0,4.43,-2.73,-0.16,1.13
2019-08-12,002215,5.76,5.88,5.88,5.72,80403,46914434.0,2.8,2.98,0.17,1.12
2019-08-13,002215,5.85,5.87,5.99,5.8,89149,52682970.0,3.23,-0.17,-0.01,1.24
2019-08-14,002215,5.95,5.91,6.0,5.9,77552,46140712.0,1.7,0.68,0.04,1.08
2019-08-15,002215,5.81,5.98,6.01,5.76,109521,64336971.0,4.23,1.18,0.07,1.53
2019-08-16,002215,5.97,5.95,6.0,5.93,86160,51447772.0,1.17,-0.5,-0.03,1.2
2019-08-19,002215,6.04,6.24,6.3,6.04,141257,87018056.0,4.37,4.87,0.29,1.97
2019-08-20,002215,6.22,6.32,6.44,6.2,160637,101305360.0,3.85,1.28,0.08,2.24
2019-08-21,002215,6.3,6.32,6.43,6.27,116028,73610688.0,2.53,0.0,0.0,1.62
2019-08-22,002215,6.35,6.47,6.48,6.35,150041,96496284.0,2.06,2.37,0.15,2.09
2019-08-23,002215,6.43,6.38,6.48,6.25,172417,109454423.0,3.55,-1.39,-0.09,2.4
2019-08-26,002215,6.2,6.31,6.5,6.12,163036,103320297.0,5.96,-1.1,-0.07,2.27
2019-08-27,002215,6.41,6.38,6.47,6.34,152562,97766803.0,2.06,1.11,0.07,2.12
2019-08-28,002215,6.38,6.39,6.53,6.34,140867,90390076.0,2.98,0.16,0.01,1.96
2019-08-29,002215,6.43,6.29,6.43,6.28,118292,74936490.0,2.35,-1.56,-0.1,1.65
2019-08-30,002215,6.34,6.16,6.45,6.09,153922,96635880.0,5.72,-2.07,-0.13,2.14
2019-09-02,002215,6.2,6.3,6.33,6.13,92867,58188355.0,3.25,2.27,0.14,1.29
2019-09-03,002215,6.29,6.28,6.37,6.24,84836,53301904.0,2.06,-0.32,-0.02,1.18
2019-09-04,002215,6.29,6.43,6.45,6.23,158350,100386014.0,3.5,2.39,0.15,2.2
2019-09-05,002215,6.45,6.47,6.65,6.39,228032,148385743.0,4.04,0.62,0.04,3.18
2019-09-06,002215,6.47,6.46,6.54,6.38,148169,95650907.0,2.47,-0.15,-0.01,2.06
2019-09-09,002215,6.5,6.66,6.67,6.5,178575,117784763.0,2.63,3.1,0.2,2.49
2019-09-10,002215,6.69,6.82,6.87,6.58,258309,174720452.0,4.35,2.4,0.16,3.6
2019-09-11,002215,6.78,6.71,6.91,6.69,201191,136256373.0,3.23,-1.61,-0.11,2.8
2019-09-12,002215,6.71,6.75,6.81,6.7,116912,78931559.0,1.64,0.6,0.04,1.63
2019-09-16,002215,6.77,6.8,6.85,6.71,132235,89648293.0,2.07,0.74,0.05,1.84
2019-09-17,002215,6.76,6.56,6.78,6.51,163579,108032100.0,3.97,-3.53,-0.24,2.28
2019-09-18,002215,6.59,6.55,6.69,6.53,100802,66578402.0,2.44,-0.15,-0.01,1.4
2019-09-19,002215,6.58,6.59,6.6,6.48,76327,49879355.0,1.83,0.61,0.04,1.06
2019-09-20,002215,6.6,6.54,6.63,6.47,114559,74799830.0,2.43,-0.76,-0.05,1.6
2019-09-23,002215,6.52,6.34,6.52,6.31,107299,68367015.0,3.21,-3.06,-0.2,1.49
2019-09-24,002215,6.34,6.25,6.38,6.25,108981,68742983.0,2.05,-1.42,-0.09,1.52
2019-09-25,002215,6.26,6.12,6.33,6.11,104723,64885558.0,3.52,-2.08,-0.13,1.46
2019-09-26,002215,6.14,5.98,6.17,5.98,92297,55930844.0,3.1,-2.29,-0.14,1.29
2019-09-27,002215,5.98,6.02,6.08,5.98,61096,36832498.0,1.67,0.67,0.04,0.85
2019-09-30,002215,6.03,6.01,6.08,5.9,59701,35945076.0,2.99,-0.17,-0.01,0.83
2019-10-08,002215,6.06,6.11,6.26,6.03,120913,74277609.0,3.83,1.66,0.1,1.68
2019-10-09,002215,6.08,6.16,6.19,6.05,61672,37796502.0,2.29,0.82,0.05,0.86
2019-10-10,002215,6.18,6.2,6.28,6.14,76349,47374858.0,2.27,0.65,0.04,1.06
2019-10-11,002215,6.22,6.53,6.79,6.22,304087,197089180.0,9.19,5.32,0.33,4.23
2019-10-14,002215,6.59,6.52,6.59,6.43,186389,121255220.0,2.45,-0.15,-0.01,2.6
2019-10-15,002215,6.52,6.35,6.52,6.33,110064,70428698.0,2.91,-2.61,-0.17,1.53
2019-10-16,002215,6.41,6.43,6.63,6.4,150195,97767070.0,3.62,1.26,0.08,2.09
2019-10-17,002215,6.44,6.37,6.46,6.33,80310,51309824.0,2.02,-0.93,-0.06,1.12
2019-10-18,002215,6.39,6.24,6.47,6.23,97805,62092263.0,3.77,-2.04,-0.13,1.36
2019-10-21,002215,6.22,6.17,6.24,6.06,70408,43138898.0,2.88,-1.12,-0.07,0.98
2019-10-22,002215,6.18,6.23,6.26,6.11,72501,44813334.0,2.43,0.97,0.06,1.01
2019-10-23,002215,6.22,6.15,6.26,6.13,60452,37420156.0,2.09,-1.28,-0.08,0.84
2019-10-24,002215,6.15,6.16,6.21,6.12,45321,27931395.0,1.46,0.16,0.01,0.63
2019-10-25,002215,6.18,6.23,6.23,6.12,63487,39227251.0,1.79,1.14,0.07,0.88
2019-10-28,002215,6.23,6.35,6.38,6.2,86149,54217679.0,2.89,1.93,0.12,1.2
2019-10-29,002215,6.26,6.12,6.3,6.09,128362,79134661.0,3.31,-3.62,-0.23,1.79
2019-10-30,002215,6.08,5.97,6.11,5.94,103326,61913521.0,2.78,-2.45,-0.15,1.44
2019-10-31,002215,5.98,5.95,6.02,5.91,58528,34775667.0,1.84,-0.34,-0.02,0.81
2019-11-01,002215,6.0,5.93,6.0,5.93,61578,36668551.0,1.18,-0.34,-0.02,0.86
2019-11-04,002215,5.97,5.92,5.99,5.91,51249,30531838.0,1.35,-0.17,-0.01,0.71
2019-11-05,002215,5.95,5.88,5.95,5.76,91993,53752907.0,3.21,-0.68,-0.04,1.28
2019-11-06,002215,5.89,5.81,5.9,5.77,57283,33316840.0,2.21,-1.19,-0.07,0.8
2019-11-07,002215,5.82,5.81,5.86,5.77,41556,24141237.0,1.55,0.0,0.0,0.58
2019-11-08,002215,5.84,5.92,5.97,5.84,76427,45131241.0,2.24,1.89,0.11,1.06
2019-11-11,002215,5.9,5.87,5.9,5.76,55409,32267528.0,2.36,-0.84,-0.05,0.77
2019-11-12,002215,5.9,6.06,6.1,5.84,106909,64110083.0,4.43,3.24,0.19,1.49
2019-11-13,002215,6.07,5.99,6.13,5.96,54663,32944182.0,2.81,-1.16,-0.07,0.76
2019-11-14,002215,5.99,5.96,6.0,5.91,49419,29427576.0,1.5,-0.5,-0.03,0.69
2019-11-15,002215,5.96,5.99,6.02,5.92,55295,32987447.0,1.68,0.5,0.03,0.77
2019-11-18,002215,6.01,6.04,6.08,5.96,52170,31462038.0,2.0,0.83,0.05,0.73
2019-11-19,002215,6.26,6.01,6.26,6.0,162624,99379102.0,4.3,-0.5,-0.03,2.26
2019-11-20,002215,5.97,6.02,6.02,5.87,98654,58561840.0,2.5,0.17,0.01,1.37
2019-11-21,002215,5.96,5.99,6.02,5.91,45869,27406196.0,1.83,-0.5,-0.03,0.64
2019-11-22,002215,5.99,5.88,6.03,5.87,46621,27723499.0,2.67,-1.84,-0.11,0.65
2019-11-25,002215,5.89,5.87,5.92,5.83,42986,25205347.0,1.53,-0.17,-0.01,0.6
2019-11-26,002215,5.89,5.84,5.91,5.83,25034,14658513.0,1.36,-0.51,-0.03,0.35
2019-11-27,002215,5.89,5.87,5.9,5.83,34142,20021727.0,1.2,0.51,0.03,0.48
2019-11-28,002215,5.86,5.86,5.91,5.83,34587,20328362.0,1.36,-0.17,-0.01,0.48
2019-11-29,002215,5.85,5.85,5.88,5.8,24162,14096760.0,1.37,-0.17,-0.01,0.34
2019-12-02,002215,5.8,5.82,5.86,5.8,25869,15088448.0,1.03,-0.51,-0.03,0.36
2019-12-03,002215,5.6,5.75,5.85,5.51,97643,55481283.0,5.84,-1.2,-0.07,1.36
2019-12-04,002215,5.74,5.8,5.8,5.67,41104,23543310.0,2.26,0.87,0.05,0.57
2019-12-05,002215,5.76,5.87,5.89,5.76,41643,24342183.0,2.24,1.21,0.07,0.58
2019-12-06,002215,5.88,5.81,5.88,5.79,30728,17873216.0,1.53,-1.02,-0.06,0.43
2019-12-09,002215,5.81,5.8,5.84,5.77,32436,18798185.0,1.2,-0.17,-0.01,0.45
2019-12-10,002215,5.81,5.85,5.91,5.73,46917,27271192.0,3.1,0.86,0.05,0.65
2019-12-11,002215,5.85,5.96,5.97,5.77,82855,48790607.0,3.42,1.88,0.11,1.15
2019-12-12,002215,5.94,6.0,6.05,5.89,77371,46413337.0,2.68,0.67,0.04,1.08
2019-12-13,002215,6.05,6.19,6.23,6.02,145661,89711389.0,3.5,3.17,0.19,2.03
2019-12-16,002215,6.19,6.38,6.4,6.15,155572,97682721.0,4.04,3.07,0.19,2.17
2019-12-17,002215,6.39,6.55,6.56,6.32,194915,125528272.0,3.76,2.66,0.17,2.71
2019-12-18,002215,6.57,6.46,6.6,6.45,142174,92697034.0,2.29,-1.37,-0.09,1.98
2019-12-19,002215,6.48,6.47,6.54,6.44,83592,54245663.0,1.55,0.15,0.01,1.16
2019-12-20,002215,6.52,6.4,6.56,6.4,74793,48339515.0,2.47,-1.08,-0.07,1.04
2019-12-23,002215,6.4,6.41,6.48,6.32,107299,68431385.0,2.5,0.16,0.01,1.49
2019-12-24,002215,6.36,6.6,6.61,6.34,124892,81101302.0,4.21,2.96,0.19,1.74
2019-12-25,002215,6.62,6.49,6.63,6.43,72870,47521093.0,3.03,-1.67,-0.11,1.01
2019-12-26,002215,6.48,6.59,6.61,6.41,118238,77108430.0,3.08,1.54,0.1,1.65
2019-12-27,002215,6.65,6.48,6.67,6.48,107153,70381886.0,2.88,-1.67,-0.11,1.49
2019-12-30,002215,6.5,6.61,6.68,6.33,139099,91033583.0,5.4,2.01,0.13,1.94
2019-12-31,002215,6.62,6.66,6.71,6.58,82711,54966725.0,1.97,0.76,0.05,1.14
2020-01-02,002215,6.72,6.85,6.87,6.62,161122,109249781.0,3.75,2.85,0.19,2.21
2020-01-03,002215,6.83,6.99,7.02,6.75,194342,134195202.0,3.94,2.04,0.14,2.67
2020-01-06,002215,7.06,6.92,7.06,6.82,236558,164256263.0,3.43,-1.0,-0.07,3.25
2020-01-07,002215,6.87,7.05,7.26,6.76,318919,222965004.0,7.23,1.88,0.13,4.38
2020-01-08,002215,6.88,6.79,6.96,6.77,213832,146086131.0,2.7,-3.69,-0.26,2.94
2020-01-09,002215,6.87,6.8,6.88,6.77,83778,57037434.0,1.62,0.15,0.01,1.15
2020-01-10,002215,6.81,6.69,6.84,6.64,90517,60621304.0,2.94,-1.62,-0.11,1.24
2020-01-13,002215,6.68,6.8,6.81,6.61,93206,62805220.0,2.99,1.64,0.11,1.28
2020-01-14,002215,6.79,6.86,6.97,6.74,98478,67800262.0,3.38,0.88,0.06,1.35
2020-01-15,002215,6.84,6.92,6.96,6.8,92868,64048335.0,2.33,0.87,0.06,1.28
2020-01-16,002215,6.99,6.81,6.99,6.78,58269,39870639.0,3.03,-1.59,-0.11,0.8
2020-01-17,002215,6.88,6.81,6.92,6.79,66684,45674398.0,1.91,0.0,0.0,0.92
2020-01-20,002215,6.74,6.95,6.99,6.7,122834,84776909.0,4.26,2.06,0.14,1.69
2020-01-21,002215,6.95,6.81,6.95,6.8,42104,28899871.0,2.16,-2.01,-0.14,0.58
2020-01-22,002215,6.79,6.71,6.79,6.61,47196,31649894.0,2.64,-1.47,-0.1,0.65
2020-01-23,002215,6.64,6.4,6.7,6.3,101471,65447031.0,5.96,-4.62,-0.31,1.39
2020-02-03,002215,5.76,5.76,5.76,5.76,17426,10037376.0,0.0,-10.0,-0.64,0.24
2020-02-04,002215,5.21,5.59,5.77,5.21,120915,67560088.0,9.72,-2.95,-0.17,1.66
2020-02-05,002215,5.61,5.73,5.84,5.58,83082,47613546.0,4.65,2.5,0.14,1.14
2020-02-06,002215,5.76,6.03,6.09,5.71,111376,66702110.0,6.63,5.24,0.3,1.53
2020-02-07,002215,6.03,6.04,6.07,5.96,95467,57468469.0,1.82,0.17,0.01,1.31
2020-02-10,002215,6.06,6.24,6.33,6.01,179350,111099140.0,5.3,3.31,0.2,2.46
2020-02-11,002215,6.23,5.96,6.32,5.9,188913,114658664.0,6.73,-4.49,-0.28,2.59
2020-02-12,002215,5.94,6.14,6.25,5.94,202140,124135440.0,5.2,3.02,0.18,2.78
2020-02-13,002215,6.6,6.6,6.75,6.48,645240,431758912.0,4.4,7.49,0.46,8.86
2020-02-14,002215,6.33,7.0,7.25,6.3,656879,441182912.0,14.39,6.06,0.4,9.02
2020-02-17,002215,7.36,7.7,7.7,7.26,1240087,951428480.0,6.29,10.0,0.7,17.03
2020-02-18,002215,7.17,7.0,7.24,6.93,1233914,869249024.0,4.03,-9.09,-0.7,16.95
2020-02-19,002215,6.8,6.71,6.88,6.68,616649,417253616.0,2.86,-4.14,-0.29,8.47
2020-02-20,002215,6.66,6.72,6.78,6.66,333639,224214618.0,1.79,0.15,0.01,4.58
2020-02-21,002215,6.7,6.59,6.7,6.54,423336,279434720.0,2.38,-1.93,-0.13,5.81
2020-02-24,002215,6.7,6.8,6.85,6.6,430070,289114336.0,3.79,3.19,0.21,5.91
2020-02-25,002215,6.61,6.56,6.68,6.26,461264,301593120.0,6.18,-3.53,-0.24,6.33
2020-02-26,002215,6.47,6.53,6.72,6.45,322602,213693009.0,4.12,-0.46,-0.03,4.43
2020-02-27,002215,6.56,6.49,6.61,6.33,258125,166606362.0,4.29,-0.61,-0.04,3.55
2020-02-28,002215,6.3,6.07,6.36,6.05,310529,192628654.0,4.78,-6.47,-0.42,4.26
2020-03-02,002215,6.09,6.39,6.54,6.07,282599,178322607.0,7.74,5.27,0.32,3.88
2020-03-03,002215,6.55,6.66,6.75,6.44,481178,317084688.0,4.85,4.23,0.27,6.61
2020-03-04,002215,6.64,6.79,6.84,6.57,424003,283846144.0,4.05,1.95,0.13,5.82
2020-03-05,002215,6.74,6.79,6.9,6.68,443404,300656512.0,3.24,0.0,0.0,6.09
2020-03-06,002215,6.99,6.91,7.45,6.91,746578,530317584.0,7.95,1.77,0.12,10.25
2020-03-09,002215,6.67,6.93,7.13,6.55,531717,360599104.0,8.39,0.29,0.02,7.3
2020-03-10,002215,6.74,6.82,6.93,6.53,339935,228508056.0,5.77,-1.59,-0.11,4.67
2020-03-11,002215,6.85,6.73,6.97,6.68,345253,235534518.0,4.25,-1.32,-0.09,4.74
2020-03-12,002215,6.53,6.45,6.68,6.38,270038,176319633.0,4.46,-4.16,-0.28,3.71
2020-03-13,002215,6.02,6.27,6.33,6.02,298911,183928995.0,4.81,-2.79,-0.18,4.11
2020-03-16,002215,6.27,6.06,6.37,6.01,259778,160917501.0,5.74,-3.35,-0.21,3.57
2020-03-17,002215,6.11,5.95,6.23,5.79,230351,137190498.0,7.26,-1.82,-0.11,3.16
2020-03-18,002215,6.02,5.85,6.09,5.84,161808,96917794.0,4.2,-1.68,-0.1,2.22
2020-03-19,002215,5.8,5.85,5.89,5.68,161381,93403027.0,3.59,0.0,0.0,2.22
2020-03-20,002215,5.92,5.95,5.95,5.81,141289,83244186.0,2.39,1.71,0.1,1.94
2020-03-23,002215,5.85,5.98,6.16,5.77,198659,118994629.0,6.55,0.5,0.03,2.73
2020-03-24,002215,5.99,5.9,6.05,5.75,291470,170647858.0,5.02,-1.34,-0.08,4.0
2020-03-25,002215,5.96,5.97,6.01,5.85,211577,125125044.0,2.71,1.19,0.07,2.91
2020-03-26,002215,5.93,5.95,6.1,5.89,210409,126266409.0,3.52,-0.34,-0.02,2.89
2020-03-27,002215,5.92,5.84,5.99,5.83,142181,83966808.0,2.69,-1.85,-0.11,1.95
2020-03-30,002215,5.79,5.78,5.88,5.7,108032,62696437.0,3.08,-1.03,-0.06,1.48
2020-03-31,002215,5.81,6.0,6.03,5.78,208961,123520123.0,4.33,3.81,0.22,2.87
2020-04-01,002215,5.97,6.01,6.02,5.88,175507,104637414.0,2.33,0.17,0.01,2.41
2020-04-02,002215,5.94,6.07,6.07,5.92,127941,77056414.0,2.5,1.0,0.06,1.76
2020-04-03,002215,6.07,6.0,6.12,5.97,99312,59888979.0,2.47,-1.15,-0.07,1.36
2020-04-07,002215,6.09,6.16,6.23,6.03,192472,118112837.0,3.33,2.67,0.16,2.64
2020-04-08,002215,6.11,6.08,6.15,6.05,138452,84252017.0,1.62,-1.3,-0.08,1.9
2020-04-09,002215,6.11,6.06,6.14,6.05,96663,58767279.0,1.48,-0.33,-0.02,1.33
2020-04-10,002215,6.06,5.87,6.08,5.84,131577,78122204.0,3.96,-3.14,-0.19,1.81
2020-04-13,002215,5.98,6.23,6.38,5.97,404605,251937194.0,6.98,6.13,0.36,5.56
2020-04-14,002215,6.16,6.18,6.25,6.09,292311,180070241.0,2.57,-0.8,-0.05,4.01
2020-04-15,002215,6.14,6.1,6.22,6.08,192411,117937170.0,2.27,-1.29,-0.08,2.64
2020-04-16,002215,6.07,6.08,6.1,5.98,161600,97671393.0,1.97,-0.33,-0.02,2.22
2020-04-17,002215,6.1,6.04,6.12,6.03,116256,70576431.0,1.48,-0.66,-0.04,1.6
2020-04-20,002215,6.04,6.01,6.07,5.99,117469,70710242.0,1.32,-0.5,-0.03,1.61
2020-04-21,002215,5.98,5.91,5.98,5.88,125952,74547401.0,1.66,-1.66,-0.1,1.73
2020-04-22,002215,5.95,6.14,6.18,5.93,289889,176753068.0,4.23,3.89,0.23,3.98
2020-04-23,002215,6.18,6.42,6.51,6.09,541143,339193200.0,6.84,4.56,0.28,7.43
2020-04-24,002215,6.3,6.12,6.35,6.07,314454,194155777.0,4.36,-4.67,-0.3,4.32
2020-04-27,002215,6.13,6.24,6.36,6.04,324128,202420024.0,5.23,1.96,0.12,4.45
2020-04-28,002215,6.17,6.04,6.21,5.86,262774,158764597.0,5.61,-3.21,-0.2,3.61
2020-04-29,002215,6.16,6.12,6.29,6.11,207457,128542442.0,2.98,1.32,0.08,2.85
2020-04-30,002215,6.07,6.2,6.22,6.07,207245,127880217.0,2.45,1.31,0.08,2.85
2020-05-06,002215,6.11,6.31,6.35,6.09,240690,150205738.0,4.19,1.77,0.11,3.31
2020-05-07,002215,6.28,6.3,6.44,6.23,225721,142796460.0,3.33,-0.16,-0.01,3.1
2020-05-08,002215,6.35,6.45,6.49,6.32,283308,181657890.0,2.7,2.38,0.15,3.89
2020-05-11,002215,6.45,6.43,6.59,6.34,245631,158250416.0,3.88,-0.31,-0.02,3.37
2020-05-12,002215,6.39,6.5,6.53,6.33,197542,127139154.0,3.11,1.09,0.07,2.71
2020-05-13,002215,6.45,6.46,6.53,6.4,164116,106029006.0,2.0,-0.62,-0.04,2.25
2020-05-14,002215,6.39,6.3,6.41,6.3,165069,104663922.0,1.7,-2.48,-0.16,2.27
2020-05-15,002215,6.4,6.3,6.43,6.28,106012,67177863.0,2.38,0.0,0.0,1.46
2020-05-18,002215,6.3,6.47,6.48,6.25,184667,117789625.0,3.65,2.7,0.17,2.54
2020-05-19,002215,6.48,6.46,6.53,6.37,185421,119431591.0,2.47,-0.15,-0.01,2.55
2020-05-20,002215,6.45,6.34,6.47,6.32,133800,85286604.0,2.32,-1.86,-0.12,1.84
2020-05-21,002215,6.35,6.24,6.39,6.23,124458,78384661.0,2.52,-1.58,-0.1,1.71
2020-05-22,002215,6.24,6.13,6.28,6.09,110070,67997968.0,3.04,-1.76,-0.11,1.51
2020-05-25,002215,6.12,6.29,6.33,6.12,101800,63347470.0,3.43,2.61,0.16,1.4
2020-05-26,002215,6.27,6.31,6.34,6.27,79418,50059504.0,1.11,0.32,0.02,1.09
2020-05-27,002215,6.32,6.39,6.48,6.28,172997,110852699.0,3.17,1.27,0.08,2.38
2020-05-28,002215,6.51,6.43,6.55,6.26,219437,140470249.0,4.54,0.63,0.04,3.01
2020-05-29,002215,6.28,6.26,6.37,6.24,152885,96156656.0,2.02,-2.64,-0.17,2.1
2020-06-01,002215,6.27,6.35,6.38,6.23,192681,121757302.0,2.4,1.44,0.09,2.65
2020-06-02,002215,6.36,6.33,6.4,6.3,140414,88978457.0,1.57,-0.31,-0.02,1.93
2020-06-03,002215,6.34,6.26,6.37,6.26,140401,88664684.0,1.74,-1.11,-0.07,1.93
2020-06-04,002215,6.27,6.32,6.32,6.22,93936,58851635.0,1.6,0.96,0.06,1.29
2020-06-05,002215,6.32,6.19,6.33,6.16,124969,77647734.0,2.69,-2.06,-0.13,1.72
2020-06-08,002215,6.22,6.17,6.23,6.16,71856,44412427.0,1.13,-0.32,-0.02,0.99
2020-06-09,002215,6.18,6.19,6.2,6.13,72651,44809207.0,1.13,0.32,0.02,1.0
2020-06-10,002215,6.17,6.16,6.18,6.12,67758,41658400.0,0.97,-0.48,-0.03,0.93
2020-06-11,002215,6.16,6.09,6.17,6.09,127870,78382565.0,1.3,-1.14,-0.07,1.76
2020-06-12,002215,6.03,6.04,6.08,5.95,109660,66036788.0,2.13,-0.82,-0.05,1.51
2020-06-15,002215,6.0,6.0,6.07,5.98,102601,61813155.0,1.49,-0.66,-0.04,1.41
2020-06-16,002215,6.02,6.07,6.08,6.02,74938,45332306.0,1.0,1.17,0.07,1.03
2020-06-17,002215,6.09,6.09,6.11,6.01,85420,51752010.0,1.65,0.33,0.02,1.17
2020-06-18,002215,6.07,6.04,6.09,6.04,80335,48663333.0,0.82,-0.82,-0.05,1.1
2020-06-19,002215,6.06,6.05,6.1,6.04,68651,41640923.0,0.99,0.17,0.01,0.94
2020-06-22,002215,6.08,6.08,6.1,6.05,79687,48444341.0,0.83,0.5,0.03,1.09
2020-06-23,002215,6.09,6.02,6.09,5.99,83813,50520353.0,1.64,-0.99,-0.06,1.15
2020-06-24,002215,6.03,5.89,6.03,5.87,143366,85031002.0,2.66,-2.16,-0.13,1.97
2020-06-29,002215,5.97,5.95,6.05,5.93,91024,54519085.0,2.04,1.02,0.06,1.25
2020-06-30,002215,5.95,5.94,5.99,5.93,84035,49999793.0,1.01,-0.17,-0.01,1.15
2020-07-01,002215,5.95,5.91,5.97,5.85,116985,69042990.0,2.02,-0.51,-0.03,1.61
2020-07-02,002215,5.9,6.02,6.03,5.88,131052,78247789.0,2.54,1.86,0.11,1.8
2020-07-03,002215,6.02,6.09,6.1,6.01,168648,102051106.0,1.5,1.16,0.07,2.32
2020-07-06,002215,6.12,6.32,6.33,6.12,279207,174270747.0,3.45,3.78,0.23,3.83
2020-07-07,002215,6.42,6.35,6.45,6.23,298546,189975837.0,3.48,0.47,0.03,4.1
2020-07-08,002215,6.35,6.49,6.53,6.26,290127,185977207.0,4.25,2.2,0.14,3.98
2020-07-09,002215,6.5,6.58,6.63,6.42,276630,180981000.0,3.24,1.39,0.09,3.8
2020-07-10,002215,6.58,6.59,6.74,6.48,299203,197185236.0,3.95,0.15,0.01,4.11
2020-07-13,002215,6.71,6.91,7.06,6.71,375570,258649136.0,5.31,4.86,0.32,5.16
2020-07-14,002215,6.94,6.85,7.04,6.7,336134,230822541.0,4.92,-0.87,-0.06,4.69
2020-07-15,002215,6.86,6.64,6.91,6.62,234304,158018011.0,4.23,-3.07,-0.21,3.27
2020-07-16,002215,6.64,6.38,6.74,6.35,233063,152764559.0,5.87,-3.92,-0.26,3.25
2020-07-17,002215,6.43,6.35,6.52,6.31,173658,111207071.0,3.29,-0.47,-0.03,2.42
2020-07-20,002215,6.46,6.74,6.75,6.42,295370,195867832.0,5.2,6.14,0.39,4.12
2020-07-21,002215,6.74,6.7,6.8,6.65,190913,128252363.0,2.23,-0.59,-0.04,2.67
2020-07-22,002215,6.7,6.6,6.71,6.58,236720,157327708.0,1.94,-1.49,-0.1,3.31
2020-07-23,002215,6.53,6.56,6.62,6.38,200404,130089377.0,3.64,-0.61,-0.04,2.8
2020-07-24,002215,6.55,6.28,6.62,6.27,210835,135324361.0,5.34,-4.27,-0.28,2.94
2020-07-27,002215,6.39,6.4,6.45,6.31,121094,77118803.0,2.23,1.91,0.12,1.69
2020-07-28,002215,6.41,6.34,6.46,6.29,144086,91714716.0,2.66,-0.94,-0.06,2.01
2020-07-29,002215,6.32,6.45,6.46,6.25,153236,97722099.0,3.31,1.74,0.11,2.14
2020-07-30,002215,6.46,6.54,6.61,6.43,222969,145509213.0,2.79,1.4,0.09,3.11
2020-07-31,002215,6.52,6.51,6.57,6.41,160751,104386155.0,2.45,-0.46,-0.03,2.24
2020-08-03,002215,6.53,6.7,6.76,6.53,263751,175685905.0,3.53,2.92,0.19,3.68
2020-08-04,002215,6.69,6.64,6.81,6.61,204487,137253523.0,2.99,-0.9,-0.06,2.86
2020-08-05,002215,6.64,6.74,6.75,6.49,237645,157754372.0,3.92,1.51,0.1,3.32
2020-08-06,002215,6.76,6.62,6.76,6.54,189335,125381888.0,3.26,-1.78,-0.12,2.64
2020-08-07,002215,6.61,6.45,6.64,6.36,184269,119131089.0,4.23,-2.57,-0.17,2.57
2020-08-10,002215,6.44,6.56,6.61,6.42,145075,94444193.0,2.95,1.71,0.11,2.03
2020-08-11,002215,6.56,6.51,6.67,6.45,184402,120875730.0,3.35,-0.76,-0.05,2.57
2020-08-12,002215,6.48,6.44,6.51,6.3,165129,105763838.0,3.23,-1.08,-0.07,2.31
2020-08-13,002215,6.44,6.67,6.75,6.42,333938,221506647.0,5.12,3.57,0.23,4.66
2020-08-14,002215,6.68,6.69,6.72,6.6,224178,149481925.0,1.8,0.3,0.02,3.13
2020-08-17,002215,6.73,6.83,6.94,6.67,402363,274004816.0,4.04,2.09,0.14,5.62
2020-08-18,002215,6.85,7.13,7.51,6.76,874098,626554032.0,10.98,4.39,0.3,12.2
2020-08-19,002215,7.13,7.1,7.35,7.03,675243,485498656.0,4.49,-0.42,-0.03,9.43
2020-08-20,002215,7.06,6.91,7.17,6.88,391599,275202960.0,4.08,-2.68,-0.19,5.47
2020-08-21,002215,6.96,6.84,7.03,6.8,300108,206575265.0,3.33,-1.01,-0.07,4.19
2020-08-24,002215,6.81,6.95,7.15,6.77,323397,225861151.0,5.56,1.61,0.11,4.52
2020-08-25,002215,6.91,6.8,6.98,6.73,241899,165164358.0,3.6,-2.16,-0.15,3.38
2020-08-26,002215,6.83,6.67,6.94,6.61,236253,159827121.0,4.85,-1.91,-0.13,3.3
2020-08-27,002215,6.68,6.71,6.76,6.58,140901,94159651.0,2.7,0.6,0.04,1.97
2020-08-28,002215,6.74,6.91,7.08,6.7,271395,185910998.0,5.66,2.98,0.2,3.79
2020-08-31,002215,6.91,6.9,7.03,6.87,244958,170411840.0,2.32,-0.14,-0.01,3.42
2020-09-01,002215,6.86,7.01,7.01,6.76,206077,142530701.0,3.62,1.59,0.11,2.88
2020-09-02,002215,7.02,6.95,7.08,6.88,202438,140770340.0,2.85,-0.86,-0.06,2.83
2020-09-03,002215,6.95,6.8,6.97,6.75,173778,118850235.0,3.17,-2.16,-0.15,2.43
2020-09-04,002215,6.7,6.72,6.76,6.63,150434,100591942.0,1.91,-1.18,-0.08,2.1
2020-09-07,002215,6.69,6.6,6.76,6.58,152256,101600907.0,2.68,-1.79,-0.12,2.13
2020-09-08,002215,6.61,6.71,6.72,6.55,123330,81773977.0,2.58,1.67,0.11,1.72
2020-09-09,002215,6.63,6.63,6.75,6.6,131407,87706751.0,2.24,-1.19,-0.08,1.83
2020-09-10,002215,6.67,6.37,6.69,6.36,168030,109455046.0,4.98,-3.92,-0.26,2.35
2020-09-11,002215,6.39,6.44,6.45,6.33,95472,61034865.0,1.88,1.1,0.07,1.33
2020-09-14,002215,6.43,6.42,6.5,6.37,89998,57930963.0,2.02,-0.31,-0.02,1.26
2020-09-15,002215,6.43,6.45,6.51,6.36,77690,49932748.0,2.34,0.47,0.03,1.08
2020-09-16,002215,6.4,6.39,6.44,6.34,63921,40856485.0,1.55,-0.93,-0.06,0.89
2020-09-17,002215,6.39,6.37,6.42,6.32,64752,41279881.0,1.56,-0.31,-0.02,0.9
2020-09-18,002215,6.35,6.47,6.49,6.33,83662,53659054.0,2.51,1.57,0.1,1.17
2020-09-21,002215,6.48,6.48,6.54,6.44,77976,50535363.0,1.55,0.15,0.01,1.09
2020-09-22,002215,6.42,6.34,6.42,6.3,85283,54294612.0,1.85,-2.16,-0.14,1.19
2020-09-23,002215,6.36,6.32,6.39,6.3,65430,41426131.0,1.42,-0.32,-0.02,0.91
2020-09-24,002215,6.26,6.13,6.28,6.11,105562,65247249.0,2.69,-3.01,-0.19,1.47
2020-09-25,002215,6.13,6.05,6.15,6.0,77277,46919010.0,2.45,-1.31,-0.08,1.08
2020-09-28,002215,6.06,6.0,6.09,6.0,39828,24022805.0,1.49,-0.83,-0.05,0.56
2020-09-29,002215,6.02,6.06,6.07,6.01,40489,24494854.0,1.0,1.0,0.06,0.57
2020-09-30,002215,6.06,6.02,6.08,6.01,44343,26802724.0,1.16,-0.66,-0.04,0.62
2020-10-09,002215,6.09,6.14,6.16,6.08,63354,38765222.0,1.33,1.99,0.12,0.88
2020-10-12,002215,6.19,6.28,6.29,6.16,87854,54792968.0,2.12,2.28,0.14,1.23
2020-10-13,002215,6.24,6.27,6.29,6.21,54528,34120478.0,1.27,-0.16,-0.01,0.76
2020-10-14,002215,6.24,6.2,6.26,6.19,49603,30847204.0,1.12,-1.12,-0.07,0.69
2020-10-15,002215,6.2,6.15,6.22,6.15,54994,33955128.0,1.13,-0.81,-0.05,0.77
2020-10-16,002215,6.15,6.16,6.19,6.13,36271,22335684.0,0.98,0.16,0.01,0.51
2020-10-19,002215,6.19,6.13,6.26,6.11,58436,36124104.0,2.44,-0.49,-0.03,0.82
2020-10-20,002215,6.1,6.18,6.2,6.06,50938,31192821.0,2.28,0.82,0.05,0.71
2020-10-21,002215,6.18,6.1,6.18,6.08,45119,27560911.0,1.62,-1.29,-0.08,0.63
2020-10-22,002215,6.1,6.08,6.1,6.01,43190,26178549.0,1.48,-0.33,-0.02,0.6
2020-10-23,002215,6.07,6.03,6.11,6.03,41867,25372353.0,1.32,-0.82,-0.05,0.58
2020-10-26,002215,6.02,6.05,6.07,5.98,39009,23545698.0,1.49,0.33,0.02,0.54
2020-10-27,002215,6.03,6.05,6.07,6.01,26565,16042405.0,0.99,0.0,0.0,0.37
2020-10-28,002215,6.03,6.07,6.11,6.01,64562,39067184.0,1.65,0.33,0.02,0.9
2020-10-29,002215,6.0,6.06,6.09,5.99,38944,23539445.0,1.65,-0.16,-0.01,0.54
2020-10-30,002215,6.06,5.87,6.11,5.87,98350,59064876.0,3.96,-3.14,-0.19,1.37
2020-11-02,002215,5.9,5.86,5.92,5.84,54225,31856325.0,1.36,-0.17,-0.01,0.76
2020-11-03,002215,5.88,5.96,5.98,5.86,48971,29056044.0,2.05,1.71,0.1,0.68
2020-11-04,002215,5.96,5.93,5.98,5.91,45224,26833440.0,1.17,-0.5,-0.03,0.63
2020-11-05,002215,5.96,6.01,6.02,5.95,50962,30517242.0,1.18,1.35,0.08,0.71
2020-11-06,002215,6.02,5.95,6.02,5.92,51499,30684446.0,1.66,-1.0,-0.06,0.72
2020-11-09,002215,6.02,6.1,6.12,6.01,76311,46454072.0,1.85,2.52,0.15,1.07
2020-11-10,002215,6.12,6.06,6.15,6.03,59689,36331057.0,1.97,-0.66,-0.04,0.83
2020-11-11,002215,6.04,6.05,6.13,6.02,61340,37333871.0,1.82,-0.17,-0.01,0.86
2020-11-12,002215,6.03,6.11,6.12,6.03,48586,29546542.0,1.49,0.99,0.06,0.68
2020-11-13,002215,6.08,6.13,6.16,6.06,55394,33879281.0,1.64,0.33,0.02,0.77
2020-11-16,002215,6.15,6.23,6.24,6.12,92635,57433453.0,1.96,1.63,0.1,1.29
2020-11-17,002215,6.2,6.15,6.21,6.12,75977,46747136.0,1.44,-1.28,-0.08,1.06
2020-11-18,002215,6.14,6.25,6.29,6.11,110352,68632243.0,2.93,1.63,0.1,1.54
2020-11-19,002215,6.25,6.2,6.26,6.15,61464,38031333.0,1.76,-0.8,-0.05,0.86
2020-11-20,002215,6.25,6.21,6.25,6.14,57958,35929416.0,1.77,0.16,0.01,0.81
2020-11-23,002215,6.21,6.27,6.35,6.17,129863,81179484.0,2.9,0.97,0.06,1.81
2020-11-24,002215,6.29,6.21,6.3,6.2,67882,42352901.0,1.59,-0.96,-0.06,0.95
2020-11-25,002215,6.24,6.08,6.25,6.08,86836,53303863.0,2.74,-2.09,-0.13,1.21
2020-11-26,002215,6.07,6.08,6.09,6.02,60260,36510127.0,1.15,0.0,0.0,0.84
2020-11-27,002215,6.06,6.08,6.09,5.99,57075,34515421.0,1.64,0.0,0.0,0.8
2020-11-30,002215,6.06,6.04,6.14,6.04,62254,38003134.0,1.64,-0.66,-0.04,0.87
2020-12-01,002215,6.04,6.07,6.11,6.03,55680,33785113.0,1.32,0.5,0.03,0.78
2020-12-02,002215,6.06,6.07,6.1,6.04,60215,36529683.0,0.99,0.0,0.0,0.84
2020-12-03,002215,6.09,6.06,6.09,5.99,80262,48469852.0,1.65,-0.16,-0.01,1.12
2020-12-04,002215,6.08,6.17,6.17,6.06,105943,64897680.0,1.82,1.82,0.11,1.48
2020-12-07,002215,6.16,6.2,6.24,6.1,122244,75660143.0,2.27,0.49,0.03,1.71
2020-12-08,002215,6.2,6.15,6.22,6.15,55364,34202654.0,1.13,-0.81,-0.05,0.77
2020-12-09,002215,6.15,6.03,6.18,6.02,66926,40875475.0,2.6,-1.95,-0.12,0.93
2020-12-10,002215,6.03,5.96,6.07,5.94,82861,49729880.0,2.16,-1.16,-0.07,1.16
2020-12-11,002215,5.95,5.86,5.98,5.81,90365,53047689.0,2.85,-1.68,-0.1,1.26
2020-12-14,002215,5.86,5.9,5.9,5.71,64066,37551352.0,3.24,0.68,0.04,0.89
2020-12-15,002215,5.86,5.92,5.94,5.8,49787,29313343.0,2.37,0.34,0.02,0.7
2020-12-16,002215,5.9,5.87,5.91,5.85,33343,19597723.0,1.01,-0.84,-0.05,0.47
2020-12-17,002215,5.85,5.94,5.95,5.75,69964,41142356.0,3.41,1.19,0.07,0.98
2020-12-18,002215,5.94,5.93,5.98,5.89,52671,31250585.0,1.52,-0.17,-0.01,0.74
2020-12-21,002215,6.0,6.01,6.03,5.93,62015,37128372.0,1.69,1.35,0.08,0.87
2020-12-22,002215,5.95,5.85,6.0,5.85,63440,37605607.0,2.5,-2.66,-0.16,0.89
2020-12-23,002215,5.85,5.91,5.94,5.81,57662,33848213.0,2.22,1.03,0.06,0.81
2020-12-24,002215,5.89,5.78,5.9,5.76,67304,39144938.0,2.37,-2.2,-0.13,0.94
2020-12-25,002215,5.76,5.81,5.84,5.73,35863,20763406.0,1.9,0.52,0.03,0.5
2020-12-28,002215,5.79,5.73,5.81,5.73,50378,29011739.0,1.38,-1.38,-0.08,0.7
2020-12-29,002215,5.76,5.84,5.88,5.72,43454,25224415.0,2.79,1.92,0.11,0.61
2020-12-30,002215,5.91,5.96,6.03,5.9,114450,68333303.0,2.23,2.05,0.12,1.6
2020-12-31,002215,5.93,5.98,5.99,5.91,69039,41102347.0,1.34,0.34,0.02,0.96
2021-01-04,002215,5.97,5.95,5.99,5.92,67033,39954941.0,1.17,-0.5,-0.03,0.94
2021-01-05,002215,5.93,5.88,5.93,5.85,72369,42528216.0,1.34,-1.18,-0.07,1.01
2021-01-06,002215,5.88,5.81,5.88,5.78,66775,38784394.0,1.7,-1.19,-0.07,0.93
2021-01-07,002215,5.82,5.65,5.83,5.6,118458,67620880.0,3.96,-2.75,-0.16,1.65
2021-01-08,002215,5.65,5.66,5.72,5.55,61634,34788910.0,3.01,0.18,0.01,0.86
2021-01-11,002215,5.66,5.41,5.66,5.4,97170,53575710.0,4.59,-4.42,-0.25,1.36
2021-01-12,002215,5.4,5.47,5.49,5.4,42247,23023572.0,1.66,1.11,0.06,0.59
2021-01-13,002215,5.47,5.31,5.49,5.25,81784,43588229.0,4.39,-2.93,-0.16,1.14
2021-01-14,002215,5.32,5.35,5.41,5.27,48720,26114567.0,2.64,0.75,0.04,0.68
2021-01-15,002215,5.36,5.42,5.47,5.35,42164,22832693.0,2.24,1.31,0.07,0.59
2021-01-18,002215,5.43,5.46,5.53,5.41,52036,28436691.0,2.21,0.74,0.04,0.73
2021-01-19,002215,5.46,5.48,5.51,5.41,65848,36015504.0,1.83,0.37,0.02,0.92
2021-01-20,002215,5.49,5.4,5.49,5.39,52769,28623751.0,1.82,-1.46,-0.08,0.74
2021-01-21,002215,5.41,5.42,5.47,5.35,54570,29573030.0,2.22,0.37,0.02,0.76
2021-01-22,002215,5.44,5.32,5.44,5.32,68887,36890434.0,2.21,-1.85,-0.1,0.96
2021-01-25,002215,5.33,5.19,5.33,5.16,87028,45551008.0,3.2,-2.44,-0.13,1.22
2021-01-26,002215,5.2,5.21,5.24,5.16,43570,22655255.0,1.54,0.39,0.02,0.61
2021-01-27,002215,5.2,5.15,5.21,5.13,47073,24344404.0,1.54,-1.15,-0.06,0.66
2021-01-28,002215,5.13,5.14,5.21,5.1,52235,26946454.0,2.14,-0.19,-0.01,0.73
2021-01-29,002215,5.18,5.3,5.3,5.1,69446,35830336.0,3.89,3.11,0.16,0.97
2021-02-01,002215,5.26,5.33,5.4,5.22,65538,34816474.0,3.4,0.57,0.03,0.92
2021-02-02,002215,5.29,5.39,5.42,5.28,74677,40204271.0,2.63,1.13,0.06,1.04
2021-02-03,002215,5.4,5.31,5.4,5.26,81650,43293954.0,2.6,-1.48,-0.08,1.14
2021-02-04,002215,5.28,5.37,5.44,5.22,68808,36549132.0,4.14,1.13,0.06,0.96
2021-02-05,002215,5.37,5.27,5.42,5.25,47023,25074019.0,3.17,-1.86,-0.1,0.66
2021-02-08,002215,5.26,5.37,5.38,5.2,55851,29683419.0,3.42,1.9,0.1,0.78
2021-02-09,002215,5.37,5.45,5.48,5.36,67524,36637597.0,2.23,1.49,0.08,0.94
2021-02-10,002215,5.42,5.43,5.5,5.42,57095,31145266.0,1.47,-0.37,-0.02,0.8
2021-02-18,002215,5.48,5.65,5.7,5.46,131080,73370838.0,4.42,4.05,0.22,1.83
2021-02-19,002215,5.6,5.8,5.83,5.58,105175,60491385.0,4.42,2.65,0.15,1.47
2021-02-22,002215,5.84,5.76,5.98,5.74,172829,101618794.0,4.14,-0.69,-0.04,2.41
2021-02-23,002215,5.75,5.81,5.87,5.7,109180,63190560.0,2.95,0.87,0.05,1.52
2021-02-24,002215,5.76,5.75,5.81,5.68,95484,54805502.0,2.24,-1.03,-0.06,1.33
2021-02-25,002215,5.75,5.65,5.77,5.63,74941,42494214.0,2.43,-1.74,-0.1,1.05
2021-02-26,002215,5.62,5.66,5.72,5.61,68175,38630693.0,1.95,0.18,0.01,0.95
2021-03-01,002215,5.6,5.66,5.67,5.54,102091,57140886.0,2.3,0.0,0.0,1.43
2021-03-02,002215,5.66,5.58,5.71,5.54,75517,42366457.0,3.0,-1.41,-0.08,1.05
2021-03-03,002215,5.55,5.66,5.66,5.54,57997,32636197.0,2.15,1.43,0.08,0.81
2021-03-04,002215,5.66,5.6,5.67,5.56,62999,35315936.0,1.94,-1.06,-0.06,0.88
2021-03-05,002215,5.57,5.61,5.64,5.52,78251,43711317.0,2.14,0.18,0.01,1.09
2021-03-08,002215,5.61,5.57,5.67,5.56,62897,35365613.0,1.96,-0.71,-0.04,0.88
2021-03-09,002215,5.54,5.4,5.6,5.34,78868,42958739.0,4.67,-3.05,-0.17,1.1
2021-03-10,002215,5.44,5.34,5.45,5.29,49030,26235080.0,2.96,-1.11,-0.06,0.68
2021-03-11,002215,5.34,5.41,5.42,5.32,35365,19029958.0,1.87,1.31,0.07,0.49
2021-03-12,002215,5.42,5.46,5.47,5.41,39564,21524722.0,1.11,0.92,0.05,0.55
2021-03-15,002215,5.4,5.44,5.49,5.37,68651,37315477.0,2.2,-0.37,-0.02,0.96
2021-03-16,002215,5.44,5.61,5.65,5.43,147233,81690445.0,4.04,3.13,0.17,2.06
2021-03-17,002215,5.67,5.62,5.7,5.58,72377,40748055.0,2.14,0.18,0.01,1.01
2021-03-18,002215,5.59,5.57,5.65,5.56,44423,24820998.0,1.6,-0.89,-0.05,0.62
2021-03-19,002215,5.56,5.53,5.59,5.51,45896,25454712.0,1.44,-0.72,-0.04,0.64
2021-03-22,002215,5.57,5.65,5.65,5.53,62391,34926713.0,2.17,2.17,0.12,0.87
2021-03-23,002215,5.65,5.54,5.65,5.52,49398,27491418.0,2.3,-1.95,-0.11,0.69
2021-03-24,002215,5.52,5.44,5.53,5.42,46621,25473484.0,1.99,-1.81,-0.1,0.65
2021-03-25,002215,5.42,5.43,5.48,5.42,29440,16033624.0,1.1,-0.18,-0.01,0.41
2021-03-26,002215,5.43,5.45,5.48,5.43,33255,18133880.0,0.92,0.37,0.02,0.46
2021-03-29,002215,5.45,5.44,5.46,5.4,36536,19854003.0,1.1,-0.18,-0.01,0.51
2021-03-30,002215,5.44,5.4,5.47,5.37,44069,23821964.0,1.84,-0.74,-0.04,0.62
2021-03-31,002215,5.45,5.53,5.78,5.44,162932,90796441.0,6.3,2.41,0.13,2.27
2021-04-01,002215,5.6,5.79,5.98,5.6,254388,146852119.0,6.87,4.7,0.26,3.55
2021-04-02,002215,5.78,5.65,5.8,5.62,130166,73941156.0,3.11,-2.42,-0.14,1.82
2021-04-06,002215,5.63,5.65,5.66,5.59,77487,43555475.0,1.24,0.0,0.0,1.08
2021-04-07,002215,5.59,5.59,5.61,5.56,71176,39697335.0,0.88,-1.06,-0.06,0.99
2021-04-08,002215,5.58,5.58,5.63,5.53,56892,31822989.0,1.79,-0.18,-0.01,0.79
2021-04-09,002215,5.56,5.61,5.63,5.54,46884,26196521.0,1.61,0.54,0.03,0.65
2021-04-12,002215,5.63,5.45,5.63,5.45,58352,32266052.0,3.21,-2.85,-0.16,0.81
2021-04-13,002215,5.47,5.64,5.64,5.4,96616,53516129.0,4.4,3.49,0.19,1.35
2021-04-14,002215,5.75,5.65,5.8,5.56,116670,66104300.0,4.26,0.18,0.01,1.63
2021-04-15,002215,5.61,5.53,5.64,5.52,65003,36101716.0,2.12,-2.12,-0.12,0.91
2021-04-16,002215,5.54,5.62,5.63,5.54,43514,24323825.0,1.63,1.63,0.09,0.61
2021-04-19,002215,5.62,5.62,5.64,5.59,57758,32412503.0,0.89,0.0,0.0,0.81
2021-04-20,002215,5.62,5.65,5.71,5.59,66702,37711395.0,2.14,0.53,0.03,0.93
2021-04-21,002215,5.63,5.6,5.77,5.58,105199,59609543.0,3.36,-0.88,-0.05,1.47
2021-04-22,002215,5.62,5.44,5.66,5.4,131277,72292716.0,4.64,-2.86,-0.16,1.83
2021-04-23,002215,5.5,5.44,5.51,5.41,50783,27692252.0,1.84,0.0,0.0,0.71
2021-04-26,002215,5.45,5.45,5.49,5.42,39179,21401945.0,1.29,0.18,0.01,0.55
2021-04-27,002215,5.46,5.45,5.47,5.36,53884,29211802.0,2.02,0.0,0.0,0.75
2021-04-28,002215,5.45,5.52,5.57,5.42,84563,46645044.0,2.75,1.28,0.07,1.18
2021-04-29,002215,5.54,5.53,5.57,5.49,51649,28512636.0,1.45,0.18,0.01,0.72
2021-04-30,002215,5.53,5.44,5.54,5.42,54350,29727832.0,2.17,-1.63,-0.09,0.76
2021-05-06,002215,5.44,5.47,5.52,5.44,43714,23937961.0,1.47,0.55,0.03,0.61
2021-05-07,002215,5.48,5.45,5.5,5.4,42967,23411280.0,1.83,-0.37,-0.02,0.6
2021-05-10,002215,5.43,5.55,5.55,5.43,73224,40333903.0,2.2,1.83,0.1,1.02
2021-05-11,002215,5.55,5.55,5.55,5.49,38116,21051561.0,1.08,0.0,0.0,0.53
2021-05-12,002215,5.52,5.61,5.62,5.5,56241,31371441.0,2.16,1.08,0.06,0.79
2021-05-13,002215,5.61,5.54,5.63,5.53,60649,33798012.0,1.78,-1.25,-0.07,0.85
2021-05-14,002215,5.54,5.57,5.58,5.5,53795,29858302.0,1.44,0.54,0.03,0.75
2021-05-17,002215,5.56,5.49,5.58,5.46,60874,33583349.0,2.15,-1.44,-0.08,0.85
2021-05-18,002215,5.5,5.48,5.5,5.43,36937,20184210.0,1.28,-0.18,-0.01,0.52
2021-05-19,002215,5.49,5.5,5.52,5.47,48613,26712103.0,0.91,0.36,0.02,0.68
2021-05-20,002215,5.48,5.46,5.5,5.45,34741,18989221.0,0.91,-0.73,-0.04,0.48
2021-05-21,002215,5.46,5.47,5.5,5.45,34801,19040642.0,0.92,0.18,0.01,0.49
2021-05-24,002215,5.47,5.54,5.54,5.46,42772,23546902.0,1.46,1.28,0.07,0.6
2021-05-25,002215,5.55,5.54,5.55,5.49,46156,25510699.0,1.08,0.0,0.0,0.64
2021-05-26,002215,5.54,5.58,5.6,5.53,68026,37853477.0,1.26,0.72,0.04,0.95
2021-05-27,002215,5.59,5.58,5.61,5.57,63952,35736163.0,0.72,0.0,0.0,0.89
2021-05-28,002215,5.59,5.58,5.64,5.57,67147,37600817.0,1.25,0.0,0.0,0.94
2021-05-31,002215,5.58,5.6,5.63,5.55,61768,34517501.0,1.43,0.36,0.02,0.86
2021-06-01,002215,5.6,5.66,5.67,5.57,81142,45733556.0,1.79,1.07,0.06,1.13
2021-06-02,002215,5.66,5.61,5.7,5.58,64448,36319563.0,2.12,-0.88,-0.05,0.9
2021-06-03,002215,5.65,5.62,5.65,5.6,59689,33565774.0,0.89,0.18,0.01,0.83
2021-06-04,002215,5.62,5.59,5.64,5.59,45954,25747512.0,0.89,-0.53,-0.03,0.64
2021-06-07,002215,5.59,5.63,5.64,5.57,45190,25338549.0,1.25,0.72,0.04,0.63
2021-06-08,002215,5.64,5.62,5.65,5.58,44986,25230196.0,1.24,-0.18,-0.01,0.63
2021-06-09,002215,5.63,5.72,5.75,5.62,109488,62432031.0,2.31,1.78,0.1,1.53
2021-06-10,002215,5.73,5.73,5.75,5.66,78134,44556890.0,1.57,0.17,0.01,1.09
2021-06-11,002215,5.73,5.76,5.86,5.69,126388,72832752.0,2.97,0.52,0.03,1.76
2021-06-15,002215,5.76,5.79,5.84,5.67,112276,64709823.0,2.95,0.52,0.03,1.57
2021-06-16,002215,5.73,5.82,5.9,5.73,123543,71911183.0,2.94,0.52,0.03,1.72
2021-06-17,002215,5.73,5.84,5.94,5.68,178608,103891801.0,4.47,0.34,0.02,2.49
2021-06-18,002215,5.86,5.84,5.88,5.77,84661,49304383.0,1.88,0.0,0.0,1.18
2021-06-21,002215,5.85,5.75,5.88,5.7,121518,70031333.0,3.08,-1.54,-0.09,1.7
2021-06-22,002215,5.75,5.75,5.79,5.71,73202,42094518.0,1.39,0.0,0.0,1.02
2021-06-23,002215,5.74,5.69,5.75,5.65,87244,49636328.0,1.74,-1.04,-0.06,1.22
2021-06-24,002215,5.68,5.81,5.83,5.6,155248,88863562.0,4.04,2.11,0.12,2.17
2021-06-25,002215,5.81,5.73,5.81,5.71,84509,48465080.0,1.72,-1.38,-0.08,1.18
2021-06-28,002215,5.71,5.69,5.76,5.69,48796,27887315.0,1.22,-0.7,-0.04,0.68
2021-06-29,002215,5.69,5.61,5.7,5.6,56536,31867041.0,1.76,-1.41,-0.08,0.79
2021-06-30,002215,5.61,5.62,5.65,5.6,44276,24905049.0,0.89,0.18,0.01,0.62
2021-07-01,002215,5.63,5.53,5.64,5.52,61670,34305800.0,2.14,-1.6,-0.09,0.86
2021-07-02,002215,5.4,5.16,5.4,5.0,184777,95519834.0,7.23,-6.69,-0.37,2.58
2021-07-05,002215,5.13,5.21,5.25,5.13,72851,37888203.0,2.33,0.97,0.05,1.02
2021-07-06,002215,5.23,5.26,5.28,5.17,50628,26467408.0,2.11,0.96,0.05,0.71
2021-07-07,002215,5.21,5.21,5.26,5.17,47685,24874213.0,1.71,-0.95,-0.05,0.67
2021-07-08,002215,5.21,5.18,5.24,5.17,42606,22092757.0,1.34,-0.58,-0.03,0.59
2021-07-09,002215,5.15,5.22,5.22,5.15,44468,23072897.0,1.35,0.77,0.04,0.62
2021-07-12,002215,5.26,5.26,5.33,5.23,61902,32655648.0,1.92,0.77,0.04,0.86
2021-07-13,002215,5.26,5.26,5.29,5.2,38775,20313504.0,1.71,0.0,0.0,0.54
2021-07-14,002215,5.25,5.32,5.38,5.25,78140,41671575.0,2.47,1.14,0.06,1.09
2021-07-15,002215,5.32,5.27,5.33,5.23,49397,25989482.0,1.88,-0.94,-0.05,0.69
2021-07-16,002215,5.28,5.27,5.33,5.24,41356,21901631.0,1.71,0.0,0.0,0.58
2021-07-19,002215,5.28,5.28,5.29,5.22,33464,17597133.0,1.33,0.19,0.01,0.47
2021-07-20,002215,5.23,5.31,5.32,5.17,71435,37406803.0,2.84,0.57,0.03,1.0
2021-07-21,002215,5.31,5.32,5.34,5.27,42307,22430701.0,1.32,0.19,0.01,0.59
2021-07-22,002215,5.31,5.32,5.34,5.27,43404,22984449.0,1.32,0.0,0.0,0.61
2021-07-23,002215,5.3,5.23,5.31,5.21,59271,31098539.0,1.88,-1.69,-0.09,0.83
2021-07-26,002215,5.21,5.2,5.24,5.11,51622,26666820.0,2.49,-0.57,-0.03,0.72
2021-07-27,002215,5.18,5.12,5.25,5.12,57786,29918705.0,2.5,-1.54,-0.08,0.81
2021-07-28,002215,5.08,5.07,5.14,5.0,72183,36521374.0,2.73,-0.98,-0.05,1.01
2021-07-29,002215,5.09,5.15,5.2,5.0,54178,27736393.0,3.94,1.58,0.08,0.76
2021-07-30,002215,5.12,5.15,5.17,5.1,42617,21910526.0,1.36,0.0,0.0,0.59
2021-08-02,002215,5.12,5.24,5.25,5.1,61509,31896897.0,2.91,1.75,0.09,0.86
2021-08-03,002215,5.22,5.19,5.25,5.17,45658,23816338.0,1.53,-0.95,-0.05,0.64
2021-08-04,002215,5.2,5.2,5.23,5.17,52574,27272101.0,1.16,0.19,0.01,0.73
2021-08-05,002215,5.2,5.12,5.21,5.11,47603,24523423.0,1.92,-1.54,-0.08,0.66
2021-08-06,002215,5.14,5.19,5.19,5.09,41032,21099801.0,1.95,1.37,0.07,0.57
2021-08-09,002215,5.18,5.22,5.24,5.17,50071,26069814.0,1.35,0.58,0.03,0.7
2021-08-10,002215,5.2,5.24,5.26,5.2,56263,29463596.0,1.15,0.38,0.02,0.79
2021-08-11,002215,5.25,5.26,5.27,5.22,58788,30801912.0,0.95,0.38,0.02,0.82
2021-08-12,002215,5.26,5.3,5.34,5.24,70435,37215373.0,1.9,0.76,0.04,0.98
2021-08-13,002215,5.3,5.37,5.38,5.27,84414,45100211.0,2.08,1.32,0.07,1.18
2021-08-16,002215,5.4,5.31,5.44,5.3,75150,40226349.0,2.61,-1.12,-0.06,1.05
2021-08-17,002215,5.31,5.27,5.39,5.25,70818,37637994.0,2.64,-0.75,-0.04,0.99
2021-08-18,002215,5.29,5.36,5.37,5.26,55273,29457365.0,2.09,1.71,0.09,0.77
2021-08-19,002215,5.35,5.32,5.39,5.3,41768,22281703.0,1.68,-0.75,-0.04,0.58
2021-08-20,002215,5.31,5.35,5.36,5.25,53282,28240102.0,2.07,0.56,0.03,0.74
2021-08-23,002215,5.36,5.36,5.4,5.33,59836,32064698.0,1.31,0.19,0.01,0.84
2021-08-24,002215,5.37,5.44,5.44,5.35,78557,42413296.0,1.68,1.49,0.08,1.1
2021-08-25,002215,5.42,5.46,5.48,5.39,69623,37864452.0,1.65,0.37,0.02,0.97
2021-08-26,002215,5.46,5.57,5.61,5.43,152141,84325477.0,3.3,2.01,0.11,2.12
2021-08-27,002215,5.55,5.54,5.62,5.46,117099,64632901.0,2.87,-0.54,-0.03,1.63
2021-08-30,002215,5.54,5.71,5.77,5.54,201099,114312445.0,4.15,3.07,0.17,2.81
2021-08-31,002215,5.74,5.63,5.74,5.61,97011,54767255.0,2.28,-1.4,-0.08,1.35
2021-09-01,002215,5.65,5.63,5.71,5.53,121613,68633535.0,3.2,0.0,0.0,1.7
2021-09-02,002215,5.6,5.66,5.67,5.58,74897,42166291.0,1.6,0.53,0.03,1.05
2021-09-03,002215,5.69,5.68,5.82,5.66,126249,72205834.0,2.83,0.35,0.02,1.76
2021-09-06,002215,5.63,5.76,5.85,5.62,125310,72375001.0,4.05,1.41,0.08,1.76
2021-09-07,002215,5.78,5.82,5.86,5.76,107901,62724684.0,1.74,1.04,0.06,1.51
2021-09-08,002215,5.84,5.99,6.03,5.84,208027,123933222.0,3.26,2.92,0.17,2.92
2021-09-09,002215,5.97,6.12,6.16,5.92,205318,125176167.0,4.01,2.17,0.13,2.88
2021-09-10,002215,6.1,6.06,6.14,5.98,178239,108029685.0,2.61,-0.98,-0.06,2.5
2021-09-13,002215,6.02,6.47,6.49,6.01,313219,198290721.0,7.92,6.77,0.41,4.39
2021-09-14,002215,6.54,6.31,6.54,6.26,289357,184499039.0,4.33,-2.47,-0.16,4.05
2021-09-15,002215,6.33,6.54,6.57,6.27,253966,164158833.0,4.75,3.65,0.23,3.56
2021-09-16,002215,6.5,6.65,6.86,6.45,376254,251218628.0,6.27,1.68,0.11,5.27
2021-09-17,002215,6.66,6.8,6.94,6.53,394254,266377506.0,6.17,2.26,0.15,5.52
2021-09-22,002215,6.73,6.78,6.94,6.68,320525,216998625.0,3.82,-0.29,-0.02,4.49
2021-09-23,002215,6.76,6.97,7.1,6.7,313929,216661866.0,5.9,2.8,0.19,4.4
2021-09-24,002215,6.97,6.56,6.97,6.53,335901,223432302.0,6.31,-5.88,-0.41,4.71
2021-09-27,002215,6.51,6.23,6.59,6.0,344615,216844466.0,8.99,-5.03,-0.33,4.83
2021-09-28,002215,6.3,6.32,6.4,6.21,150070,94498067.0,3.05,1.44,0.09,2.1
2021-09-29,002215,6.26,6.08,6.36,6.06,155334,96143358.0,4.75,-3.8,-0.24,2.18
2021-09-30,002215,6.12,6.15,6.23,6.08,97630,59999951.0,2.47,1.15,0.07,1.37
2021-10-08,002215,6.21,6.41,6.49,6.2,149814,95579169.0,4.72,4.23,0.26,2.1
2021-10-11,002215,6.39,6.43,6.55,6.23,123701,79320755.0,4.99,0.31,0.02,1.73
2021-10-12,002215,6.44,6.27,6.45,6.23,91222,57643912.0,3.42,-2.49,-0.16,1.28
2021-10-13,002215,6.29,6.15,6.29,5.94,138673,84278872.0,5.58,-1.91,-0.12,1.94
2021-10-14,002215,6.15,6.16,6.19,6.05,63771,39138976.0,2.28,0.16,0.01,0.89
2021-10-15,002215,6.15,6.0,6.16,5.97,98301,59426584.0,3.08,-2.6,-0.16,1.38
2021-10-18,002215,6.05,6.36,6.38,6.03,168200,104808114.0,5.83,6.0,0.36,2.36
2021-10-19,002215,6.37,6.09,6.37,6.06,216607,133292201.0,4.87,-4.25,-0.27,3.04
2021-10-20,002215,6.09,6.09,6.17,6.0,108784,66131348.0,2.79,0.0,0.0,1.52
2021-10-21,002215,6.12,6.48,6.7,6.09,516191,339107024.0,10.02,6.4,0.39,7.23
2021-10-22,002215,6.38,6.53,6.66,6.32,401082,260878866.0,5.25,0.77,0.05,5.62
2021-10-25,002215,6.55,6.43,6.65,6.43,194368,126348572.0,3.37,-1.53,-0.1,2.72
2021-10-26,002215,6.47,6.27,6.49,6.22,173082,109167762.0,4.2,-2.49,-0.16,2.43
2021-10-27,002215,6.3,6.12,6.3,6.07,143391,88211309.0,3.67,-2.39,-0.15,2.01
2021-10-28,002215,6.16,5.76,6.16,5.74,211558,124688457.0,6.86,-5.88,-0.36,2.96
2021-10-29,002215,5.76,5.86,5.88,5.73,94500,54996025.0,2.6,1.74,0.1,1.32
2021-11-01,002215,5.8,6.0,6.04,5.8,99037,59025350.0,4.1,2.39,0.14,1.39
2021-11-02,002215,5.99,5.83,6.11,5.78,126050,74484034.0,5.5,-2.83,-0.17,1.77
2021-11-03,002215,5.84,5.8,5.86,5.75,75704,43961180.0,1.89,-0.51,-0.03,1.06
2021-11-04,002215,5.83,5.78,5.83,5.73,79815,46149009.0,1.72,-0.34,-0.02,1.12
2021-11-05,002215,5.78,5.61,5.79,5.6,119543,67958384.0,3.29,-2.94,-0.17,1.68
2021-11-08,002215,5.6,5.62,5.71,5.56,63768,35909823.0,2.67,0.18,0.01,0.89
2021-11-09,002215,5.62,5.62,5.68,5.6,65291,36806529.0,1.42,0.0,0.0,0.91
2021-11-10,002215,5.62,5.59,5.65,5.51,95272,53022975.0,2.49,-0.53,-0.03,1.34
2021-11-11,002215,5.6,5.63,5.71,5.56,88629,50168836.0,2.68,0.72,0.04,1.24
2021-11-12,002215,5.62,5.71,5.74,5.61,93270,53086820.0,2.31,1.42,0.08,1.31
2021-11-15,002215,5.71,5.74,5.8,5.7,96941,55696115.0,1.75,0.53,0.03,1.36
2021-11-16,002215,5.74,5.66,5.8,5.65,113739,65049831.0,2.61,-1.39,-0.08,1.59
2021-11-17,002215,5.67,5.72,5.75,5.65,65726,37542003.0,1.77,1.06,0.06,0.92
2021-11-18,002215,5.72,5.7,5.77,5.68,81386,46584651.0,1.57,-0.35,-0.02,1.14
2021-11-19,002215,5.7,5.71,5.73,5.59,88478,50133432.0,2.46,0.18,0.01,1.24
2021-11-22,002215,5.68,5.78,5.88,5.68,128782,74290390.0,3.5,1.23,0.07,1.8
2021-11-23,002215,5.77,5.78,5.85,5.76,105652,61252196.0,1.56,0.0,0.0,1.48
2021-11-24,002215,5.79,5.91,5.94,5.75,127236,74533706.0,3.29,2.25,0.13,1.78
2021-11-25,002215,5.92,5.92,5.97,5.85,85026,50145474.0,2.03,0.17,0.01,1.19
2021-11-26,002215,5.91,5.95,5.98,5.89,83069,49313330.0,1.52,0.51,0.03,1.16
2021-11-29,002215,5.86,5.8,5.88,5.75,128473,74813573.0,2.18,-2.52,-0.15,1.8
2021-11-30,002215,5.8,5.86,5.95,5.8,93665,55076851.0,2.59,1.03,0.06,1.31
2021-12-01,002215,5.86,5.96,5.97,5.82,115633,68344393.0,2.56,1.71,0.1,1.62
2021-12-02,002215,6.0,5.92,6.01,5.89,79064,46844682.0,2.01,-0.67,-0.04,1.11
2021-12-03,002215,5.93,5.92,5.94,5.86,68063,40138446.0,1.35,0.0,0.0,0.95
2021-12-06,002215,5.91,6.09,6.2,5.89,205008,124533886.0,5.24,2.87,0.17,2.87
2021-12-07,002215,6.09,5.98,6.16,5.94,118602,71580540.0,3.61,-1.81,-0.11,1.66
2021-12-08,002215,6.01,5.96,6.04,5.94,84515,50373711.0,1.67,-0.33,-0.02,1.18
2021-12-09,002215,5.95,5.94,5.96,5.9,88556,52469484.0,1.01,-0.34,-0.02,1.24
2021-12-10,002215,5.93,5.95,5.99,5.91,61139,36343957.0,1.35,0.17,0.01,0.86
2021-12-13,002215,5.96,5.92,6.01,5.9,77994,46310288.0,1.85,-0.5,-0.03,1.09
2021-12-14,002215,5.92,5.85,5.92,5.82,91327,53427316.0,1.69,-1.18,-0.07,1.28
2021-12-15,002215,5.85,5.97,6.02,5.8,113217,67259354.0,3.76,2.05,0.12,1.59
2021-12-16,002215,5.97,6.03,6.03,5.93,122026,73132890.0,1.68,1.01,0.06,1.71
2021-12-17,002215,6.05,6.01,6.11,6.0,107241,64839180.0,1.82,-0.33,-0.02,1.5
2021-12-20,002215,5.99,6.15,6.2,5.99,179537,109973166.0,3.49,2.33,0.14,2.52
2021-12-21,002215,6.15,6.18,6.19,6.1,104623,64293151.0,1.46,0.49,0.03,1.47
2021-12-22,002215,6.2,6.17,6.23,6.09,127023,78055804.0,2.27,-0.16,-0.01,1.78
2021-12-23,002215,6.16,6.12,6.18,6.1,89202,54689772.0,1.3,-0.81,-0.05,1.25
2021-12-24,002215,6.12,6.05,6.16,6.03,96763,58720455.0,2.12,-1.14,-0.07,1.36
2021-12-27,002215,6.07,6.03,6.21,6.03,119618,72943305.0,2.98,-0.33,-0.02,1.68
2021-12-28,002215,6.06,6.2,6.22,6.04,171717,106092472.0,2.99,2.82,0.17,2.41
2021-12-29,002215,6.17,6.2,6.3,6.1,137259,85138165.0,3.23,0.0,0.0,1.92
2021-12-30,002215,6.18,6.16,6.24,6.15,106101,65564577.0,1.45,-0.65,-0.04,1.49
2021-12-31,002215,6.3,6.38,6.45,6.21,270765,171284063.0,3.9,3.57,0.22,3.79
2022-01-04,002215,6.38,6.48,6.51,6.32,260657,167463783.0,2.98,1.57,0.1,3.65
2022-01-05,002215,6.46,6.32,6.46,6.27,161072,102119727.0,2.93,-2.47,-0.16,2.26
2022-01-06,002215,6.3,6.3,6.4,6.29,95763,60719680.0,1.74,-0.32,-0.02,1.34
2022-01-07,002215,6.31,6.18,6.34,6.18,123514,77213503.0,2.54,-1.9,-0.12,1.73
2022-01-10,002215,6.19,6.29,6.31,6.17,89347,55962601.0,2.27,1.78,0.11,1.25
2022-01-11,002215,6.29,6.3,6.4,6.26,142778,90619356.0,2.23,0.16,0.01,2.0
2022-01-12,002215,6.33,6.32,6.36,6.27,74793,47201391.0,1.43,0.32,0.02,1.05
2022-01-13,002215,6.34,6.37,6.45,6.26,122748,78289974.0,3.01,0.79,0.05,1.72
2022-01-14,002215,6.39,6.45,6.53,6.32,187185,120563773.0,3.3,1.26,0.08,2.62
2022-01-17,002215,6.45,6.43,6.49,6.37,145702,93530335.0,1.86,-0.31,-0.02,2.04
2022-01-18,002215,6.41,6.29,6.44,6.29,142238,90156890.0,2.33,-2.18,-0.14,1.99
2022-01-19,002215,6.28,6.28,6.35,6.26,85433,53853510.0,1.43,-0.16,-0.01,1.2
2022-01-20,002215,6.26,6.04,6.31,6.04,172911,106089097.0,4.3,-3.82,-0.24,2.42
2022-01-21,002215,6.02,6.03,6.11,5.92,144380,86603193.0,3.15,-0.17,-0.01,2.02
2022-01-24,002215,6.01,6.01,6.06,5.93,80341,48319741.0,2.16,-0.33,-0.02,1.13
2022-01-25,002215,6.0,5.63,6.02,5.61,166530,96280520.0,6.82,-6.32,-0.38,2.33
2022-01-26,002215,5.64,5.76,5.83,5.63,132095,75968467.0,3.55,2.31,0.13,1.85
2022-01-27,002215,5.78,5.64,5.79,5.61,84925,48284815.0,3.13,-2.08,-0.12,1.19
2022-01-28,002215,5.68,5.76,5.83,5.67,97166,55995124.0,2.84,2.13,0.12,1.36
2022-02-07,002215,5.78,5.89,5.96,5.78,83991,49538479.0,3.13,2.26,0.13,1.18
2022-02-08,002215,5.89,6.01,6.03,5.88,85870,51290099.0,2.55,2.04,0.12,1.2
2022-02-09,002215,6.01,6.02,6.09,6.0,78517,47391784.0,1.5,0.17,0.01,1.1
2022-02-10,002215,5.98,6.06,6.08,5.97,69680,42066035.0,1.83,0.66,0.04,0.98
2022-02-11,002215,6.1,5.97,6.1,5.95,67614,40563783.0,2.48,-1.49,-0.09,0.95
2022-02-14,002215,5.95,6.01,6.04,5.94,58494,35114626.0,1.68,0.67,0.04,0.82
2022-02-15,002215,5.98,5.99,6.04,5.94,53889,32287194.0,1.66,-0.33,-0.02,0.76
2022-02-16,002215,6.01,6.19,6.22,6.01,128074,78573062.0,3.51,3.34,0.2,1.79
2022-02-17,002215,6.28,6.38,6.45,6.28,271111,172668864.0,2.75,3.07,0.19,3.8
2022-02-18,002215,6.38,6.34,6.38,6.27,123589,78167796.0,1.72,-0.63,-0.04,1.73
2022-02-21,002215,6.3,6.42,6.42,6.28,123158,78244490.0,2.21,1.26,0.08,1.73
2022-02-22,002215,6.42,6.38,6.43,6.31,94254,59955382.0,1.87,-0.62,-0.04,1.32
2022-02-23,002215,6.61,6.45,6.75,6.39,267663,173633034.0,5.64,1.1,0.07,3.75
2022-02-24,002215,6.44,6.26,6.57,6.16,243141,154244683.0,6.36,-2.95,-0.19,3.41
2022-02-25,002215,6.32,6.27,6.38,6.22,121334,76292258.0,2.56,0.16,0.01,1.7
2022-02-28,002215,6.29,6.27,6.35,6.22,103223,65026037.0,2.07,0.0,0.0,1.45
2022-03-01,002215,6.27,6.3,6.33,6.25,70968,44600818.0,1.28,0.48,0.03,0.99
2022-03-02,002215,6.3,6.33,6.36,6.24,80839,51109285.0,1.9,0.48,0.03,1.13
2022-03-03,002215,6.35,6.27,6.35,6.23,105854,66541285.0,1.9,-0.95,-0.06,1.48
2022-03-04,002215,6.26,6.4,6.6,6.21,321301,206474190.0,6.22,2.07,0.13,4.5
2022-03-07,002215,6.48,6.44,6.64,6.39,300873,195959762.0,3.91,0.63,0.04,4.22
2022-03-08,002215,6.41,6.16,6.44,6.16,179811,112802420.0,4.35,-4.35,-0.28,2.52
2022-03-09,002215,6.18,6.16,6.29,5.79,206910,125609275.0,8.12,0.0,0.0,2.9
2022-03-10,002215,6.26,6.26,6.42,6.18,153221,96532542.0,3.9,1.62,0.1,2.15
2022-03-11,002215,6.2,6.44,6.5,6.08,277599,177004411.0,6.71,2.88,0.18,3.89
2022-03-14,002215,6.44,6.26,6.5,6.26,192259,122799280.0,3.73,-2.8,-0.18,2.69
2022-03-15,002215,6.21,5.97,6.35,5.97,206219,127214945.0,6.07,-4.63,-0.29,2.89
2022-03-16,002215,6.07,6.3,6.33,5.93,265418,163512576.0,6.7,5.53,0.33,3.72
2022-03-17,002215,6.32,6.28,6.4,6.25,191400,121166046.0,2.38,-0.32,-0.02,2.68
2022-03-18,002215,6.24,6.45,6.53,6.22,225976,145175821.0,4.94,2.71,0.17,3.17
2022-03-21,002215,6.5,6.59,6.62,6.42,259883,169947301.0,3.1,2.17,0.14,3.64
2022-03-22,002215,6.65,6.52,6.65,6.48,169597,110897366.0,2.58,-1.06,-0.07,2.38
2022-03-23,002215,6.52,6.48,6.57,6.45,149766,97456393.0,1.84,-0.61,-0.04,2.1
2022-03-24,002215,6.45,6.53,6.6,6.4,190692,124721968.0,3.09,0.77,0.05,2.67
2022-03-25,002215,6.48,6.68,6.79,6.48,295591,197653737.0,4.75,2.3,0.15,4.14
2022-03-28,002215,6.73,6.67,6.89,6.61,269186,180627551.0,4.19,-0.15,-0.01,3.77
2022-03-29,002215,6.67,6.88,6.99,6.61,498699,342061280.0,5.7,3.15,0.21,6.99
2022-03-30,002215,6.8,6.63,6.87,6.59,401230,267205589.0,4.07,-3.63,-0.25,5.62
2022-03-31,002215,6.59,6.59,6.68,6.53,254983,168682752.0,2.26,-0.6,-0.04,3.57
2022-04-01,002215,6.63,6.72,7.05,6.59,469396,319773888.0,6.98,1.97,0.13,6.58
2022-04-06,002215,6.65,6.78,6.82,6.54,336515,225047739.0,4.17,0.89,0.06,4.72
2022-04-07,002215,6.77,6.58,6.79,6.58,225511,150415013.0,3.1,-2.95,-0.2,3.16
2022-04-08,002215,6.61,6.68,6.76,6.4,279685,184458724.0,5.47,1.52,0.1,3.92
2022-04-11,002215,6.65,6.73,6.88,6.63,388708,263046205.0,3.74,0.75,0.05,5.45
2022-04-12,002215,6.63,6.58,6.68,6.35,339213,220716002.0,4.9,-2.23,-0.15,4.75
2022-04-13,002215,6.56,6.85,7.24,6.54,736544,514874800.0,10.64,4.1,0.27,10.32
2022-04-14,002215,6.8,6.91,6.95,6.65,569323,388619984.0,4.38,0.88,0.06,7.98
2022-04-15,002215,6.81,6.41,6.91,6.38,474316,313169264.0,7.67,-7.24,-0.5,6.65
2022-04-18,002215,6.41,6.54,6.95,6.36,309426,203926111.0,9.2,2.03,0.13,4.34
2022-04-19,002215,6.5,6.94,7.15,6.45,653932,451287952.0,10.7,6.12,0.4,9.16
2022-04-20,002215,6.91,6.97,7.18,6.78,709516,495263488.0,5.76,0.43,0.03,9.94
2022-04-21,002215,6.94,6.49,7.05,6.43,612322,409775584.0,8.9,-6.89,-0.48,8.58
2022-04-22,002215,6.36,6.04,6.43,6.0,463353,283692128.0,6.63,-6.93,-0.45,6.49
2022-04-25,002215,5.96,5.48,6.0,5.48,337731,194073014.0,8.61,-9.27,-0.56,4.73
2022-04-26,002215,5.49,5.37,5.59,5.28,241574,131887376.0,5.66,-2.01,-0.11,3.39
2022-04-27,002215,5.22,5.59,5.62,5.21,234617,127256152.0,7.64,4.1,0.22,3.29
2022-04-28,002215,5.56,5.44,5.63,5.37,225343,124115568.0,4.65,-2.68,-0.15,3.16
2022-04-29,002215,5.5,5.66,5.72,5.48,236624,133409157.0,4.41,4.04,0.22,3.32
2022-05-05,002215,5.69,5.84,5.9,5.6,211886,123113127.0,5.3,3.18,0.18,2.97
2022-05-06,002215,5.72,5.82,5.91,5.68,189074,109858509.0,3.94,-0.34,-0.02,2.65
2022-05-09,002215,5.79,5.93,5.95,5.74,138310,81634903.0,3.61,1.89,0.11,1.94
2022-05-10,002215,5.88,5.97,5.98,5.83,152093,89904766.0,2.53,0.67,0.04,2.13
2022-05-11,002215,5.97,5.86,6.05,5.85,262631,156253294.0,3.35,-1.84,-0.11,3.68
2022-05-12,002215,5.8,5.83,5.9,5.76,135413,78894383.0,2.39,-0.51,-0.03,1.9
2022-05-13,002215,5.85,5.92,6.06,5.84,165890,98448990.0,3.77,1.54,0.09,2.32
2022-05-16,002215,6.0,6.23,6.25,5.98,392577,242107462.0,4.56,5.24,0.31,5.5
2022-05-17,002215,6.2,6.15,6.24,6.1,179951,110867299.0,2.25,-1.28,-0.08,2.52
2022-05-18,002215,6.15,6.08,6.17,6.06,156174,95538534.0,1.79,-1.14,-0.07,2.19
2022-05-19,002215,5.99,6.08,6.11,5.96,138870,84030318.0,2.47,0.0,0.0,1.95
2022-05-20,002215,6.08,6.11,6.14,6.04,111894,68042880.0,1.64,0.49,0.03,1.57
2022-05-23,002215,6.18,6.17,6.2,6.09,179676,110503252.0,1.8,0.98,0.06,2.52
2022-05-24,002215,6.17,5.9,6.19,5.89,187597,113218803.0,4.86,-4.38,-0.27,2.63
2022-05-25,002215,5.92,6.02,6.04,5.89,104739,62657181.0,2.54,2.03,0.12,1.47
2022-05-26,002215,6.04,6.05,6.07,5.9,150584,90303427.0,2.82,0.5,0.03,2.11
2022-05-27,002215,6.07,6.03,6.1,5.98,118000,71343131.0,1.98,-0.33,-0.02,1.65
2022-05-30,002215,6.07,6.09,6.13,5.99,143608,86970063.0,2.32,1.0,0.06,2.01
2022-05-31,002215,6.07,6.17,6.26,6.06,256211,158314716.0,3.28,1.31,0.08,3.59
2022-06-01,002215,6.18,6.18,6.29,6.12,193697,120150587.0,2.76,0.16,0.01,2.71
2022-06-02,002215,6.19,6.32,6.37,6.14,212015,133171224.0,3.72,2.27,0.14,2.97
2022-06-06,002215,6.34,6.28,6.37,6.23,199937,125133404.0,2.22,-0.63,-0.04,2.8
2022-06-07,002215,6.27,6.19,6.27,6.08,216851,133460919.0,3.03,-1.43,-0.09,3.04
2022-06-08,002215,6.05,5.96,6.08,5.83,183011,109227300.0,4.04,-3.72,-0.23,2.56
2022-06-09,002215,5.97,6.0,6.1,5.94,179336,107807070.0,2.68,0.67,0.04,2.51
2022-06-10,002215,5.99,6.14,6.19,5.91,197018,120441411.0,4.67,2.33,0.14,2.76
2022-06-13,002215,6.14,6.18,6.25,6.08,185256,114268940.0,2.77,0.65,0.04,2.6
2022-06-14,002215,6.15,6.21,6.23,6.03,183243,112165899.0,3.24,0.49,0.03,2.57
2022-06-15,002215,6.27,6.1,6.28,6.1,189305,116724691.0,2.9,-1.77,-0.11,2.65
2022-06-16,002215,6.08,6.06,6.14,6.03,151267,91897326.0,1.8,-0.66,-0.04,2.12
2022-06-17,002215,6.0,6.04,6.07,5.92,158144,94899982.0,2.48,-0.33,-0.02,2.22
2022-06-20,002215,6.02,5.97,6.05,5.94,158504,94796520.0,1.82,-1.16,-0.07,2.22
2022-06-21,002215,5.96,5.86,5.98,5.81,174623,102936767.0,2.85,-1.84,-0.11,2.45
2022-06-22,002215,5.88,5.76,5.89,5.76,97239,56593831.0,2.22,-1.71,-0.1,1.36
2022-06-23,002215,5.76,5.82,5.83,5.7,116103,66937355.0,2.26,1.04,0.06,1.63
2022-06-24,002215,5.83,5.79,5.86,5.77,107088,62183886.0,1.55,-0.52,-0.03,1.5
2022-06-27,002215,5.8,5.81,5.89,5.78,127032,73954671.0,1.9,0.35,0.02,1.78
2022-06-28,002215,5.83,5.84,5.84,5.75,132630,77048087.0,1.55,0.52,0.03,1.86
2022-06-29,002215,5.8,5.57,5.81,5.57,493607,278059808.0,4.11,-4.62,-0.27,6.27
2022-06-30,002215,5.58,5.59,5.68,5.56,212053,119171717.0,2.15,0.36,0.02,2.69
2022-07-01,002215,5.62,5.63,5.7,5.58,215231,121594238.0,2.15,0.72,0.04,2.73
2022-07-04,002215,5.63,5.7,5.72,5.63,176218,100177432.0,1.6,1.24,0.07,2.24
2022-07-05,002215,5.73,5.71,5.75,5.64,184076,104751576.0,1.93,0.18,0.01,2.34
2022-07-06,002215,5.76,5.62,5.76,5.58,212971,120344648.0,3.15,-1.58,-0.09,2.7
2022-07-07,002215,5.65,5.66,5.68,5.62,132588,74962624.0,1.07,0.71,0.04,1.68
2022-07-08,002215,5.73,5.67,5.74,5.66,162093,92335666.0,1.41,0.18,0.01,2.06
2022-07-11,002215,5.69,5.68,5.71,5.58,158632,89286733.0,2.29,0.18,0.01,2.01
2022-07-12,002215,5.67,5.61,5.67,5.58,132129,74145741.1,1.58,-1.23,-0.07,1.68
2022-07-13,002215,5.58,5.61,5.63,5.52,145522,81093480.5,1.96,0.0,0.0,1.85
2022-07-14,002215,5.6,5.59,5.63,5.57,151665,84862905.6,1.07,-0.36,-0.02,1.92
2022-07-15,002215,5.6,5.48,5.6,5.47,164727,90927049.7,2.33,-1.97,-0.11,2.09
2022-07-18,002215,5.48,5.6,5.6,5.46,138213,76715473.4,2.55,2.19,0.12,1.75
2022-07-19,002215,5.6,5.65,5.69,5.59,129081,72827193.0,1.79,0.89,0.05,1.63
2022-07-20,002215,5.67,5.73,5.74,5.65,161854,92056356.6,1.59,1.42,0.08,2.05
2022-07-21,002215,5.73,5.69,5.74,5.68,143515,81886076.4,1.05,-0.7,-0.04,1.82
2022-07-22,002215,5.7,5.68,5.73,5.62,111822,63423039.7,1.93,-0.18,-0.01,1.42
2022-07-25,002215,5.65,5.63,5.72,5.62,106715,60449212.0,1.76,-0.88,-0.05,1.35
2022-07-26,002215,5.6,5.68,5.68,5.59,85191,48093446.9,1.6,0.89,0.05,1.08
2022-07-27,002215,5.68,5.66,5.7,5.63,82456,46654111.3,1.23,-0.35,-0.02,1.04
2022-07-28,002215,5.77,5.79,5.92,5.74,341614,198288088.9,3.18,2.3,0.13,4.33
2022-07-29,002215,5.82,5.88,5.91,5.78,298433,174739310.6,2.25,1.55,0.09,3.78
2022-08-01,002215,5.86,5.85,5.88,5.78,171087,99658714.1,1.7,-0.51,-0.03,2.17
2022-08-02,002215,5.82,5.65,5.83,5.57,233057,132449691.0,4.44,-3.42,-0.2,2.95
2022-08-03,002215,5.65,5.64,5.78,5.62,175792,100169668.5,2.83,-0.18,-0.01,2.23
2022-08-04,002215,5.66,5.75,5.76,5.62,192040,109343914.6,2.48,1.95,0.11,2.43
2022-08-05,002215,5.78,5.81,5.82,5.71,149191,86007723.4,1.91,1.04,0.06,1.89
2022-08-08,002215,5.8,5.94,5.96,5.78,234232,138468800.9,3.1,2.24,0.13,2.97
2022-08-09,002215,5.96,6.06,6.09,5.91,255336,154032648.3,3.03,2.02,0.12,3.23
2022-08-10,002215,6.02,6.12,6.17,6.02,208216,127356590.4,2.48,0.99,0.06,2.64
2022-08-11,002215,6.14,6.3,6.3,6.11,303123,188531495.5,3.1,2.94,0.18,3.84
2022-08-12,002215,6.28,6.27,6.36,6.24,237136,149555079.0,1.9,-0.48,-0.03,3.0
2022-08-15,002215,6.3,6.36,6.39,6.27,203013,128585075.0,1.91,1.44,0.09,2.57
2022-08-16,002215,6.35,6.33,6.39,6.29,153708,97274958.9,1.57,-0.47,-0.03,1.95
2022-08-17,002215,6.33,6.23,6.37,6.21,159833,99825506.9,2.53,-1.58,-0.1,2.02
2022-08-18,002215,6.26,6.17,6.26,6.12,148629,91472461.5,2.25,-0.96,-0.06,1.88
2022-08-19,002215,6.19,6.01,6.2,5.99,221534,134327628.1,3.4,-2.59,-0.16,2.81
2022-08-22,002215,6.03,6.12,6.14,5.95,154425,93830088.9,3.16,1.83,0.11,1.96
2022-08-23,002215,6.14,6.18,6.18,6.06,165772,101518901.2,1.96,0.98,0.06,2.1
2022-08-24,002215,6.18,6.0,6.21,5.99,173502,105044940.8,3.56,-2.91,-0.18,2.2
2022-08-25,002215,6.01,6.1,6.11,5.98,182921,110593726.3,2.17,1.67,0.1,2.32
2022-08-26,002215,6.09,6.35,6.45,6.03,457740,289412070.2,6.89,4.1,0.25,5.8
2022-08-29,002215,6.35,6.38,6.4,6.24,278877,176745310.0,2.52,0.47,0.03,3.53
2022-08-30,002215,6.35,6.24,6.35,6.2,237224,148211452.5,2.35,-2.19,-0.14,3.0
2022-08-31,002215,6.24,6.08,6.27,6.06,221694,136368061.0,3.37,-2.56,-0.16,2.81
2022-09-01,002215,6.08,6.08,6.27,6.06,216744,133230402.9,3.45,0.0,0.0,2.74
2022-09-02,002215,6.18,6.12,6.21,6.05,165841,101422704.5,2.63,0.66,0.04,2.1
2022-09-05,002215,6.1,6.27,6.3,6.08,193695,120749809.5,3.59,2.45,0.15,2.45
2022-09-06,002215,6.27,6.36,6.4,6.24,209757,133061620.4,2.55,1.44,0.09,2.65
2022-09-07,002215,6.32,6.29,6.4,6.25,160814,101429115.1,2.36,-1.1,-0.07,2.03
2022-09-08,002215,6.29,6.16,6.31,6.14,152873,94712950.9,2.7,-2.07,-0.13,1.93
2022-09-09,002215,6.16,6.14,6.22,6.1,115554,71034016.2,1.95,-0.32,-0.02,1.46
2022-09-13,002215,6.17,6.24,6.35,6.16,212421,133047969.7,3.09,1.63,0.1,2.69
2022-09-14,002215,6.16,6.06,6.19,6.04,222774,135775211.8,2.4,-2.88,-0.18,2.82
2022-09-15,002215,6.09,5.8,6.12,5.75,277765,164119730.3,6.11,-4.29,-0.26,3.51
2022-09-16,002215,5.8,5.63,5.83,5.63,152527,87313856.6,3.45,-2.93,-0.17,1.93
2022-09-19,002215,5.63,5.63,5.69,5.57,120620,67808024.0,2.13,0.0,0.0,1.53
2022-09-20,002215,5.67,5.66,5.71,5.63,114457,64897691.4,1.42,0.53,0.03,1.45
2022-09-21,002215,5.63,5.74,5.77,5.53,129251,73094522.6,4.24,1.41,0.08,1.63
2022-09-22,002215,5.72,5.69,5.81,5.68,137560,78881947.0,2.26,-0.87,-0.05,1.74
2022-09-23,002215,5.71,5.58,5.72,5.52,120977,67863195.4,3.51,-1.93,-0.11,1.53
2022-09-26,002215,5.56,5.36,5.57,5.34,166833,90599512.2,4.12,-3.94,-0.22,2.11
2022-09-27,002215,5.4,5.48,5.5,5.36,101092,54876302.6,2.61,2.24,0.12,1.28
2022-09-28,002215,5.47,5.33,5.5,5.33,106155,57349416.4,3.1,-2.74,-0.15,1.34
2022-09-29,002215,5.41,5.33,5.42,5.28,105867,56752484.9,2.63,0.0,0.0,1.34
2022-09-30,002215,5.31,5.34,5.41,5.3,89866,48211256.7,2.06,0.19,0.01,1.14
2022-10-10,002215,5.37,5.25,5.42,5.24,92910,49548506.0,3.37,-1.69,-0.09,1.17
2022-10-11,002215,5.27,5.32,5.34,5.16,79531,41822452.0,3.43,1.33,0.07,1.01
2022-10-12,002215,5.32,5.4,5.42,5.22,97486,51899775.0,3.76,1.5,0.08,1.23
2022-10-13,002215,5.4,5.46,5.52,5.34,116862,63588885.4,3.33,1.11,0.06,1.48
2022-10-14,002215,5.5,5.52,5.54,5.47,90802,50041424.5,1.28,1.1,0.06,1.15
2022-10-17,002215,5.46,5.56,5.57,5.46,82084,45421535.8,1.99,0.72,0.04,1.04
2022-10-18,002215,5.56,5.54,5.59,5.52,78116,43343159.0,1.26,-0.36,-0.02,0.99
2022-10-19,002215,5.53,5.51,5.6,5.5,81764,45355899.1,1.81,-0.54,-0.03,1.03
2022-10-20,002215,5.51,5.47,5.54,5.43,82481,45185255.2,2.0,-0.73,-0.04,1.04
2022-10-21,002215,5.48,5.44,5.51,5.44,65513,35839497.1,1.28,-0.55,-0.03,0.83
2022-10-24,002215,5.48,5.36,5.57,5.35,90393,49313536.3,4.04,-1.47,-0.08,1.14
2022-10-25,002215,5.37,5.37,5.4,5.26,84468,45028141.1,2.61,0.19,0.01,1.07
2022-10-26,002215,5.38,5.5,5.58,5.37,116498,63969846.0,3.91,2.42,0.13,1.47
2022-10-27,002215,5.48,5.52,5.58,5.48,87989,48716666.0,1.82,0.36,0.02,1.11
2022-10-28,002215,5.44,5.16,5.46,5.11,313799,163541144.9,6.34,-6.52,-0.36,3.97
2022-10-31,002215,5.13,5.18,5.3,5.1,151260,78279513.7,3.88,0.39,0.02,1.91
2022-11-01,002215,5.24,5.49,5.69,5.16,345151,186642294.5,10.23,5.98,0.31,4.36
2022-11-02,002215,5.48,5.45,5.54,5.42,184943,101044570.6,2.19,-0.73,-0.04,2.34
2022-11-03,002215,5.44,5.51,5.58,5.41,195506,107892524.8,3.12,1.1,0.06,2.47
2022-11-04,002215,5.55,5.55,5.59,5.42,261787,144623826.0,3.09,0.73,0.04,3.31
2022-11-07,002215,5.56,5.6,5.63,5.53,199089,111141069.8,1.8,0.9,0.05,2.52
2022-11-08,002215,5.61,5.64,5.64,5.55,141412,79193619.6,1.61,0.71,0.04,1.79
2022-11-09,002215,5.65,5.65,5.69,5.61,128420,72615325.7,1.42,0.18,0.01,1.62
2022-11-10,002215,5.61,5.63,5.67,5.59,118532,66798539.8,1.42,-0.35,-0.02,1.5
2022-11-11,002215,5.69,5.6,5.74,5.6,133852,75727913.6,2.49,-0.53,-0.03,1.69
2022-11-14,002215,5.6,5.56,5.65,5.54,117164,65573957.3,1.96,-0.71,-0.04,1.48
2022-11-15,002215,5.56,5.62,5.62,5.53,100439,56108134.6,1.62,1.08,0.06,1.27
2022-11-16,002215,5.61,5.68,5.78,5.61,236624,134851192.3,3.02,1.07,0.06,2.99
2022-11-17,002215,5.67,5.67,5.68,5.62,94444,53331248.3,1.06,-0.18,-0.01,1.19
2022-11-18,002215,5.65,5.58,5.7,5.58,100557,56662255.8,2.12,-1.59,-0.09,1.27
2022-11-21,002215,5.59,5.66,5.66,5.51,94787,53055918.1,2.69,1.43,0.08,1.2
2022-11-22,002215,5.67,5.6,5.68,5.58,80909,45553282.8,1.77,-1.06,-0.06,1.02
2022-11-23,002215,5.65,5.58,5.66,5.55,82197,45906528.8,1.96,-0.36,-0.02,1.04
2022-11-24,002215,5.58,5.6,5.65,5.56,78293,43849379.7,1.61,0.36,0.02,0.99
2022-11-25,002215,5.59,5.52,5.59,5.51,75649,41939212.8,1.43,-1.43,-0.08,0.96
2022-11-28,002215,5.49,5.47,5.5,5.41,81792,44653985.3,1.63,-0.91,-0.05,1.03
2022-11-29,002215,5.49,5.55,5.57,5.48,78855,43687414.9,1.65,1.46,0.08,1.0
2022-11-30,002215,5.55,5.56,5.59,5.54,67166,37389792.5,0.9,0.18,0.01,0.85
2022-12-01,002215,5.6,5.59,5.62,5.57,73798,41301150.0,0.9,0.54,0.03,0.93
2022-12-02,002215,5.56,5.63,5.63,5.55,65718,36891984.4,1.43,0.72,0.04,0.83
2022-12-05,002215,5.66,5.69,5.72,5.63,118830,67455441.0,1.6,1.07,0.06,1.5
2022-12-06,002215,5.69,5.71,5.74,5.65,117526,66952711.7,1.58,0.35,0.02,1.49
2022-12-07,002215,5.73,5.68,5.73,5.64,100717,57147645.1,1.58,-0.53,-0.03,1.27
2022-12-08,002215,5.68,5.68,5.75,5.64,113803,64778594.7,1.94,0.0,0.0,1.44
2022-12-09,002215,5.68,5.68,5.7,5.62,96664,54616915.0,1.41,0.0,0.0,1.22
2022-12-12,002215,5.67,5.56,5.68,5.55,108067,60389312.9,2.29,-2.11,-0.12,1.37
2022-12-13,002215,5.56,5.56,5.59,5.52,82013,45555034.2,1.26,0.0,0.0,1.04
2022-12-14,002215,5.55,5.5,5.6,5.49,81094,44846698.9,1.98,-1.08,-0.06,1.03
2022-12-15,002215,5.49,5.48,5.53,5.47,71124,39075815.8,1.09,-0.36,-0.02,0.9
2022-12-16,002215,5.45,5.41,5.49,5.39,95092,51587597.5,1.82,-1.28,-0.07,1.2
2022-12-19,002215,5.42,5.31,5.43,5.28,87592,46748245.0,2.77,-1.85,-0.1,1.11
2022-12-20,002215,5.29,5.29,5.35,5.24,62298,32957422.3,2.07,-0.38,-0.02,0.79
2022-12-21,002215,5.31,5.42,5.45,5.29,126414,68080780.2,3.02,2.46,0.13,1.6
2022-12-22,002215,5.44,5.26,5.45,5.25,93258,49700802.3,3.69,-2.95,-0.16,1.18
2022-12-23,002215,5.28,5.25,5.3,5.22,83041,43634950.8,1.52,-0.19,-0.01,1.05
2022-12-26,002215,5.32,5.35,5.39,5.29,70537,37700424.0,1.9,1.9,0.1,0.89
2022-12-27,002215,5.38,5.38,5.41,5.31,79229,42420566.1,1.87,0.56,0.03,1.0
2022-12-28,002215,5.39,5.28,5.39,5.25,67407,35781326.3,2.6,-1.86,-0.1,0.85
2022-12-29,002215,5.25,5.27,5.32,5.25,50789,26832600.2,1.33,-0.19,-0.01,0.64
2022-12-30,002215,5.31,5.27,5.31,5.24,59849,31544319.7,1.33,0.0,0.0,0.76
2023-01-03,002215,5.27,5.32,5.34,5.25,76706,40645990.0,1.71,0.95,0.05,0.97
2023-01-04,002215,5.33,5.39,5.4,5.3,116384,62420202.0,1.88,1.32,0.07,1.47
2023-01-05,002215,5.39,5.4,5.41,5.35,89277,48086417.9,1.11,0.19,0.01,1.13
2023-01-06,002215,5.41,5.39,5.43,5.37,62200,33602253.1,1.11,-0.19,-0.01,0.79
2023-01-09,002215,5.38,5.44,5.47,5.38,84053,45686096.1,1.67,0.93,0.05,1.06
2023-01-10,002215,5.46,5.37,5.46,5.33,143666,77245585.3,2.39,-1.29,-0.07,1.82
2023-01-11,002215,5.38,5.36,5.41,5.35,57281,30768497.2,1.12,-0.19,-0.01,0.72
2023-01-12,002215,5.36,5.38,5.42,5.35,75069,40426012.0,1.31,0.37,0.02,0.95
2023-01-13,002215,5.39,5.42,5.42,5.37,73489,39686779.2,0.93,0.74,0.04,0.93
2023-01-16,002215,5.43,5.47,5.48,5.4,88806,48446414.6,1.48,0.92,0.05,1.12
2023-01-17,002215,5.48,5.45,5.48,5.42,69335,37723821.4,1.1,-0.37,-0.02,0.88
2023-01-18,002215,5.45,5.45,5.49,5.43,61183,33365507.2,1.1,0.0,0.0,0.77
2023-01-19,002215,5.42,5.56,5.62,5.41,115095,63720626.7,3.85,2.02,0.11,1.46
2023-01-20,002215,5.56,5.58,5.6,5.55,67263,37496190.0,0.9,0.36,0.02,0.85
2023-01-30,002215,5.63,5.59,5.65,5.58,83959,47054154.3,1.25,0.18,0.01,1.06
2023-01-31,002215,5.6,5.61,5.62,5.56,67819,37970060.3,1.07,0.36,0.02,0.86
2023-02-01,002215,5.61,5.66,5.66,5.58,90203,50769862.0,1.43,0.89,0.05,1.14
2023-02-02,002215,5.66,5.73,5.8,5.64,224317,128432564.7,2.83,1.24,0.07,2.84
2023-02-03,002215,5.72,5.79,5.8,5.69,148242,85138075.0,1.92,1.05,0.06,1.87
2023-02-06,002215,5.76,5.74,5.78,5.73,97084,55826385.5,0.86,-0.86,-0.05,1.23
2023-02-07,002215,5.74,5.76,5.77,5.71,72179,41396866.3,1.05,0.35,0.02,0.91
2023-02-08,002215,5.77,5.92,5.93,5.72,214660,124944570.4,3.65,2.78,0.16,2.71
2023-02-09,002215,5.92,6.1,6.21,5.9,572574,347509898.0,5.24,3.04,0.18,7.24
2023-02-10,002215,6.04,6.43,6.52,6.04,734091,466372541.4,7.87,5.41,0.33,9.28
2023-02-13,002215,6.52,6.95,7.07,6.51,1143543,792430112.5,8.71,8.09,0.52,14.46
2023-02-14,002215,6.85,6.84,7.18,6.67,852522,587543468.7,7.34,-1.58,-0.11,10.78
2023-02-15,002215,6.9,6.73,6.9,6.65,470775,317121917.9,3.65,-1.61,-0.11,5.95
2023-02-16,002215,6.72,6.61,6.85,6.57,374405,251509775.2,4.16,-1.78,-0.12,4.73
2023-02-17,002215,6.61,6.6,6.7,6.55,267883,177315601.5,2.27,-0.15,-0.01,3.39
2023-02-20,002215,6.63,6.79,6.87,6.59,299054,202265595.0,4.24,2.88,0.19,3.78
2023-02-21,002215,6.8,7.33,7.34,6.78,579889,415893900.9,8.25,7.95,0.54,7.33
2023-02-22,002215,7.31,7.35,7.45,7.2,338914,248390932.7,3.41,0.27,0.02,4.29
2023-02-23,002215,7.44,7.58,7.63,7.33,461797,348484813.9,4.08,3.13,0.23,5.84
2023-02-24,002215,7.5,7.57,7.62,7.33,370712,277103094.8,3.83,-0.13,-0.01,4.69
2023-02-27,002215,7.55,7.79,7.93,7.46,456628,354993631.6,6.21,2.91,0.22,5.77
2023-02-28,002215,7.7,7.53,7.74,7.41,375730,284005266.9,4.24,-3.34,-0.26,4.75
2023-03-01,002215,7.6,7.49,7.61,7.43,240703,180167234.6,2.39,-0.53,-0.04,3.04
2023-03-02,002215,7.51,7.46,7.69,7.43,203878,153475470.6,3.47,-0.4,-0.03,2.58
2023-03-03,002215,7.5,7.46,7.69,7.42,172421,129625611.7,3.62,0.0,0.0,2.18
2023-03-06,002215,7.52,7.25,7.58,7.2,321473,235122370.0,5.09,-2.82,-0.21,4.07
2023-03-07,002215,7.24,7.0,7.27,6.99,304636,216366866.8,3.86,-3.45,-0.25,3.85
2023-03-08,002215,7.0,7.06,7.07,6.98,155893,109463122.1,1.29,0.86,0.06,1.97
2023-03-09,002215,7.07,7.12,7.32,7.01,257671,185344277.8,4.39,0.85,0.06,3.26
2023-03-10,002215,7.12,7.1,7.21,6.98,244412,173035988.5,3.23,-0.28,-0.02,3.09
2023-03-13,002215,7.09,7.15,7.25,7.06,183444,131016253.9,2.68,0.7,0.05,2.32
2023-03-14,002215,7.17,7.0,7.22,6.96,170111,119619488.4,3.64,-2.1,-0.15,2.15
2023-03-15,002215,7.08,7.29,7.32,7.05,246570,178213314.7,3.86,4.14,0.29,3.12
2023-03-16,002215,7.25,7.25,7.31,7.13,227136,164249920.0,2.47,-0.55,-0.04,2.87
2023-03-17,002215,7.25,7.33,7.55,7.23,356513,264435178.0,4.41,1.1,0.08,4.51
2023-03-20,002215,7.34,7.36,7.45,7.23,218461,160263091.9,3.0,0.41,0.03,2.76
2023-03-21,002215,7.43,8.1,8.1,7.38,593090,472265618.8,9.78,10.05,0.74,7.5
2023-03-22,002215,8.29,8.11,8.47,8.05,612836,502625401.4,5.19,0.12,0.01,7.75
2023-03-23,002215,8.2,7.91,8.22,7.83,360311,286131650.0,4.81,-2.47,-0.2,4.56
2023-03-24,002215,7.92,8.06,8.46,7.89,434382,355196441.2,7.21,1.9,0.15,5.49
2023-03-27,002215,8.03,7.25,8.03,7.25,739049,553807553.2,9.68,-10.05,-0.81,9.35
2023-03-28,002215,7.26,7.32,7.43,7.24,319555,234377869.9,2.62,0.97,0.07,4.04
2023-03-29,002215,7.31,7.48,7.73,7.26,330711,249316633.0,6.42,2.19,0.16,4.18
2023-03-30,002215,7.45,7.4,7.47,7.25,169387,124225698.2,2.94,-1.07,-0.08,2.14
2023-03-31,002215,7.42,7.4,7.54,7.33,128207,94897622.9,2.84,0.0,0.0,1.62
2023-04-03,002215,7.43,7.41,7.46,7.09,262691,192189442.5,5.0,0.14,0.01,3.32
2023-04-04,002215,7.4,7.3,7.44,7.19,169602,123537784.6,3.37,-1.48,-0.11,2.14
2023-04-06,002215,7.28,7.16,7.29,7.11,196752,141164675.7,2.47,-1.92,-0.14,2.49
2023-04-07,002215,7.16,7.37,7.46,7.12,159588,116324505.9,4.75,2.93,0.21,2.02
2023-04-10,002215,7.39,7.2,7.39,7.18,117279,85147318.4,2.85,-2.31,-0.17,1.48
2023-04-11,002215,7.16,7.22,7.36,7.16,108582,78708248.3,2.78,0.28,0.02,1.37
2023-04-12,002215,7.18,7.44,7.51,7.18,180345,133142791.6,4.57,3.05,0.22,2.28
2023-04-13,002215,7.39,7.58,7.89,7.39,256735,197005806.1,6.72,1.88,0.14,3.25
2023-04-14,002215,7.53,7.58,7.72,7.4,286959,216264934.0,4.22,0.0,0.0,3.63
2023-04-17,002215,7.58,7.38,7.7,7.29,181716,134688886.0,5.41,-2.64,-0.2,2.3
2023-04-18,002215,7.38,7.29,7.42,7.22,125138,91269959.4,2.71,-1.22,-0.09,1.58
2023-04-19,002215,7.26,7.71,7.88,7.24,528751,400630894.6,8.78,5.76,0.42,6.69
2023-04-20,002215,7.8,8.1,8.1,7.71,468634,372403270.6,5.06,5.06,0.39,5.93
2023-04-21,002215,8.05,7.6,8.19,7.55,491296,385840099.5,7.9,-6.17,-0.5,6.21
2023-04-24,002215,7.83,7.8,8.05,7.64,343925,269092887.2,5.39,2.63,0.2,4.35
2023-04-25,002215,7.81,8.03,8.1,7.53,360153,282555864.1,7.31,2.95,0.23,4.55
2023-04-26,002215,8.04,7.91,8.04,7.55,339027,265272808.3,6.1,-1.49,-0.12,4.29
2023-04-27,002215,8.45,7.57,8.45,7.4,587220,459995533.8,13.27,-4.3,-0.34,7.43
2023-04-28,002215,7.53,7.83,7.85,7.53,274744,213006972.5,4.23,3.43,0.26,3.47
2023-05-04,002215,7.82,8.4,8.46,7.73,422918,347798337.6,9.32,7.28,0.57,5.35
2023-05-05,002215,8.36,8.27,8.45,8.2,224419,186092137.1,2.98,-1.55,-0.13,2.84
2023-05-08,002215,8.22,8.67,8.72,8.13,405673,345241591.8,7.13,4.84,0.4,5.13
2023-05-09,002215,8.58,8.33,8.62,8.31,301834,254323351.0,3.58,-3.92,-0.34,3.82
2023-05-10,002215,8.3,8.36,8.47,8.08,246830,203771990.0,4.68,0.36,0.03,3.12
2023-05-11,002215,8.36,8.23,8.38,8.18,140967,116488278.8,2.39,-1.56,-0.13,1.78
2023-05-12,002215,8.25,8.15,8.42,8.14,135715,111901482.8,3.4,-0.97,-0.08,1.72
2023-05-15,002215,8.2,8.16,8.28,8.02,152779,124405500.0,3.19,0.12,0.01,1.93
2023-05-16,002215,8.19,8.08,8.32,8.01,141925,115738891.8,3.8,-0.98,-0.08,1.79
2023-05-17,002215,8.1,8.01,8.15,7.94,139457,111855334.9,2.6,-0.87,-0.07,1.76
2023-05-18,002215,8.04,7.88,8.04,7.8,211185,166390654.0,3.0,-1.62,-0.13,2.67
2023-05-19,002215,7.91,7.92,7.95,7.8,112944,89087160.6,1.9,0.51,0.04,1.43
2023-05-22,002215,7.89,7.93,8.08,7.74,153054,121341907.7,4.29,0.13,0.01,1.94
2023-05-23,002215,8.03,7.86,8.18,7.84,163995,130316897.2,4.29,-0.88,-0.07,2.07
2023-05-24,002215,7.9,7.81,7.92,7.69,124980,97495151.8,2.93,-0.64,-0.05,1.58
2023-05-25,002215,7.77,7.5,7.8,7.39,311606,234389760.9,5.25,-3.97,-0.31,3.94
2023-05-26,002215,7.5,7.52,7.65,7.42,131744,99026290.6,3.07,0.27,0.02,1.67
2023-05-29,002215,7.47,7.73,7.85,7.46,203662,157666725.9,5.19,2.79,0.21,2.58
2023-05-30,002215,7.74,7.73,7.82,7.65,131315,101425349.6,2.2,0.0,0.0,1.66
2023-05-31,002215,7.69,7.91,8.13,7.68,184680,147022056.7,5.82,2.33,0.18,2.34
2023-06-01,002215,7.94,7.87,8.0,7.85,120362,95154887.4,1.9,-0.51,-0.04,1.52
2023-06-02,002215,7.89,7.82,7.97,7.81,109359,86138932.9,2.03,-0.64,-0.05,1.38
2023-06-05,002215,7.87,7.83,7.97,7.78,103857,81586216.4,2.43,0.13,0.01,1.31
2023-06-06,002215,7.8,7.74,7.89,7.72,94774,74019443.4,2.17,-1.15,-0.09,1.2
2023-06-07,002215,7.69,7.67,7.82,7.6,101325,77943060.5,2.84,-0.9,-0.07,1.28
2023-06-08,002215,7.64,7.61,7.68,7.48,130334,98861718.7,2.61,-0.78,-0.06,1.65
2023-06-09,002215,7.6,7.73,7.84,7.57,118177,91223889.7,3.55,1.58,0.12,1.49
2023-06-12,002215,7.7,7.85,7.95,7.68,166084,130418960.5,3.49,1.55,0.12,2.1
2023-06-13,002215,7.84,7.76,7.92,7.74,111193,86789980.1,2.29,-1.15,-0.09,1.41
2023-06-14,002215,7.76,7.74,7.83,7.7,107069,83077453.8,1.68,-0.26,-0.02,1.35
2023-06-15,002215,7.75,7.5,7.78,7.43,222149,167654926.9,4.52,-3.1,-0.24,2.81
2023-06-16,002215,7.48,7.45,7.56,7.43,152225,113986710.4,1.73,-0.67,-0.05,1.93
2023-06-19,002215,7.44,7.5,7.58,7.41,129093,96901671.2,2.28,0.67,0.05,1.63
2023-06-20,002215,7.53,7.44,7.65,7.44,109531,82442348.2,2.8,-0.8,-0.06,1.38
2023-06-21,002215,7.42,7.3,7.48,7.3,115920,85386324.9,2.42,-1.88,-0.14,1.47
2023-06-26,002215,7.3,7.12,7.38,7.1,176160,126873602.9,3.84,-2.47,-0.18,2.23
2023-06-27,002215,7.12,7.39,7.41,7.1,164075,120368512.8,4.35,3.79,0.27,2.07
2023-06-28,002215,7.38,7.32,7.4,7.18,122740,89356639.1,2.98,-0.95,-0.07,1.55
2023-06-29,002215,7.34,7.38,7.44,7.28,94680,69891715.6,2.19,0.82,0.06,1.2
2023-06-30,002215,7.39,7.51,7.58,7.37,125293,94123731.7,2.85,1.76,0.13,1.58
2023-07-03,002215,7.52,7.53,7.61,7.48,116872,88175203.6,1.73,0.27,0.02,1.48
2023-07-04,002215,7.5,7.44,7.56,7.41,81774,60985347.8,1.99,-1.2,-0.09,1.03
2023-07-05,002215,7.45,7.36,7.47,7.35,69735,51581826.3,1.61,-1.08,-0.08,0.88
2023-07-06,002215,7.35,7.3,7.4,7.27,91157,66730607.1,1.77,-0.82,-0.06,1.15
2023-07-07,002215,7.27,7.32,7.36,7.2,100034,72897063.5,2.19,0.27,0.02,1.26
2023-07-10,002215,7.32,7.38,7.41,7.26,63158,46501957.7,2.05,0.82,0.06,0.8
2023-07-11,002215,7.42,7.38,7.42,7.3,75653,55632312.0,1.63,0.0,0.0,0.96
2023-07-12,002215,7.39,7.3,7.41,7.29,73240,53660906.0,1.63,-1.08,-0.08,0.93
2023-07-13,002215,7.32,7.3,7.35,7.24,66992,48879924.2,1.51,0.0,0.0,0.85
2023-07-14,002215,7.29,7.31,7.41,7.29,91405,67193354.1,1.64,0.14,0.01,1.15
2023-07-17,002215,7.27,7.21,7.27,7.02,149801,107204918.0,3.42,-1.37,-0.1,1.89
2023-07-18,002215,7.25,7.4,7.47,7.21,141518,103988277.8,3.61,2.64,0.19,1.78
2023-07-19,002215,7.41,7.34,7.46,7.28,85066,62590559.0,2.43,-0.81,-0.06,1.07
2023-07-20,002215,7.35,7.23,7.46,7.21,131459,96484912.3,3.41,-1.5,-0.11,1.66
2023-07-21,002215,7.27,7.12,7.32,7.1,121783,87430807.0,3.04,-1.52,-0.11,1.54
2023-07-24,002215,7.12,7.12,7.18,7.07,121386,86461954.7,1.54,0.0,0.0,1.53
2023-07-25,002215,7.15,7.12,7.28,7.11,110017,78931843.8,2.39,0.0,0.0,1.39
2023-07-26,002215,7.15,7.05,7.18,7.0,125828,88997114.0,2.53,-0.98,-0.07,1.59
2023-07-27,002215,7.05,6.98,7.07,6.95,85154,59665488.2,1.7,-0.99,-0.07,1.07
2023-07-28,002215,6.93,7.01,7.04,6.91,71925,50210470.0,1.86,0.43,0.03,0.91
2023-07-31,002215,7.01,7.09,7.12,6.96,128707,90905304.8,2.28,1.14,0.08,1.62
2023-08-01,002215,7.06,7.13,7.24,7.01,185568,132122013.1,3.24,0.56,0.04,2.34
2023-08-02,002215,7.16,6.88,7.32,6.88,303033,212262116.0,6.17,-3.51,-0.25,3.82
2023-08-03,002215,6.88,6.85,6.92,6.77,148257,101323114.2,2.18,-0.44,-0.03,1.87
2023-08-04,002215,6.88,6.84,6.97,6.83,124215,85574317.0,2.04,-0.15,-0.01,1.57
2023-08-07,002215,6.63,6.89,6.98,6.62,219182,149708034.4,5.26,0.73,0.05,2.76
2023-08-08,002215,6.87,6.77,6.88,6.75,102150,69281951.5,1.89,-1.74,-0.12,1.29
2023-08-09,002215,6.76,6.75,6.83,6.71,98538,66751179.0,1.77,-0.3,-0.02,1.24
2023-08-10,002215,6.72,6.79,6.81,6.69,74703,50461362.7,1.78,0.59,0.04,0.94
2023-08-11,002215,6.77,6.7,6.84,6.69,78761,53308095.5,2.21,-1.33,-0.09,0.99
2023-08-14,002215,6.65,6.7,6.73,6.61,85766,57214248.9,1.79,0.0,0.0,1.08
2023-08-15,002215,6.7,6.73,6.76,6.64,70478,47279429.0,1.79,0.45,0.03,0.89
2023-08-16,002215,6.7,6.64,6.71,6.62,69416,46227809.0,1.34,-1.34,-0.09,0.88
2023-08-17,002215,6.61,6.68,6.71,6.57,96413,63983448.0,2.11,0.6,0.04,1.22
2023-08-18,002215,6.68,6.52,6.72,6.52,90429,59807987.3,2.99,-2.4,-0.16,1.14
2023-08-21,002215,6.52,6.45,6.61,6.42,119843,78234580.4,2.91,-1.07,-0.07,1.51
2023-08-22,002215,6.46,6.49,6.57,6.37,124967,80654593.0,3.1,0.62,0.04,1.58
2023-08-23,002215,6.46,6.38,6.52,6.37,70355,45241365.0,2.31,-1.69,-0.11,0.89
2023-08-24,002215,6.25,6.19,6.27,6.03,301365,186557935.4,3.76,-2.98,-0.19,3.8
2023-08-25,002215,6.2,6.29,6.43,6.17,229267,145189207.2,4.2,1.62,0.1,2.89
2023-08-28,002215,6.62,6.33,6.73,6.31,238555,154933050.0,6.68,0.64,0.04,3.01
2023-08-29,002215,6.31,6.54,6.6,6.31,189258,122541674.7,4.58,3.32,0.21,2.39
2023-08-30,002215,6.54,6.6,6.67,6.52,142933,94280996.6,2.29,0.92,0.06,1.8
2023-08-31,002215,6.6,6.63,6.72,6.58,144440,95982210.4,2.12,0.45,0.03,1.82
2023-09-01,002215,6.67,6.67,6.72,6.64,125220,83594755.0,1.21,0.6,0.04,1.58
2023-09-04,002215,6.72,6.83,6.84,6.67,134905,91325657.8,2.55,2.4,0.16,1.7
2023-09-05,002215,6.81,6.76,6.84,6.73,90226,61039062.2,1.61,-1.02,-0.07,1.14
2023-09-06,002215,6.73,6.8,6.83,6.71,78761,53387876.5,1.78,0.59,0.04,0.99
2023-09-07,002215,6.78,6.71,6.83,6.7,91523,61833976.0,1.91,-1.32,-0.09,1.15
2023-09-08,002215,6.7,6.76,6.8,6.68,77045,51937705.0,1.79,0.75,0.05,0.97
2023-09-11,002215,6.8,6.86,6.93,6.74,98304,67449848.0,2.81,1.48,0.1,1.24
2023-09-12,002215,6.85,7.02,7.04,6.83,131186,91327588.8,3.06,2.33,0.16,1.65
2023-09-13,002215,7.0,7.0,7.06,6.91,112499,78571521.0,2.14,-0.28,-0.02,1.42
2023-09-14,002215,6.98,7.03,7.09,6.95,109437,76873401.5,2.0,0.43,0.03,1.38
2023-09-15,002215,7.03,7.13,7.2,7.0,252655,180358881.0,2.84,1.42,0.1,3.18
2023-09-18,002215,7.13,7.3,7.33,7.1,200133,145262079.4,3.23,2.38,0.17,2.52
2023-09-19,002215,7.32,7.33,7.42,7.27,149916,109696858.3,2.05,0.41,0.03,1.89
2023-09-20,002215,7.34,7.16,7.35,7.11,329676,237350591.7,3.27,-2.32,-0.17,4.15
2023-09-21,002215,7.19,7.12,7.19,7.08,140970,100481653.8,1.54,-0.56,-0.04,1.78
2023-09-22,002215,7.1,7.17,7.19,7.03,105616,75145290.7,2.25,0.7,0.05,1.33
2023-09-25,002215,7.15,7.2,7.23,7.05,115076,82506256.6,2.51,0.42,0.03,1.45
2023-09-26,002215,7.18,7.15,7.2,7.11,76264,54535933.4,1.25,-0.69,-0.05,0.96
2023-09-27,002215,7.11,7.31,7.38,7.11,124812,90898947.2,3.78,2.24,0.16,1.57
2023-09-28,002215,7.31,7.35,7.4,7.27,130923,96117130.4,1.78,0.55,0.04,1.65
2023-10-09,002215,7.4,7.23,7.43,7.21,113519,82435194.4,2.99,-1.63,-0.12,1.43
2023-10-10,002215,7.23,7.25,7.33,7.18,103540,75078327.0,2.07,0.28,0.02,1.3
2023-10-11,002215,7.23,7.28,7.44,7.21,134734,98653020.6,3.17,0.41,0.03,1.7
2023-10-12,002215,7.29,7.3,7.35,7.24,74309,54209966.7,1.51,0.27,0.02,0.94
2023-10-13,002215,7.27,7.21,7.32,7.16,69026,49863776.1,2.19,-1.23,-0.09,0.87
2023-10-16,002215,7.21,7.22,7.34,7.18,112584,81532762.6,2.22,0.14,0.01,1.42
2023-10-17,002215,7.26,7.24,7.3,7.19,110496,79981204.0,1.52,0.28,0.02,1.39
2023-10-18,002215,7.25,7.11,7.29,7.1,98884,71121571.3,2.62,-1.8,-0.13,1.25
2023-10-19,002215,7.1,7.1,7.18,7.06,79733,56730436.6,1.69,-0.14,-0.01,1.0
2023-10-20,002215,7.08,7.06,7.17,7.04,77043,54656839.5,1.83,-0.56,-0.04,0.97
2023-10-23,002215,7.07,6.92,7.09,6.88,107414,74752618.5,2.97,-1.98,-0.14,1.35
2023-10-24,002215,6.93,7.22,7.23,6.93,116033,82934241.0,4.34,4.34,0.3,1.46
2023-10-25,002215,7.23,7.39,7.48,7.23,130935,96650184.1,3.46,2.35,0.17,1.65
2023-10-26,002215,7.42,7.44,7.51,7.31,134495,99748783.4,2.71,0.68,0.05,1.69
2023-10-27,002215,7.49,7.44,7.53,7.4,100659,75089729.0,1.75,0.0,0.0,1.27
2023-10-30,002215,7.45,7.57,7.86,7.45,249204,190441874.0,5.51,1.75,0.13,3.14
2023-10-31,002215,7.53,7.51,7.63,7.44,105154,79293451.1,2.51,-0.79,-0.06,1.32
2023-11-01,002215,7.58,7.57,7.66,7.52,83307,63150194.9,1.86,0.8,0.06,1.05
2023-11-02,002215,7.57,7.74,7.82,7.51,174352,134347827.8,4.1,2.25,0.17,2.2
2023-11-03,002215,7.74,7.9,8.02,7.67,184740,145623696.5,4.52,2.07,0.16,2.33
2023-11-06,002215,7.9,7.95,7.97,7.73,156130,122885345.2,3.04,0.63,0.05,1.97
2023-11-07,002215,7.92,8.07,8.2,7.88,156135,125887427.4,4.03,1.51,0.12,1.97
2023-11-08,002215,8.07,8.1,8.36,8.06,235597,192790761.9,3.72,0.37,0.03,2.97
2023-11-09,002215,8.09,8.06,8.17,8.01,139835,112960177.3,1.98,-0.49,-0.04,1.76
2023-11-10,002215,8.09,8.04,8.21,7.95,171376,137927796.6,3.23,-0.25,-0.02,2.16
2023-11-13,002215,8.05,8.09,8.12,7.96,120569,97040026.6,1.99,0.62,0.05,1.52
2023-11-14,002215,8.07,8.07,8.13,8.03,90849,73417807.2,1.24,-0.25,-0.02,1.14
2023-11-15,002215,8.13,8.0,8.19,7.95,180811,144823597.0,2.97,-0.87,-0.07,2.28
2023-11-16,002215,8.03,8.06,8.12,8.0,109158,87973041.1,1.5,0.75,0.06,1.37
2023-11-17,002215,8.08,8.36,8.42,8.01,209459,173399280.1,5.09,3.72,0.3,2.64
2023-11-20,002215,8.5,8.37,8.5,8.14,195145,161928396.6,4.31,0.12,0.01,2.46
2023-11-21,002215,8.44,8.39,8.49,8.31,115169,96729115.7,2.15,0.24,0.02,1.45
2023-11-22,002215,8.44,8.83,9.09,8.44,421098,371773460.7,7.75,5.24,0.44,5.3
2023-11-23,002215,8.87,8.95,9.0,8.8,247696,221089145.1,2.27,1.36,0.12,3.12
2023-11-24,002215,8.95,8.75,9.0,8.65,220085,193187970.1,3.91,-2.23,-0.2,2.77
2023-11-27,002215,8.7,8.94,9.03,8.7,289328,258138380.4,3.77,2.17,0.19,3.64
2023-11-28,002215,8.98,9.05,9.32,8.95,293657,267436217.5,4.14,1.23,0.11,3.7
2023-11-29,002215,9.05,9.12,9.15,8.99,131631,119534944.0,1.77,0.77,0.07,1.66
2023-11-30,002215,9.08,9.07,9.18,9.01,164355,149139475.0,1.86,-0.55,-0.05,2.07
2023-12-01,002215,9.12,9.07,9.25,9.03,150674,137253516.8,2.43,0.0,0.0,1.9
2023-12-04,002215,9.08,8.97,9.17,8.93,151589,136398569.0,2.65,-1.1,-0.1,1.91
2023-12-05,002215,8.96,8.85,8.98,8.83,128287,114250853.5,1.67,-1.34,-0.12,1.62
2023-12-06,002215,8.87,9.22,9.26,8.86,264933,241080481.2,4.52,4.18,0.37,3.34
2023-12-07,002215,9.23,9.21,9.44,9.18,166758,154994863.4,2.82,-0.11,-0.01,2.1
2023-12-08,002215,9.24,9.11,9.25,9.02,180576,164177275.1,2.5,-1.09,-0.1,2.27
2023-12-11,002215,9.11,9.3,9.3,9.03,157090,144434095.8,2.96,2.09,0.19,1.98
2023-12-12,002215,9.3,9.45,9.5,9.17,151747,142364873.7,3.55,1.61,0.15,1.91
2023-12-13,002215,9.45,9.5,9.69,9.42,176055,168319826.5,2.86,0.53,0.05,2.22
2023-12-14,002215,9.5,9.28,9.56,9.24,142144,132627436.8,3.37,-2.32,-0.22,1.79
2023-12-15,002215,9.27,9.05,9.33,9.05,144571,131681808.6,3.02,-2.48,-0.23,1.82
2023-12-18,002215,9.03,8.25,9.03,8.15,682530,572333487.2,9.72,-8.84,-0.8,8.6
2023-12-19,002215,8.3,8.38,8.44,7.96,342927,283797774.7,5.82,1.58,0.13,4.32
2023-12-20,002215,8.46,8.14,8.5,8.1,278188,229643236.4,4.77,-2.86,-0.24,3.5
2023-12-21,002215,8.26,8.13,8.26,8.02,207852,169083923.8,2.95,-0.12,-0.01,2.62
2023-12-22,002215,8.21,7.9,8.21,7.86,244888,195185028.9,4.31,-2.83,-0.23,3.08
2023-12-25,002215,7.89,7.85,8.0,7.8,148522,116977246.4,2.53,-0.63,-0.05,1.87
2023-12-26,002215,7.82,7.69,7.84,7.62,158932,122632028.9,2.8,-2.04,-0.16,2.0
2023-12-27,002215,7.71,8.06,8.2,7.69,225162,179456995.1,6.63,4.81,0.37,2.84
2023-12-28,002215,8.07,8.04,8.14,7.95,183486,147579814.9,2.36,-0.25,-0.02,2.31
2023-12-29,002215,8.02,8.26,8.37,7.93,181590,149643805.7,5.47,2.74,0.22,2.29
2024-01-02,002215,8.25,8.51,8.62,8.21,213821,181602759.8,4.96,3.03,0.25,2.69
2024-01-03,002215,8.47,8.31,8.55,8.26,137580,114965031.7,3.41,-2.35,-0.2,1.73
2024-01-04,002215,8.25,8.31,8.42,8.25,94351,78485259.1,2.05,0.0,0.0,1.19
2024-01-05,002215,8.33,8.17,8.35,8.13,97993,80578495.0,2.65,-1.68,-0.14,1.23
2024-01-08,002215,8.2,8.05,8.24,8.0,106200,86094860.0,2.94,-1.47,-0.12,1.34
2024-01-09,002215,8.02,7.93,8.16,7.82,131720,104896514.2,4.22,-1.49,-0.12,1.66
2024-01-10,002215,7.91,7.95,8.02,7.78,110863,87820224.4,3.03,0.25,0.02,1.4
2024-01-11,002215,7.93,8.07,8.11,7.89,70819,56892032.3,2.77,1.51,0.12,0.89
2024-01-12,002215,8.1,7.88,8.1,7.86,90112,71609420.0,2.97,-2.35,-0.19,1.13
2024-01-15,002215,7.91,7.89,8.01,7.84,89661,71089546.0,2.16,0.13,0.01,1.13
2024-01-16,002215,7.91,7.77,7.91,7.69,99497,77290945.7,2.79,-1.52,-0.12,1.25
2024-01-17,002215,7.82,7.57,7.82,7.53,82868,63630981.2,3.73,-2.57,-0.2,1.04
2024-01-18,002215,7.5,7.29,7.54,6.9,374561,268736259.5,8.45,-3.7,-0.28,4.72
2024-01-19,002215,7.29,7.3,7.45,7.25,129908,95262065.0,2.74,0.14,0.01,1.64
2024-01-22,002215,7.25,6.86,7.3,6.82,203720,143155036.7,6.58,-6.03,-0.44,2.57
2024-01-23,002215,6.86,6.9,6.97,6.74,160161,109805242.7,3.35,0.58,0.04,2.02
2024-01-24,002215,6.95,7.03,7.16,6.78,118349,82555747.0,5.51,1.88,0.13,1.49
2024-01-25,002215,7.03,7.28,7.29,7.02,158806,114515753.2,3.84,3.56,0.25,2.0
2024-01-26,002215,7.29,7.42,7.53,7.22,181828,134610184.1,4.26,1.92,0.14,2.29
2024-01-29,002215,7.43,7.56,7.7,7.37,284673,215030123.2,4.45,1.89,0.14,3.59
2024-01-30,002215,7.46,7.33,7.53,7.32,202718,150606283.2,2.78,-3.04,-0.23,2.55
2024-01-31,002215,7.3,7.1,7.42,7.03,163207,117479002.3,5.32,-3.14,-0.23,2.06
2024-02-01,002215,7.02,6.98,7.24,6.9,149830,105844450.6,4.79,-1.69,-0.12,1.89
2024-02-02,002215,7.0,6.7,7.22,6.49,256129,174810759.8,10.46,-4.01,-0.28,3.23
2024-02-05,002215,6.64,6.03,6.69,6.03,417633,257728969.1,9.85,-10.0,-0.67,5.26
2024-02-06,002215,5.86,6.4,6.54,5.65,331233,202998343.4,14.76,6.14,0.37,4.17
2024-02-07,002215,6.46,6.74,6.94,6.35,306967,206486072.7,9.22,5.31,0.34,3.87
2024-02-08,002215,6.75,7.15,7.27,6.73,284287,199994188.1,8.01,6.08,0.41,3.58
2024-02-19,002215,7.25,7.08,7.3,7.0,223433,159638978.9,4.2,-0.98,-0.07,2.81
2024-02-20,002215,7.05,7.27,7.35,6.98,192232,138005927.5,5.23,2.68,0.19,2.42
2024-02-21,002215,7.25,7.27,7.59,7.15,188057,138343025.5,6.05,0.0,0.0,2.37
2024-02-22,002215,7.27,7.53,7.53,7.23,163662,121333491.1,4.13,3.58,0.26,2.06
2024-02-23,002215,7.63,7.78,7.83,7.5,241028,184803759.8,4.38,3.32,0.25,3.04
2024-02-26,002215,7.73,7.9,7.97,7.69,197067,154233708.2,3.6,1.54,0.12,2.48
2024-02-27,002215,7.88,8.14,8.23,7.81,230722,187304927.1,5.32,3.04,0.24,2.91
2024-02-28,002215,8.17,7.73,8.19,7.68,268923,214110050.0,6.27,-5.04,-0.41,3.39
2024-02-29,002215,7.66,7.92,8.02,7.65,217184,171225090.4,4.79,2.46,0.19,2.74
2024-03-01,002215,7.86,8.44,8.45,7.86,312160,254892574.9,7.45,6.57,0.52,3.93
2024-03-04,002215,8.43,8.47,8.53,8.22,231386,193457451.7,3.67,0.36,0.03,2.91
2024-03-05,002215,8.41,8.2,8.47,8.15,190464,157432970.2,3.78,-3.19,-0.27,2.4
2024-03-06,002215,8.2,8.2,8.3,8.06,126105,103187234.1,2.93,0.0,0.0,1.59
2024-03-07,002215,8.2,8.17,8.52,8.16,146071,121590766.9,4.39,-0.37,-0.03,1.84
2024-03-08,002215,8.2,8.25,8.42,8.13,118417,98206250.4,3.55,0.98,0.08,1.49
2024-03-11,002215,8.25,8.59,8.6,8.25,239273,203413983.1,4.24,4.12,0.34,3.01
2024-03-12,002215,8.59,8.49,8.67,8.45,130205,110983425.2,2.56,-1.16,-0.1,1.64
2024-03-13,002215,8.5,8.93,9.02,8.43,280932,247470140.8,6.95,5.18,0.44,3.54
2024-03-14,002215,8.87,9.3,9.4,8.87,364432,336042091.6,5.94,4.14,0.37,4.59
2024-03-15,002215,9.35,9.45,9.48,9.22,271336,253471431.0,2.8,1.61,0.15,3.42
2024-03-18,002215,9.3,9.47,9.5,9.3,258653,243525526.6,2.12,0.21,0.02,3.26
2024-03-19,002215,9.48,9.49,9.68,9.41,201304,191817999.4,2.85,0.21,0.02,2.54
2024-03-20,002215,9.4,9.37,9.45,9.15,317583,295127695.8,3.16,-1.26,-0.12,4.0
2024-03-21,002215,9.36,9.71,9.85,9.36,241887,233166829.5,5.23,3.63,0.34,3.05
2024-03-22,002215,9.68,9.59,9.79,9.41,174526,167044232.4,3.91,-1.24,-0.12,2.2
2024-03-25,002215,9.69,9.77,10.04,9.53,303217,298867782.0,5.32,1.88,0.18,3.82
2024-03-26,002215,9.85,9.13,9.89,8.84,627523,577398971.4,10.75,-6.55,-0.64,7.9
2024-03-27,002215,9.13,8.8,9.24,8.76,333562,296849728.7,5.26,-3.61,-0.33,4.2
2024-03-28,002215,8.78,9.12,9.28,8.78,250114,227164802.6,5.68,3.64,0.32,3.15
2024-03-29,002215,9.13,9.25,9.29,8.96,193388,176100978.3,3.62,1.43,0.13,2.44
2024-04-01,002215,9.1,8.58,9.1,8.33,977297,834044749.3,8.32,-7.24,-0.67,12.31
2024-04-02,002215,8.73,8.35,8.78,8.2,638638,536665493.0,6.76,-2.68,-0.23,8.04
2024-04-03,002215,8.25,8.22,8.28,8.11,335552,274861622.6,2.04,-1.56,-0.13,4.23
2024-04-08,002215,8.18,8.1,8.35,8.08,341936,279942778.8,3.28,-1.46,-0.12,4.31
2024-04-09,002215,8.08,8.15,8.18,8.02,224456,181911296.0,1.98,0.62,0.05,2.83
2024-04-10,002215,8.1,7.86,8.13,7.82,296937,235848963.8,3.8,-3.56,-0.29,3.74
2024-04-11,002215,7.83,7.86,7.99,7.8,183199,144916465.5,2.42,0.0,0.0,2.31
2024-04-12,002215,7.85,7.77,7.92,7.75,182777,143400205.4,2.16,-1.15,-0.09,2.3
2024-04-15,002215,7.79,7.64,7.89,7.52,304408,234052961.6,4.76,-1.67,-0.13,3.83
2024-04-16,002215,7.63,7.27,7.65,7.19,399315,293738455.8,6.02,-4.84,-0.37,5.03
2024-04-17,002215,7.31,7.67,7.67,7.31,240636,182139285.5,4.95,5.5,0.4,3.03
2024-04-18,002215,7.62,7.62,7.72,7.56,202592,154723676.3,2.09,-0.65,-0.05,2.55
2024-04-19,002215,7.6,7.85,7.9,7.57,245691,192030150.6,4.33,3.02,0.23,3.09
2024-04-22,002215,7.77,7.81,7.91,7.68,199560,155824715.0,2.93,-0.51,-0.04,2.51
2024-04-23,002215,7.82,7.78,7.85,7.74,140685,109492560.8,1.41,-0.38,-0.03,1.77
2024-04-24,002215,7.79,7.85,7.88,7.72,181267,141324247.8,2.06,0.9,0.07,2.28
2024-04-25,002215,7.89,8.03,8.12,7.84,254967,203907495.1,3.57,2.29,0.18,3.21
2024-04-26,002215,7.96,8.02,8.04,7.85,282688,225256035.7,2.37,-0.12,-0.01,3.56
2024-04-29,002215,8.19,8.5,8.56,8.07,606971,504282544.4,6.11,5.99,0.48,7.64
2024-04-30,002215,8.49,8.91,9.04,8.49,623593,550329993.6,6.47,4.82,0.41,7.85
2024-05-06,002215,9.02,9.16,9.28,8.86,558507,508160597.3,4.71,2.81,0.25,7.03
2024-05-07,002215,9.11,9.04,9.22,8.79,454926,408732884.6,4.69,-1.31,-0.12,5.73
2024-05-08,002215,9.07,8.83,9.1,8.78,291830,260539721.0,3.54,-2.32,-0.21,3.68
2024-05-09,002215,8.79,8.83,8.98,8.79,236158,209665007.6,2.15,0.0,0.0,2.97
2024-05-10,002215,8.81,8.73,8.86,8.68,194726,170399493.3,2.04,-1.13,-0.1,2.45
2024-05-13,002215,8.71,8.73,8.76,8.58,181609,157730332.3,2.06,0.0,0.0,2.29
2024-05-14,002215,8.66,8.58,8.75,8.56,210540,181979192.8,2.18,-1.72,-0.15,2.65
2024-05-15,002215,8.6,8.59,8.68,8.44,171929,147356304.8,2.8,0.12,0.01,2.17
2024-05-16,002215,8.6,8.58,8.75,8.53,227642,196668488.0,2.56,-0.12,-0.01,2.87
2024-05-17,002215,8.55,8.54,8.62,8.4,171105,145213373.0,2.56,-0.47,-0.04,2.15
2024-05-20,002215,8.55,8.66,8.67,8.5,206477,177430707.0,1.99,1.41,0.12,2.6
2024-05-21,002215,8.66,8.6,8.72,8.56,156357,135002514.0,1.85,-0.69,-0.06,1.97
2024-05-22,002215,8.6,8.63,8.8,8.55,185608,160831751.7,2.91,0.35,0.03,2.34
2024-05-23,002215,8.61,8.3,8.63,8.27,215037,180051624.0,4.17,-3.82,-0.33,2.71
2024-05-24,002215,8.36,8.22,8.39,8.2,120511,100030215.4,2.29,-0.96,-0.08,1.52
2024-05-27,002215,8.23,8.41,8.41,8.2,144551,120337290.3,2.55,2.31,0.19,1.82
2024-05-28,002215,8.41,8.31,8.52,8.3,133547,112615736.0,2.62,-1.19,-0.1,1.68
2024-05-29,002215,8.34,8.3,8.4,8.22,111369,92406989.5,2.17,-0.12,-0.01,1.4
2024-05-30,002215,8.32,8.27,8.46,8.25,98137,81830124.0,2.53,-0.36,-0.03,1.24
2024-05-31,002215,8.28,8.17,8.33,8.12,194545,159304872.6,2.54,-1.21,-0.1,2.45
2024-06-03,002215,8.11,8.1,8.2,8.02,146005,118172021.9,2.2,-0.86,-0.07,1.84
2024-06-04,002215,8.1,8.18,8.2,8.01,135848,110234893.0,2.35,0.99,0.08,1.71
2024-06-05,002215,8.11,8.03,8.2,8.03,119331,96829776.8,2.08,-1.83,-0.15,1.5
2024-06-06,002215,8.03,7.89,8.11,7.83,157249,124841283.1,3.49,-1.74,-0.14,1.98
2024-06-07,002215,7.82,7.92,7.95,7.79,125275,98656580.6,2.03,0.38,0.03,1.58
2024-06-11,002215,7.86,7.89,7.94,7.8,130580,102835847.4,1.77,-0.38,-0.03,1.64
2024-06-12,002215,7.94,8.02,8.12,7.9,133715,107529201.0,2.79,1.65,0.13,1.68
2024-06-13,002215,8.0,7.84,8.04,7.76,161621,126648115.4,3.49,-2.24,-0.18,2.04
2024-06-14,002215,7.83,7.92,7.92,7.78,113178,88836917.9,1.79,1.02,0.08,1.43
2024-06-17,002215,7.84,7.81,7.93,7.78,116961,91665902.0,1.89,-1.39,-0.11,1.47
2024-06-18,002215,7.82,7.87,7.9,7.78,81348,63875515.2,1.54,0.77,0.06,1.02
2024-06-19,002215,7.91,7.8,7.92,7.77,99504,77773080.1,1.91,-0.89,-0.07,1.25
2024-06-20,002215,7.75,7.66,7.86,7.65,102187,79057472.9,2.69,-1.79,-0.14,1.29
2024-06-21,002215,7.66,7.67,7.79,7.64,74269,57266634.6,1.96,0.13,0.01,0.94
2024-06-24,002215,7.64,7.39,7.66,7.39,136443,102152079.8,3.52,-3.65,-0.28,1.72
2024-06-25,002215,7.44,7.47,7.56,7.39,116448,87207720.8,2.3,1.08,0.08,1.47
2024-06-26,002215,7.47,7.67,7.69,7.41,93674,70679927.0,3.75,2.68,0.2,1.18
2024-06-27,002215,7.63,7.49,7.71,7.48,103770,78381420.6,3.0,-2.35,-0.18,1.31
2024-06-28,002215,7.5,7.45,7.6,7.44,89413,67244520.0,2.14,-0.53,-0.04,1.13
2024-07-01,002215,7.46,7.62,7.63,7.45,116533,87843619.0,2.42,2.28,0.17,1.47
2024-07-02,002215,7.64,7.49,7.64,7.48,89725,67570225.0,2.1,-1.71,-0.13,1.13
2024-07-03,002215,7.48,7.38,7.55,7.38,88646,65928868.0,2.27,-1.47,-0.11,1.12
2024-07-04,002215,7.41,7.27,7.46,7.21,93654,68768622.0,3.39,-1.49,-0.11,1.18
2024-07-05,002215,7.27,7.37,7.4,7.23,91393,66964744.0,2.34,1.38,0.1,1.15
2024-07-08,002215,7.31,7.14,7.37,7.11,113402,81569115.6,3.53,-3.12,-0.23,1.43
2024-07-09,002215,7.14,7.26,7.28,7.04,107572,77155316.0,3.36,1.68,0.12,1.35
2024-07-10,002215,7.23,7.3,7.39,7.23,88577,64885762.0,2.2,0.55,0.04,1.12
2024-07-11,002215,7.4,7.57,7.57,7.37,121066,90662149.2,2.74,3.7,0.27,1.52
2024-07-12,002215,7.42,7.2,7.42,7.01,376636,271093798.0,5.42,-4.89,-0.37,4.74
2024-07-15,002215,7.15,7.11,7.22,7.08,186105,132519309.6,1.94,-1.25,-0.09,2.34
2024-07-16,002215,7.11,7.16,7.2,7.09,131641,93983575.5,1.55,0.7,0.05,1.66
2024-07-17,002215,7.14,7.03,7.14,6.98,138195,97302971.1,2.23,-1.82,-0.13,1.74
2024-07-18,002215,6.98,7.02,7.03,6.84,122128,84662320.6,2.7,-0.14,-0.01,1.54
2024-07-19,002215,6.98,6.97,7.07,6.95,98133,68698166.8,1.71,-0.71,-0.05,1.24
2024-07-22,002215,6.98,6.85,6.98,6.81,125616,86054104.5,2.44,-1.72,-0.12,1.58
2024-07-23,002215,6.85,6.75,6.89,6.75,109635,74787683.3,2.04,-1.46,-0.1,1.38
2024-07-24,002215,6.7,6.62,6.76,6.61,118799,79212898.7,2.22,-1.93,-0.13,1.5
2024-07-25,002215,6.55,6.57,6.69,6.52,117024,77056385.0,2.57,-0.76,-0.05,1.47
2024-07-26,002215,6.57,6.75,6.76,6.56,97652,65490613.4,3.04,2.74,0.18,1.23
2024-07-29,002215,6.75,6.68,6.75,6.64,72371,48311843.2,1.63,-1.04,-0.07,0.91
2024-07-30,002215,6.67,6.62,6.67,6.55,89136,58823413.7,1.8,-0.9,-0.06,1.12
2024-07-31,002215,6.61,6.93,6.93,6.6,184254,125625885.2,4.98,4.68,0.31,2.32
2024-08-01,002215,6.94,6.81,7.07,6.8,162526,112125405.0,3.9,-1.73,-0.12,2.05
2024-08-02,002215,6.77,6.66,6.79,6.63,169037,113343810.0,2.35,-2.2,-0.15,2.13
2024-08-05,002215,6.61,6.53,6.7,6.51,153878,101556193.3,2.85,-1.95,-0.13,1.94
2024-08-06,002215,6.59,6.65,6.7,6.57,116897,77400792.6,1.99,1.84,0.12,1.47
2024-08-07,002215,6.64,6.68,6.73,6.62,91889,61441221.0,1.65,0.45,0.03,1.16
2024-08-08,002215,6.67,6.87,6.88,6.66,159153,107879428.3,3.29,2.84,0.19,2.0
2024-08-09,002215,6.94,6.79,6.96,6.77,125689,86199974.0,2.77,-1.16,-0.08,1.58
2024-08-12,002215,6.78,6.73,6.78,6.69,72330,48605829.0,1.33,-0.88,-0.06,0.91
2024-08-13,002215,6.73,6.78,6.78,6.68,56890,38335343.0,1.49,0.74,0.05,0.72
2024-08-14,002215,6.75,6.6,6.79,6.57,136924,90763199.0,3.24,-2.65,-0.18,1.72
2024-08-15,002215,6.58,6.63,6.71,6.55,107326,71304208.8,2.42,0.45,0.03,1.35
2024-08-16,002215,6.66,6.54,6.67,6.54,99442,65525684.6,1.96,-1.36,-0.09,1.25
2024-08-19,002215,6.56,6.54,6.6,6.51,88688,58070944.4,1.38,0.0,0.0,1.12
2024-08-20,002215,6.55,6.4,6.58,6.34,121937,78450912.4,3.67,-2.14,-0.14,1.54
2024-08-21,002215,6.37,6.37,6.43,6.35,56796,36296545.5,1.25,-0.47,-0.03,0.72
2024-08-22,002215,6.39,6.34,6.42,6.33,69787,44466315.0,1.41,-0.47,-0.03,0.88
2024-08-23,002215,6.34,6.33,6.42,6.29,91203,57781755.2,2.05,-0.16,-0.01,1.15
2024-08-26,002215,6.37,6.51,6.51,6.36,101963,65867757.3,2.37,2.84,0.18,1.28
2024-08-27,002215,6.53,6.54,6.58,6.47,96488,63106212.0,1.69,0.46,0.03,1.22
2024-08-28,002215,6.55,7.0,7.07,6.51,360716,247718564.2,8.56,7.03,0.46,4.54
2024-08-29,002215,6.93,7.31,7.34,6.82,404200,288948081.2,7.43,4.43,0.31,5.09
2024-08-30,002215,7.31,7.24,7.35,7.2,277434,201745679.0,2.05,-0.96,-0.07,3.49
2024-09-02,002215,7.27,7.45,7.55,7.26,334583,247555984.2,4.01,2.9,0.21,4.21
2024-09-03,002215,7.4,7.59,7.6,7.38,221610,166673735.6,2.95,1.88,0.14,2.79
2024-09-04,002215,7.51,7.51,7.69,7.48,208906,158044164.8,2.77,-1.05,-0.08,2.63
2024-09-05,002215,7.48,7.54,7.56,7.46,133038,99968544.1,1.33,0.4,0.03,1.68
2024-09-06,002215,7.63,7.59,7.87,7.56,217410,167565996.7,4.11,0.66,0.05,2.74
2024-09-09,002215,7.71,7.61,7.83,7.61,182569,140871857.0,2.9,0.26,0.02,2.3
2024-09-10,002215,7.65,7.65,7.72,7.52,158370,120622475.4,2.63,0.53,0.04,1.99
2024-09-11,002215,7.61,7.56,7.71,7.5,125043,95023172.5,2.75,-1.18,-0.09,1.57
2024-09-12,002215,7.58,7.41,7.6,7.39,184836,137729299.6,2.78,-1.98,-0.15,2.33
2024-09-13,002215,7.44,7.42,7.5,7.33,111786,83139889.0,2.29,0.13,0.01,1.41
2024-09-18,002215,7.44,7.5,7.52,7.29,115176,85381526.0,3.1,1.08,0.08,1.45
2024-09-19,002215,7.5,7.8,7.84,7.48,208641,160818624.2,4.8,4.0,0.3,2.63
2024-09-20,002215,7.79,7.77,7.84,7.7,107715,83653609.0,1.79,-0.38,-0.03,1.36
2024-09-23,002215,7.75,7.81,7.9,7.73,115700,90409869.0,2.19,0.51,0.04,1.46
2024-09-24,002215,7.81,7.97,8.0,7.76,187331,148207944.0,3.07,2.05,0.16,2.36
2024-09-25,002215,8.02,7.79,8.11,7.78,244066,193930328.0,4.14,-2.26,-0.18,3.07
2024-09-26,002215,7.72,7.99,7.99,7.72,247015,193840221.0,3.47,2.57,0.2,3.11
2024-09-27,002215,8.1,8.34,8.4,8.07,458360,378623753.2,4.13,4.38,0.35,5.77
2024-09-30,002215,8.6,9.01,9.07,8.43,483161,425184334.8,7.67,8.03,0.67,6.09
2024-10-08,002215,9.91,9.27,9.91,8.91,569128,531632203.5,11.1,2.89,0.26,7.17
2024-10-09,002215,9.07,8.7,9.23,8.68,449911,404080941.5,5.93,-6.15,-0.57,5.67
2024-10-10,002215,8.78,8.63,9.0,8.58,276842,243366797.8,4.83,-0.8,-0.07,3.49
2024-10-11,002215,8.65,8.28,8.65,8.16,258319,216452954.6,5.68,-4.06,-0.35,3.25
2024-10-14,002215,8.35,8.6,8.61,8.15,244529,205143455.1,5.56,3.86,0.32,3.08
2024-10-15,002215,8.55,8.46,8.76,8.44,178118,152837887.9,3.72,-1.63,-0.14,2.24
2024-10-16,002215,8.34,8.44,8.58,8.3,124342,105148258.6,3.31,-0.24,-0.02,1.57
2024-10-17,002215,8.39,8.5,8.77,8.39,252745,217707450.5,4.5,0.71,0.06,3.18
2024-10-18,002215,8.5,8.72,8.87,8.47,276569,240813305.4,4.71,2.59,0.22,3.48
2024-10-21,002215,8.79,8.66,8.79,8.46,266261,229627375.7,3.78,-0.69,-0.06,3.35
2024-10-22,002215,8.66,9.2,9.28,8.59,405211,365567897.6,7.97,6.24,0.54,5.1
2024-10-23,002215,9.19,9.11,9.2,9.0,195375,177919120.4,2.17,-0.98,-0.09,2.46
2024-10-24,002215,9.08,9.13,9.29,8.96,208092,189226663.3,3.62,0.22,0.02,2.62
2024-10-25,002215,9.13,9.47,9.59,9.13,345084,322074280.6,5.04,3.72,0.34,4.35
2024-10-28,002215,9.45,9.61,9.63,9.3,247538,235493921.5,3.48,1.48,0.14,3.12
2024-10-29,002215,9.62,9.22,9.74,9.17,309882,292408756.1,5.93,-4.06,-0.39,3.9
2024-10-30,002215,9.22,9.2,9.38,9.11,186214,171960640.1,2.93,-0.22,-0.02,2.35
2024-10-31,002215,9.26,9.27,9.35,9.13,161511,149028568.8,2.39,0.76,0.07,2.03
2024-11-01,002215,9.25,9.06,9.34,8.96,198954,181613711.0,4.1,-2.27,-0.21,2.51
2024-11-04,002215,9.14,9.1,9.22,8.99,135268,122868870.2,2.54,0.44,0.04,1.7
2024-11-05,002215,9.1,9.27,9.29,9.04,175276,161223775.8,2.75,1.87,0.17,2.21
2024-11-06,002215,9.3,9.32,9.44,9.22,196114,183220355.8,2.37,0.54,0.05,2.47
2024-11-07,002215,9.3,9.74,10.0,9.23,403791,391379160.0,8.26,4.51,0.42,5.09
2024-11-08,002215,9.71,9.44,9.79,9.38,275757,263705723.4,4.21,-3.08,-0.3,3.47
2024-11-11,002215,9.4,9.34,9.45,9.17,237591,220926064.0,2.97,-1.06,-0.1,2.99
2024-11-12,002215,9.35,9.34,9.58,9.24,202617,190746763.5,3.64,0.0,0.0,2.55
2024-11-13,002215,9.36,9.62,9.68,9.31,222106,211971917.4,3.96,3.0,0.28,2.8
2024-11-14,002215,9.62,9.97,10.39,9.6,521989,521529520.5,8.21,3.64,0.35,6.57
2024-11-15,002215,9.97,9.66,10.02,9.61,289789,284248301.3,4.11,-3.11,-0.31,3.65
2024-11-18,002215,9.62,9.14,9.73,9.08,325860,303454023.4,6.73,-5.38,-0.52,4.1
2024-11-19,002215,9.18,9.4,9.41,9.11,183280,169793488.5,3.28,2.84,0.26,2.31
2024-11-20,002215,9.37,9.6,9.63,9.33,179117,170034730.6,3.19,2.13,0.2,2.26
2024-11-21,002215,9.63,9.67,9.71,9.5,132318,127495530.2,2.19,0.73,0.07,1.67
2024-11-22,002215,9.66,9.49,10.14,9.47,292582,286856282.9,6.93,-1.86,-0.18,3.68
2024-11-25,002215,9.47,9.52,9.62,9.3,170055,161009576.8,3.37,0.32,0.03,2.14
2024-11-26,002215,9.54,9.46,9.74,9.4,184348,176365873.1,3.57,-0.63,-0.06,2.32
2024-11-27,002215,9.41,9.57,9.58,9.1,200946,187301371.6,5.07,1.16,0.11,2.53
2024-11-28,002215,9.55,9.5,9.66,9.48,106790,102016287.0,1.88,-0.73,-0.07,1.34
2024-11-29,002215,9.47,9.77,9.95,9.47,257063,251452161.0,5.05,2.84,0.27,3.24
2024-12-02,002215,9.84,10.13,10.13,9.78,237104,237284425.7,3.58,3.68,0.36,2.99
2024-12-03,002215,10.15,10.15,10.24,10.01,174479,176651430.5,2.27,0.2,0.02,2.2
2024-12-04,002215,10.13,9.86,10.2,9.82,158885,158402891.0,3.74,-2.86,-0.29,2.0
2024-12-05,002215,9.82,9.98,10.03,9.8,102334,101815086.0,2.33,1.22,0.12,1.29
2024-12-06,002215,9.98,10.26,10.31,9.84,194970,196458370.2,4.71,2.81,0.28,2.46
2024-12-09,002215,10.26,10.39,10.62,10.18,231417,240739444.2,4.29,1.27,0.13,2.91
2024-12-10,002215,10.76,10.71,10.9,10.53,280438,300735153.4,3.56,3.08,0.32,3.53
2024-12-11,002215,10.75,11.34,11.43,10.63,425184,472632026.4,7.47,5.88,0.63,5.35
2024-12-12,002215,11.39,11.73,11.84,11.2,409230,471192773.4,5.64,3.44,0.39,5.15
2024-12-13,002215,11.62,11.37,11.73,11.02,585772,663986187.6,6.05,-3.07,-0.36,7.38
2024-12-16,002215,11.36,11.3,11.47,11.01,223566,251304963.7,4.05,-0.62,-0.07,2.82
2024-12-17,002215,11.35,11.13,11.5,10.96,201015,224306625.0,4.78,-1.5,-0.17,2.53
2024-12-18,002215,11.2,11.16,11.29,11.09,125005,139868801.4,1.8,0.27,0.03,1.57
2024-12-19,002215,11.19,12.0,12.01,11.05,341634,395746256.1,8.6,7.53,0.84,4.3
2024-12-20,002215,12.0,11.71,12.11,11.62,292893,348428939.9,4.08,-2.42,-0.29,3.69
2024-12-23,002215,11.71,11.35,11.87,11.22,221229,255044226.2,5.55,-3.07,-0.36,2.79
2024-12-24,002215,11.3,11.54,11.66,11.2,178604,204204349.3,4.05,1.67,0.19,2.25
2024-12-25,002215,11.43,11.17,11.56,11.09,186954,210640877.0,4.07,-3.21,-0.37,2.35
2024-12-26,002215,11.19,11.38,11.53,11.19,131399,149319876.2,3.04,1.88,0.21,1.65
2024-12-27,002215,11.41,11.52,11.67,11.26,145667,167238489.3,3.6,1.23,0.14,1.83
2024-12-30,002215,11.52,11.48,11.62,11.4,123015,140971824.6,1.91,-0.35,-0.04,1.55
2024-12-31,002215,11.5,11.23,11.75,11.21,199729,229172795.4,4.7,-2.18,-0.25,2.56
2025-01-02,002215,11.27,11.02,11.48,10.89,209896,235219129.8,5.25,-1.87,-0.21,2.69
2025-01-03,002215,11.05,10.1,11.06,10.05,365748,381954042.3,9.17,-8.35,-0.92,4.69
2025-01-06,002215,10.04,10.12,10.34,9.95,211529,215174609.8,3.86,0.2,0.02,2.71
2025-01-07,002215,10.13,10.33,10.36,10.04,134904,138061861.3,3.16,2.08,0.21,1.73
2025-01-08,002215,10.3,9.94,10.3,9.5,335334,330581723.7,7.74,-3.78,-0.39,4.3
2025-01-09,002215,9.86,10.16,10.28,9.86,172861,175531240.8,4.23,2.21,0.22,2.22
2025-01-10,002215,10.18,10.47,10.83,10.12,299979,315322260.3,6.99,3.05,0.31,3.85
2025-01-13,002215,10.32,10.38,10.53,10.12,200082,206798767.4,3.92,-0.86,-0.09,2.57
2025-01-14,002215,10.4,10.92,11.01,10.38,254181,274955791.9,6.07,5.2,0.54,3.26
2025-01-15,002215,10.5,10.22,10.55,10.11,412498,425016753.9,4.03,-6.41,-0.7,5.29
2025-01-16,002215,10.41,10.15,10.57,9.93,330751,337355230.2,6.26,-0.68,-0.07,4.24
2025-01-17,002215,10.13,10.01,10.23,9.94,182722,183675965.3,2.86,-1.38,-0.14,2.34
2025-01-20,002215,10.05,9.97,10.22,9.95,179183,180250786.0,2.7,-0.4,-0.04,2.3
2025-01-21,002215,10.03,10.31,10.33,9.77,216692,218353747.1,5.62,3.41,0.34,2.78
2025-01-22,002215,10.3,10.39,10.54,10.22,187444,193649082.5,3.1,0.78,0.08,2.41
2025-01-23,002215,10.45,9.97,10.51,9.95,255988,260564050.7,5.39,-4.04,-0.42,3.28
2025-01-24,002215,9.85,10.13,10.28,9.85,150160,151549314.0,4.31,1.6,0.16,1.93
2025-01-27,002215,10.11,9.87,10.14,9.86,152132,151369509.0,2.76,-2.57,-0.26,1.95
2025-02-05,002215,9.96,9.8,9.98,9.74,104972,103222916.0,2.43,-0.71,-0.07,1.35
2025-02-06,002215,9.77,10.14,10.22,9.77,193171,194821486.5,4.59,3.47,0.34,2.48
2025-02-07,002215,10.16,10.06,10.23,9.93,201391,203060785.4,2.96,-0.79,-0.08,2.58
2025-02-10,002215,10.06,10.07,10.3,10.03,206737,209827862.0,2.68,0.1,0.01,2.65
2025-02-11,002215,10.07,10.19,10.25,9.78,293248,293020545.9,4.67,1.19,0.12,3.76
2025-02-12,002215,10.14,10.08,10.25,9.98,154534,156350061.0,2.65,-1.08,-0.11,1.98
2025-02-13,002215,10.06,9.88,10.08,9.88,149722,148922683.0,1.98,-1.98,-0.2,1.92
2025-02-14,002215,9.88,9.8,9.94,9.75,120645,118764346.8,1.92,-0.81,-0.08,1.55
2025-02-17,002215,9.88,9.69,9.88,9.43,212387,204357844.5,4.59,-1.12,-0.11,2.73
2025-02-18,002215,9.68,9.36,9.78,9.32,182671,174005473.9,4.75,-3.41,-0.33,2.34
2025-02-19,002215,9.38,9.41,9.52,9.3,157948,148457385.9,2.35,0.53,0.05,2.03
2025-02-20,002215,9.41,9.56,9.58,9.2,170904,160909614.5,4.04,1.59,0.15,2.19
2025-02-21,002215,9.6,9.34,9.6,9.28,190247,178918903.2,3.35,-2.3,-0.22,2.44
2025-02-24,002215,9.5,9.19,9.68,9.17,272692,255079733.7,5.46,-1.61,-0.15,3.5
2025-02-25,002215,9.13,9.03,9.21,8.94,273432,247850475.0,2.94,-1.74,-0.16,3.51
2025-02-26,002215,9.03,8.99,9.14,8.95,191234,172404448.9,2.1,-0.44,-0.04,2.45
2025-02-27,002215,9.03,9.05,9.08,8.91,227278,204341902.5,1.89,0.67,0.06,2.92
2025-02-28,002215,9.08,8.9,9.18,8.86,205829,185439629.1,3.54,-1.66,-0.15,2.64
2025-03-03,002215,8.91,8.86,9.02,8.81,148558,132540230.0,2.36,-0.45,-0.04,1.91
2025-03-04,002215,8.83,8.89,8.92,8.79,131082,116044739.0,1.47,0.34,0.03,1.68
2025-03-05,002215,8.87,8.85,8.91,8.75,133376,117597071.0,1.8,-0.45,-0.04,1.71
2025-03-06,002215,8.88,8.82,8.91,8.73,203845,179891810.5,2.03,-0.34,-0.03,2.62
2025-03-07,002215,8.84,8.67,8.84,8.61,281924,246145967.8,2.61,-1.7,-0.15,3.62
2025-03-10,002215,8.68,9.08,9.23,8.67,574162,515913071.3,6.46,4.73,0.41,7.37
2025-03-11,002215,9.04,9.54,9.54,8.92,585105,543825305.3,6.83,5.07,0.46,7.51
2025-03-12,002215,9.56,9.76,9.83,9.36,487339,468077379.7,4.93,2.31,0.22,6.25
2025-03-13,002215,9.76,9.9,9.99,9.68,376663,370018820.0,3.18,1.43,0.14,4.83
2025-03-14,002215,9.89,10.06,10.23,9.8,376035,376364904.4,4.34,1.62,0.16,4.82
2025-03-17,002215,10.18,10.06,10.4,9.96,314232,317509873.4,4.37,0.0,0.0,4.03
2025-03-18,002215,10.01,9.81,10.05,9.68,329323,323421367.4,3.68,-2.49,-0.25,4.23
2025-03-19,002215,9.82,9.86,10.04,9.81,212704,210702464.1,2.34,0.51,0.05,2.73
2025-03-20,002215,9.86,9.68,9.9,9.65,175655,171145373.0,2.54,-1.83,-0.18,2.25
2025-03-21,002215,9.62,9.57,9.7,9.51,163264,156815372.0,1.96,-1.14,-0.11,2.09
2025-03-24,002215,9.53,9.53,9.66,9.36,236294,224361909.4,3.13,-0.42,-0.04,3.03
2025-03-25,002215,9.53,9.64,9.74,9.41,216701,208052627.0,3.46,1.15,0.11,2.78
2025-03-26,002215,9.63,9.63,9.74,9.6,129523,124954290.6,1.45,-0.1,-0.01,1.66
2025-03-27,002215,9.58,9.57,9.8,9.54,219151,212036636.0,2.7,-0.62,-0.06,2.81
2025-03-28,002215,9.52,9.2,9.54,9.15,266126,246803979.4,4.08,-3.87,-0.37,3.41
2025-03-31,002215,9.16,9.0,9.18,8.8,200757,180000488.0,4.13,-2.17,-0.2,2.58
2025-04-01,002215,9.0,8.96,9.08,8.92,147585,132773351.2,1.78,-0.44,-0.04,1.89
2025-04-02,002215,8.96,9.08,9.18,8.91,127291,115265413.8,3.01,1.34,0.12,1.63
2025-04-03,002215,9.03,9.09,9.22,8.99,140636,128015130.0,2.53,0.11,0.01,1.8
2025-04-07,002215,8.6,8.18,8.63,8.18,301571,251255482.0,4.95,-10.01,-0.91,3.87
2025-04-08,002215,8.38,8.84,8.89,8.31,457813,395019818.6,7.09,8.07,0.66,5.87
2025-04-09,002215,8.7,8.87,8.93,8.4,319302,277192695.2,6.0,0.34,0.03,4.1
2025-04-10,002215,8.87,8.93,9.12,8.87,270781,243540724.1,2.82,0.68,0.06,3.47
2025-04-11,002215,8.9,8.81,9.01,8.72,196667,173887348.4,3.25,-1.34,-0.12,2.52
2025-04-14,002215,8.82,8.85,8.95,8.76,165495,146188251.7,2.16,0.45,0.04,2.12
2025-04-15,002215,8.8,8.69,8.83,8.68,99519,87008110.0,1.69,-1.81,-0.16,1.28
2025-04-16,002215,8.68,8.43,8.68,8.37,135671,115062432.0,3.57,-2.99,-0.26,1.74
2025-04-17,002215,8.44,8.92,9.2,8.37,391694,345616521.2,9.85,5.81,0.49,5.03
2025-04-18,002215,8.93,8.75,8.93,8.71,148490,130393935.0,2.47,-1.91,-0.17,1.91
2025-04-21,002215,8.72,9.37,9.49,8.72,421967,387346663.2,8.8,7.09,0.62,5.41
2025-04-22,002215,9.45,9.4,9.47,9.29,217278,203585701.1,1.92,0.32,0.03,2.79
2025-04-23,002215,9.42,9.22,9.47,9.17,216277,200734101.0,3.19,-1.91,-0.18,2.78
2025-04-24,002215,9.27,9.46,9.54,9.21,291983,274787790.9,3.58,2.6,0.24,3.75
2025-04-25,002215,9.7,9.23,9.75,9.18,524016,493817331.0,6.03,-2.43,-0.23,6.72
2025-04-28,002215,9.25,9.71,9.88,9.24,619788,596106122.4,6.93,5.2,0.48,7.95
2025-04-29,002215,9.65,9.68,9.99,9.65,334704,327813070.4,3.5,-0.31,-0.03,4.29
2025-04-30,002215,9.68,9.46,9.73,9.39,310821,296891848.1,3.51,-2.27,-0.22,3.99
2025-05-06,002215,9.57,9.74,9.74,9.44,314574,301653994.0,3.17,2.96,0.28,4.04
2025-05-07,002215,9.77,9.58,9.82,9.52,287425,276950841.5,3.08,-1.64,-0.16,3.69
2025-05-08,002215,9.6,9.52,9.61,9.48,241477,230202086.0,1.36,-0.63,-0.06,3.1
2025-05-09,002215,9.51,9.35,9.6,9.33,215661,203775605.3,2.84,-1.79,-0.17,2.77
2025-05-12,002215,9.41,9.41,9.47,9.33,194813,182991536.5,1.5,0.64,0.06,2.5
2025-05-13,002215,9.44,9.37,9.46,9.29,179795,168244263.2,1.81,-0.43,-0.04,2.31
2025-05-14,002215,9.34,9.36,9.41,9.29,147106,137443573.2,1.28,-0.11,-0.01,1.89
2025-05-15,002215,9.31,9.27,9.65,9.15,404706,378765894.1,5.34,-0.96,-0.09,5.19
2025-05-16,002215,9.26,9.28,9.35,9.23,158195,147045496.5,1.29,0.11,0.01,2.03
2025-05-19,002215,9.27,9.51,9.52,9.1,349761,327113625.4,4.53,2.48,0.23,4.49
2025-05-20,002215,9.51,10.0,10.2,9.46,648255,643453870.5,7.78,5.15,0.49,8.32
2025-05-21,002215,10.0,10.68,10.96,9.87,837485,867166000.6,10.9,6.8,0.68,10.75
2025-05-22,002215,10.6,10.33,10.65,10.26,454667,472310780.4,3.65,-3.28,-0.35,5.83
2025-05-23,002215,10.33,10.19,10.64,10.19,320191,331775635.7,4.36,-1.36,-0.14,4.11
2025-05-26,002215,10.22,11.21,11.21,10.14,672935,731107200.1,10.5,10.01,1.02,8.63
2025-05-27,002215,11.55,12.33,12.33,11.35,1563763,1850528343.8,8.74,9.99,1.12,20.06
2025-05-28,002215,12.8,12.0,12.95,11.8,1684203,2069612096.9,9.33,-2.68,-0.33,21.61
2025-05-29,002215,11.78,11.69,12.09,11.53,1085640,1276402241.0,4.67,-2.58,-0.31,13.93
2025-05-30,002215,11.3,11.05,11.65,11.01,822344,923338022.4,5.47,-5.47,-0.64,10.55
2025-06-03,002215,10.91,11.29,11.48,10.9,639967,714146269.6,5.25,2.17,0.24,8.21
2025-06-04,002215,11.29,11.07,11.29,11.01,510833,567515387.6,2.48,-1.95,-0.22,6.55
2025-06-05,002215,11.19,11.27,11.66,11.12,683066,777222518.9,4.88,1.81,0.2,8.76
2025-06-06,002215,11.1,11.04,11.29,11.01,459122,510770161.3,2.48,-2.04,-0.23,5.89
2025-06-09,002215,11.1,11.66,11.75,11.06,698922,811550984.0,6.25,5.62,0.62,8.97
2025-06-10,002215,11.66,11.6,12.08,11.56,623218,731641561.0,4.46,-0.51,-0.06,8.0
2025-06-11,002215,11.6,11.67,11.77,11.45,333117,386162981.0,2.76,0.6,0.07,4.27
2025-06-12,002215,11.72,11.39,11.77,11.28,429607,492751795.4,4.2,-2.4,-0.28,5.51
2025-06-13,002215,11.27,11.13,11.37,11.06,399622,445864208.4,2.72,-2.28,-0.26,5.13
2025-06-16,002215,11.13,11.15,11.42,11.1,271975,305308529.0,2.88,0.18,0.02,3.49
2025-06-17,002215,11.11,11.08,11.37,11.04,278770,310656120.3,2.96,-0.63,-0.07,3.55
2025-06-18,002215,11.02,10.76,11.13,10.75,359259,390645847.5,3.43,-2.89,-0.32,4.58
2025-06-19,002215,10.75,10.53,10.79,10.5,276175,292592538.0,2.7,-2.14,-0.23,3.52
2025-06-20,002215,10.57,10.33,10.6,10.28,251398,261502904.0,3.04,-1.9,-0.2,3.2
2025-06-23,002215,10.24,10.32,10.38,10.24,191234,197262364.3,1.36,-0.1,-0.01,2.44
2025-06-24,002215,10.37,10.48,10.58,10.34,244528,256386113.2,2.33,1.55,0.16,3.12
2025-06-25,002215,10.5,10.3,10.55,10.18,358601,369543206.6,3.53,-1.72,-0.18,4.57
2025-06-26,002215,10.34,10.23,10.34,10.14,292057,298742273.8,1.94,-0.68,-0.07,3.72
2025-06-27,002215,10.23,10.25,10.35,10.2,200504,205909723.0,1.47,0.2,0.02,2.56
2025-06-30,002215,10.25,10.33,10.37,10.2,223157,229917618.6,1.66,0.78,0.08,2.84
2025-07-01,002215,10.33,10.31,10.36,10.19,245709,252265237.7,1.65,-0.19,-0.02,3.13
2025-07-02,002215,10.31,10.26,10.34,10.21,225156,231229733.3,1.26,-0.48,-0.05,2.87
2025-07-03,002215,10.26,10.39,10.48,10.25,368446,382213828.0,2.24,1.27,0.13,4.69
2025-07-04,002215,10.44,10.34,10.45,10.24,288359,297884661.7,2.02,-0.48,-0.05,3.67
2025-07-07,002215,10.35,10.7,10.87,10.34,547611,584798572.0,5.13,3.48,0.36,6.97
2025-07-08,002215,10.57,10.62,10.62,10.46,402765,424306891.5,1.5,-0.75,-0.08,5.13
2025-07-09,002215,10.59,10.57,10.81,10.51,321492,342102292.0,2.82,-0.47,-0.05,4.09
2025-07-10,002215,10.54,10.53,10.56,10.39,251090,262971230.8,1.61,-0.38,-0.04,3.2
2025-07-11,002215,10.51,10.5,10.57,10.46,206071,216571685.0,1.04,-0.28,-0.03,2.62
2025-07-14,002215,10.5,10.67,10.8,10.44,294213,312805070.7,3.43,1.62,0.17,3.74
2025-07-15,002215,10.61,10.34,10.62,10.27,358648,372622752.3,3.28,-3.09,-0.33,4.57
2025-07-16,002215,10.29,10.36,10.41,10.29,165852,171829067.1,1.16,0.19,0.02,2.11
2025-07-17,002215,10.32,10.33,10.41,10.25,203003,209402730.6,1.54,-0.29,-0.03,2.58
2025-07-18,002215,10.32,10.34,10.44,10.28,171486,177698603.0,1.55,0.1,0.01,2.18
2025-07-21,002215,10.34,10.56,10.59,10.32,315501,332119621.1,2.61,2.13,0.22,4.02
2025-07-22,002215,10.57,10.84,10.86,10.46,494016,529049041.6,3.79,2.65,0.28,6.29
2025-07-23,002215,10.88,11.18,11.23,10.84,670429,742223538.0,3.6,3.14,0.34,8.53
2025-07-24,002215,11.43,11.29,11.47,11.18,710846,805517426.0,2.59,0.98,0.11,9.05
2025-07-25,002215,11.39,11.85,11.92,11.38,761935,894089922.8,4.78,4.96,0.56,9.7
2025-07-28,002215,12.16,11.72,12.18,11.64,666276,787659993.1,4.56,-1.1,-0.13,8.48
2025-07-29,002215,11.67,11.34,11.72,11.11,639217,723634467.7,5.2,-3.24,-0.38,8.14
2025-07-30,002215,11.32,11.52,11.66,11.28,403807,463087167.6,3.35,1.59,0.18,5.14
2025-07-31,002215,11.45,11.33,11.57,11.26,314608,359118404.1,2.69,-1.65,-0.19,4.0
2025-08-01,002215,11.32,11.53,11.8,11.32,319076,368092417.9,4.24,1.77,0.2,4.06
2025-08-04,002215,11.52,11.82,11.93,11.4,424709,495864909.1,4.6,2.52,0.29,5.41
2025-08-05,002215,11.81,11.91,11.99,11.62,324753,384540570.1,3.13,0.76,0.09,4.13
2025-08-06,002215,11.85,11.88,11.96,11.73,255781,303112220.4,1.93,-0.25,-0.03,3.26
2025-08-07,002215,11.8,11.61,11.85,11.59,313148,365688114.7,2.19,-2.27,-0.27,3.99
2025-08-08,002215,11.56,12.66,12.68,11.54,691391,838284008.6,9.82,9.04,1.05,8.8
2025-08-11,002215,12.45,12.45,12.72,12.2,641359,796614328.6,4.11,-1.66,-0.21,8.16
2025-08-12,002215,12.45,12.33,12.64,12.31,375565,467172485.2,2.65,-0.96,-0.12,4.78
2025-08-13,002215,12.34,12.88,13.05,12.32,566962,720516069.9,5.92,4.46,0.55,7.22
2025-08-14,002215,12.81,12.39,12.92,12.35,444877,561288644.8,4.43,-3.8,-0.49,5.66
2025-08-15,002215,12.35,13.15,13.28,12.32,544803,703201945.4,7.75,6.13,0.76,6.93
2025-08-18,002215,13.21,13.18,13.46,13.0,468730,621141956.2,3.5,0.23,0.03,5.97
2025-08-19,002215,13.12,13.0,13.14,12.87,378031,489907978.7,2.05,-1.37,-0.18,4.81
2025-08-20,002215,12.5,13.05,13.13,11.96,1007662,1267770799.0,9.0,0.38,0.05,12.83
2025-08-21,002215,13.21,13.39,13.75,13.13,525988,706123279.9,4.75,2.61,0.34,6.7
2025-08-22,002215,13.37,13.27,13.6,13.13,362300,483137222.4,3.51,-0.9,-0.12,4.61
2025-08-25,002215,13.24,12.84,13.27,12.8,525842,682732621.9,3.54,-3.24,-0.43,6.69
2025-08-26,002215,12.85,12.72,13.14,12.65,357957,461110954.9,3.82,-0.93,-0.12,4.56
2025-08-27,002215,12.73,12.42,12.91,12.39,352477,448393387.4,4.09,-2.36,-0.3,4.49
2025-08-28,002215,12.36,12.3,12.54,11.9,438862,536014595.9,5.15,-0.97,-0.12,5.59
2025-08-29,002215,12.27,12.43,12.73,12.21,348120,435592645.4,4.23,1.06,0.13,4.43
2025-09-01,002215,12.48,12.29,12.53,12.24,300290,370126812.8,2.33,-1.13,-0.14,3.82
2025-09-02,002215,12.28,11.93,12.3,11.69,394207,470926598.7,4.96,-2.93,-0.36,5.02
2025-09-03,002215,11.94,11.69,12.02,11.64,180796,213031774.5,3.19,-2.01,-0.24,2.3
2025-09-04,002215,11.7,12.17,12.37,11.69,413251,498092040.4,5.82,4.11,0.48,5.26
2025-09-05,002215,12.17,12.1,12.19,11.82,267222,322158586.1,3.04,-0.58,-0.07,3.4
2025-09-08,002215,12.13,12.1,12.23,11.91,301885,364274352.9,2.64,0.0,0.0,3.84
2025-09-09,002215,11.62,11.85,12.0,11.48,434535,512261962.1,4.3,-2.07,-0.25,5.53
2025-09-10,002215,11.93,12.21,12.53,11.9,459204,563340394.8,5.32,3.04,0.36,5.84
2025-09-11,002215,12.21,12.24,12.31,11.97,227641,275796025.1,2.78,0.25,0.03,2.9
2025-09-12,002215,12.25,12.14,12.29,12.05,166338,202081667.0,1.96,-0.82,-0.1,2.12
2025-09-15,002215,12.07,12.24,12.47,12.07,222291,272045557.1,3.29,0.82,0.1,2.83
2025-09-16,002215,12.26,12.75,12.78,12.24,351895,441664500.0,4.41,4.17,0.51,4.48
2025-09-17,002215,12.73,12.7,12.83,12.58,215369,273913068.3,1.96,-0.39,-0.05,2.74
2025-09-18,002215,12.7,13.33,13.72,12.68,650783,865289964.8,8.19,4.96,0.63,8.28
2025-09-19,002215,13.31,13.34,13.58,13.18,298664,399475908.2,3.0,0.08,0.01,3.8
2025-09-22,002215,13.5,13.28,13.6,13.08,283357,375388375.6,3.9,-0.45,-0.06,3.61
2025-09-23,002215,13.21,13.09,13.28,12.82,282619,368398153.9,3.46,-1.43,-0.19,3.6
2025-09-24,002215,13.04,13.07,13.23,12.9,194190,253786507.6,2.52,-0.15,-0.02,2.47
2025-09-25,002215,13.08,12.88,13.2,12.8,224407,291332194.0,3.06,-1.45,-0.19,2.86
2025-09-26,002215,12.79,12.77,13.19,12.72,179294,231899797.4,3.65,-0.85,-0.11,2.28
2025-09-29,002215,12.77,13.19,13.3,12.47,265100,344688027.8,6.5,3.29,0.42,3.37
2025-09-30,002215,13.16,12.91,13.28,12.86,184505,240704343.2,3.18,-2.12,-0.28,2.35
2025-10-09,002215,12.99,12.55,13.05,12.38,278137,349409874.1,5.19,-2.79,-0.36,3.54
2025-10-10,002215,12.63,12.73,13.02,12.51,213970,274263591.6,4.06,1.43,0.18,2.72
2025-10-13,002215,12.46,12.52,12.56,12.25,223388,276910397.7,2.44,-1.65,-0.21,2.84
2025-10-14,002215,12.5,11.99,12.69,11.9,288629,352036521.3,6.31,-4.23,-0.53,3.67
2025-10-15,002215,11.96,12.1,12.12,11.88,146737,176220949.8,2.0,0.92,0.11,1.87
2025-10-16,002215,12.06,11.54,12.06,11.52,297036,348347563.3,4.46,-4.63,-0.56,3.78
2025-10-17,002215,11.55,10.99,11.68,10.95,326083,366334600.3,6.33,-4.77,-0.55,4.15
2025-10-20,002215,11.16,11.23,11.24,10.9,226326,251014367.2,3.09,2.18,0.24,2.88
2025-10-21,002215,11.22,11.13,11.22,11.01,171828,190871817.2,1.87,-0.89,-0.1,2.19
2025-10-22,002215,11.09,11.04,11.22,11.0,128144,142356613.9,1.98,-0.81,-0.09,1.63
2025-10-23,002215,11.02,11.12,11.19,10.85,156882,172555439.4,3.08,0.72,0.08,2.0
2025-10-24,002215,11.19,11.03,11.22,10.92,126838,140238010.0,2.7,-0.81,-0.09,1.61
2025-10-27,002215,11.05,11.77,11.84,11.04,354352,405524748.7,7.25,6.71,0.74,4.51
2025-10-28,002215,11.7,11.66,11.78,11.54,184410,215272995.9,2.04,-0.93,-0.11,2.35
2025-10-29,002215,11.63,12.1,12.24,11.63,257434,310719588.3,5.23,3.77,0.44,3.28
2025-10-30,002215,12.08,12.08,12.2,11.92,148789,179446244.4,2.31,-0.17,-0.02,1.89
2025-10-31,002215,12.11,12.21,12.42,12.09,164657,202181067.7,2.73,1.08,0.13,2.1
2025-11-03,002215,12.35,12.7,12.92,12.16,287771,362657992.8,6.22,4.01,0.49,3.66
2025-11-04,002215,12.76,12.8,12.93,12.52,249900,316918242.2,3.23,0.79,0.1,3.18
2025-11-05,002215,12.66,12.55,12.78,12.54,128827,163106059.9,1.88,-1.95,-0.25,1.64
2025-11-06,002215,12.56,12.81,12.95,12.52,166823,212661294.0,3.43,2.07,0.26,2.12
2025-11-07,002215,12.8,12.75,12.91,12.65,121064,154818876.6,2.03,-0.47,-0.06,1.54
2025-11-10,002215,12.75,12.4,12.8,12.2,210263,261276939.5,4.71,-2.75,-0.35,2.68
2025-11-11,002215,12.4,12.71,12.77,12.3,197762,248580674.6,3.79,2.5,0.31,2.52
2025-11-12,002215,12.72,12.7,12.82,12.46,135337,171505703.0,2.83,-0.08,-0.01,1.72
2025-11-13,002215,12.69,12.6,12.8,12.52,148436,187462470.2,2.2,-0.79,-0.1,1.89
2025-11-14,002215,12.52,12.72,13.19,12.52,243872,315542070.4,5.32,0.95,0.12,3.1
2025-11-17,002215,12.83,12.2,12.88,12.18,234372,289840161.1,5.5,-4.09,-0.52,2.98
2025-11-18,002215,12.2,11.43,12.26,11.37,370077,432711359.2,7.3,-6.31,-0.77,4.71
2025-11-19,002215,11.48,11.55,11.69,11.43,198361,229699880.6,2.27,1.05,0.12,2.52
2025-11-20,002215,11.6,11.51,11.7,11.42,141012,162871837.5,2.42,-0.35,-0.04,1.79
2025-11-21,002215,11.43,11.28,11.66,11.25,164399,188553181.3,3.56,-2.0,-0.23,2.09
2025-11-24,002215,11.37,11.52,11.64,11.25,135983,155767990.4,3.46,2.13,0.24,1.73
2025-11-25,002215,11.53,11.57,11.66,11.45,118419,136760247.1,1.82,0.43,0.05,1.51
2025-11-26,002215,11.43,10.77,11.43,10.71,407295,448376590.7,6.22,-6.91,-0.8,5.18
2025-11-27,002215,10.82,10.77,11.04,10.72,172748,187059715.4,2.97,0.0,0.0,2.2
2025-11-28,002215,10.72,10.78,10.8,10.47,155756,166284598.0,3.06,0.09,0.01,1.98
2025-12-01,002215,11.01,11.2,11.39,11.0,281080,315617358.0,3.62,3.9,0.42,3.58
2025-12-02,002215,11.2,11.25,11.41,11.08,130855,146935122.5,2.95,0.45,0.05,1.67
2025-12-03,002215,11.22,11.02,11.25,10.94,132206,146612966.4,2.76,-2.04,-0.23,1.68
2025-12-04,002215,10.99,10.89,11.03,10.84,85815,93650005.1,1.72,-1.18,-0.13,1.09
2025-12-05,002215,10.87,11.04,11.08,10.81,75902,83287500.6,2.48,1.38,0.15,0.97
2025-12-08,002215,11.07,11.05,11.16,11.01,81442,90143349.3,1.36,0.09,0.01,1.04
2025-12-09,002215,11.02,10.89,11.23,10.84,120749,133054853.6,3.53,-1.45,-0.16,1.54
2025-12-10,002215,10.88,10.92,11.02,10.81,99625,108830509.1,1.93,0.28,0.03,1.27
2025-12-11,002215,10.92,10.77,11.0,10.76,87211,94617565.3,2.2,-1.37,-0.15,1.11
2025-12-12,002215,10.77,10.7,10.85,10.68,104416,112087290.4,1.58,-0.65,-0.07,1.33
2025-12-15,002215,10.7,10.58,10.73,10.54,91118,96691424.0,1.78,-1.12,-0.12,1.16
2025-12-16,002215,10.6,10.49,10.72,10.42,89276,93764217.0,2.84,-0.85,-0.09,1.14
2025-12-17,002215,10.47,10.59,10.73,10.22,135891,141617475.8,4.86,0.95,0.1,1.73
2025-12-18,002215,10.58,10.47,10.68,10.45,76677,80857928.9,2.17,-1.13,-0.12,0.98
2025-12-19,002215,10.42,10.59,10.65,10.41,94675,99925371.0,2.29,1.15,0.12,1.21
2025-12-22,002215,10.59,10.47,10.6,10.33,130795,136856398.8,2.55,-1.13,-0.12,1.66
2025-12-23,002215,10.48,10.31,10.54,10.27,160328,166334553.3,2.58,-1.53,-0.16,2.04
2025-12-24,002215,10.36,10.46,10.47,10.22,133418,137924813.6,2.42,1.45,0.15,1.7
2025-12-25,002215,10.46,11.04,11.1,10.44,253098,274380903.5,6.31,5.54,0.58,3.22
2025-12-26,002215,10.99,11.11,11.3,10.98,163580,182696049.6,2.9,0.63,0.07,2.08
2025-12-29,002215,11.12,10.85,11.16,10.81,155256,169105995.0,3.15,-2.34,-0.26,1.98
2025-12-30,002215,10.8,10.87,11.02,10.77,99570,108628955.7,2.3,0.18,0.02,1.27
2025-12-31,002215,10.88,10.59,10.93,10.52,127890,136333954.2,3.77,-2.58,-0.28,1.63
2026-01-05,002215,10.61,10.77,10.86,10.6,121568,130605449.0,2.46,1.7,0.18,1.55
2026-01-06,002215,10.79,10.98,11.1,10.77,167371,184008028.6,3.06,1.95,0.21,2.13
2026-01-07,002215,11.01,10.82,11.08,10.78,141602,154033202.9,2.73,-1.46,-0.16,1.8
2026-01-08,002215,10.78,10.89,10.94,10.76,99022,107420122.1,1.66,0.65,0.07,1.26
2026-01-09,002215,10.87,10.94,11.03,10.84,158316,172914618.8,1.74,0.46,0.05,2.02
2026-01-12,002215,10.95,11.06,11.18,10.91,112578,124443210.9,2.47,1.1,0.12,1.43
2026-01-13,002215,11.38,11.08,11.45,11.03,248512,277552814.6,3.68,-2.81,-0.32,3.16
2026-01-14,002215,11.08,11.19,11.45,11.0,236067,264959457.5,4.06,0.99,0.11,3.0
2026-01-15,002215,11.17,11.48,11.63,11.1,262367,299954835.9,4.74,2.59,0.29,3.34
2026-01-16,002215,11.48,11.3,11.54,11.23,189280,213898304.8,2.7,-1.57,-0.18,2.41
2026-01-19,002215,11.34,11.72,11.84,11.33,284385,331212515.5,4.51,3.72,0.42,3.62
2026-01-20,002215,11.72,11.67,11.72,11.47,232558,268638611.3,2.13,-0.43,-0.05,2.96
2026-01-21,002215,11.62,11.55,11.72,11.47,225901,261229296.0,2.14,-1.03,-0.12,2.81
2026-01-22,002215,11.55,11.51,11.72,11.42,214243,247485188.7,2.6,-0.35,-0.04,2.67
2026-01-23,002215,11.51,11.58,11.65,11.45,226056,260829960.7,1.74,0.61,0.07,2.82
