日期,股票代码,开盘,收盘,最高,最低,成交量,成交额,振幅,涨跌幅,涨跌额,换手率
1996-11-06,600765,10.65,11.39,11.39,10.27,115320,123373000.0,19.31,96.38,5.59,85.42
1996-11-07,600765,11.19,11.94,12.32,11.14,70463,82974000.0,10.36,4.83,0.55,52.19
1996-11-08,600765,11.94,11.19,11.94,11.1,29031,33303000.0,7.04,-6.28,-0.75,21.5
1996-11-11,600765,11.19,11.89,11.94,10.71,19294,21795000.0,10.99,6.26,0.7,14.29
1996-11-12,600765,11.85,11.77,12.6,11.64,22054,26754000.0,8.07,-1.01,-0.12,16.34
1996-11-13,600765,11.8,11.88,11.98,11.56,9600,11261000.0,3.57,0.93,0.11,7.11
1996-11-14,600765,12.0,11.8,12.3,11.8,15727,18807000.0,4.21,-0.67,-0.08,11.65
1996-11-15,600765,11.69,11.98,12.19,11.6,16545,19875000.0,5.0,1.53,0.18,12.26
1996-11-18,600765,12.0,13.39,13.44,12.0,23439,30361000.0,12.02,11.77,1.41,17.36
1996-11-19,600765,13.35,12.88,13.5,12.81,17625,23136000.0,5.15,-3.81,-0.51,13.06
1996-11-20,600765,12.8,13.3,13.8,12.69,13088,17287000.0,8.62,3.26,0.42,9.69
1996-11-21,600765,13.47,12.5,13.47,12.3,12693,16359000.0,8.8,-6.02,-0.8,9.4
1996-11-22,600765,12.19,12.88,12.88,11.85,10004,12272000.0,8.24,3.04,0.38,7.41
1996-11-25,600765,12.77,13.06,13.28,12.21,10415,13544000.0,8.31,1.4,0.18,7.71
1996-11-26,600765,13.47,13.28,13.47,12.89,8886,11622000.0,4.44,1.68,0.22,6.58
1996-11-27,600765,13.39,13.55,13.8,13.09,6648,8918000.0,5.35,2.03,0.27,4.92
1996-11-28,600765,13.3,14.35,14.88,13.3,34887,49913000.0,11.66,5.9,0.8,25.84
1996-11-29,600765,14.46,15.89,15.95,14.46,18475,28407000.0,10.38,10.73,1.54,13.69
1996-12-02,600765,16.37,18.2,18.2,16.04,17409,29464000.0,13.59,14.54,2.31,12.9
1996-12-03,600765,18.29,17.0,18.39,17.0,9608,16909000.0,7.64,-6.59,-1.2,7.12
1996-12-04,600765,17.0,18.1,18.38,17.0,11433,20415000.0,8.12,6.47,1.1,8.47
1996-12-05,600765,18.0,18.57,18.57,17.7,11585,21047000.0,4.81,2.6,0.47,8.58
1996-12-06,600765,18.5,19.48,19.48,18.0,12420,23615000.0,7.97,4.9,0.91,9.2
1996-12-09,600765,20.0,20.68,20.68,19.6,22062,44622000.0,5.54,6.16,1.2,16.34
1996-12-10,600765,20.6,20.1,20.6,19.54,10224,20449000.0,5.13,-2.8,-0.58,7.57
1996-12-11,600765,20.1,20.0,20.6,19.85,10210,20623000.0,3.73,-0.5,-0.1,7.56
1996-12-12,600765,20.2,18.98,20.35,18.51,10549,20306000.0,9.2,-5.1,-1.02,7.81
1996-12-13,600765,18.79,17.0,19.04,16.29,8895,16359000.0,14.49,-10.43,-1.98,6.59
1996-12-16,600765,15.3,15.3,15.3,15.3,297,454000.0,0.0,-10.0,-1.7,0.22
1996-12-17,600765,13.77,13.77,15.0,13.77,6972,9749000.0,8.04,-10.0,-1.53,5.16
1996-12-18,600765,12.6,14.8,14.9,12.6,10859,15046000.0,16.7,7.48,1.03,8.04
1996-12-19,600765,14.8,13.31,14.8,13.31,7618,10572000.0,10.07,-10.07,-1.49,5.64
1996-12-20,600765,12.6,13.0,13.3,12.5,5590,7211000.0,6.01,-2.33,-0.31,4.14
1996-12-23,600765,13.39,13.72,14.0,13.31,4709,6422000.0,5.31,5.54,0.72,3.49
1996-12-24,600765,13.78,13.64,14.68,13.5,8467,12024000.0,8.6,-0.58,-0.08,6.27
1996-12-25,600765,13.81,14.3,14.38,13.69,4022,5659000.0,5.06,4.84,0.66,2.98
1996-12-26,600765,14.39,14.52,14.55,14.18,3655,5272000.0,2.59,1.54,0.22,2.71
1996-12-27,600765,14.8,14.39,14.8,14.0,5137,7356000.0,5.51,-0.9,-0.13,3.81
1996-12-30,600765,14.3,14.64,14.75,14.27,5774,8371000.0,3.34,1.74,0.25,4.28
1996-12-31,600765,14.69,14.6,14.89,14.42,6346,9278000.0,3.21,-0.27,-0.04,4.7
1997-01-02,600765,14.7,14.8,14.85,14.02,4030,5906000.0,5.68,1.37,0.2,2.99
1997-01-03,600765,14.8,14.12,14.94,14.1,2160,3111000.0,5.68,-4.59,-0.68,1.6
1997-01-06,600765,13.92,13.8,14.0,13.62,1915,2637000.0,2.69,-2.27,-0.32,1.42
1997-01-07,600765,13.7,14.0,14.05,13.6,903,1255000.0,3.26,1.45,0.2,0.67
1997-01-08,600765,13.95,14.36,14.5,13.95,2730,3916000.0,3.93,2.57,0.36,2.02
1997-01-09,600765,14.22,14.45,14.58,14.22,1417,2047000.0,2.51,0.63,0.09,1.05
1997-01-10,600765,14.25,14.59,14.59,14.25,1917,2779000.0,2.35,0.97,0.14,1.42
1997-01-13,600765,14.8,14.79,14.91,14.7,2316,3424000.0,1.44,1.37,0.2,1.72
1997-01-14,600765,14.8,15.15,15.35,14.65,6047,9048000.0,4.73,2.43,0.36,4.48
1997-01-15,600765,14.99,15.3,15.3,14.9,2964,4502000.0,2.64,0.99,0.15,2.2
1997-01-16,600765,15.35,15.05,15.35,14.9,2272,3418000.0,2.94,-1.63,-0.25,1.68
1997-01-17,600765,14.98,14.91,15.05,14.85,1692,2521000.0,1.33,-0.93,-0.14,1.25
1997-01-20,600765,15.0,15.2,15.2,14.85,2241,3359000.0,2.35,1.95,0.29,1.66
1997-01-21,600765,15.08,15.67,15.8,15.0,7355,11418000.0,5.26,3.09,0.47,5.45
1997-01-22,600765,15.43,15.9,16.15,15.41,3992,6335000.0,4.72,1.47,0.23,2.96
1997-01-23,600765,15.9,15.78,15.9,15.5,4711,7398000.0,2.52,-0.75,-0.12,3.49
1997-01-24,600765,15.75,15.53,16.1,15.25,4067,6403000.0,5.39,-1.58,-0.25,3.01
1997-01-27,600765,15.5,15.64,15.64,15.3,2231,3450000.0,2.19,0.71,0.11,1.65
1997-01-28,600765,15.85,16.48,16.48,15.75,6193,9975000.0,4.67,5.37,0.84,4.59
1997-01-29,600765,16.2,16.18,16.29,16.02,1278,2062000.0,1.64,-1.82,-0.3,0.95
1997-01-30,600765,16.1,15.9,16.1,15.81,1689,2689000.0,1.79,-1.73,-0.28,1.25
1997-01-31,600765,15.92,15.84,16.0,15.6,1424,2243000.0,2.52,-0.38,-0.06,1.05
1997-02-17,600765,15.75,15.5,15.79,15.05,3134,4808000.0,4.67,-2.15,-0.34,2.32
1997-02-18,600765,15.48,13.95,15.48,13.95,3592,5207000.0,9.87,-10.0,-1.55,2.66
1997-02-19,600765,14.0,14.45,14.89,14.0,2261,3251000.0,6.38,3.58,0.5,1.67
1997-02-20,600765,13.01,14.1,14.5,13.01,3642,5094000.0,10.31,-2.42,-0.35,2.7
1997-02-21,600765,14.1,14.61,14.7,14.1,4286,6206000.0,4.26,3.62,0.51,3.17
1997-02-24,600765,14.8,14.94,15.15,14.65,5264,7812000.0,3.42,2.26,0.33,3.9
1997-02-25,600765,14.94,14.95,15.1,14.8,6616,9887000.0,2.01,0.07,0.01,4.9
1997-02-26,600765,15.08,15.0,15.25,14.8,7726,11629000.0,3.01,0.33,0.05,5.72
1997-02-27,600765,15.12,15.3,15.6,15.0,11880,18160000.0,4.0,2.0,0.3,8.8
1997-02-28,600765,15.11,15.7,15.8,15.05,10901,16879000.0,4.9,2.61,0.4,8.07
1997-03-03,600765,16.0,16.25,16.29,15.3,16611,26319000.0,6.31,3.5,0.55,12.3
1997-03-04,600765,16.15,16.6,16.68,16.0,12352,20107000.0,4.18,2.15,0.35,9.15
1997-03-05,600765,16.71,16.28,16.72,16.06,11190,18304000.0,3.98,-1.93,-0.32,8.29
1997-03-06,600765,16.15,16.48,16.6,16.0,8603,14062000.0,3.69,1.23,0.2,6.37
1997-03-07,600765,16.48,16.5,16.7,16.0,9533,15594000.0,4.25,0.12,0.02,7.06
1997-03-10,600765,16.58,17.25,17.25,16.5,12883,21853000.0,4.55,4.55,0.75,9.54
1997-03-11,600765,17.51,17.3,17.67,16.98,10813,18663000.0,4.0,0.29,0.05,8.01
1997-03-12,600765,17.41,17.35,17.41,16.9,9173,15736000.0,2.95,0.29,0.05,6.79
1997-03-13,600765,17.25,17.25,17.35,17.01,8017,13797000.0,1.96,-0.58,-0.1,5.94
1997-03-14,600765,17.2,17.68,17.7,17.2,9815,17109000.0,2.9,2.49,0.43,7.27
1997-03-17,600765,17.86,18.25,18.3,17.7,14215,25658000.0,3.39,3.22,0.57,10.53
1997-03-18,600765,18.3,18.1,18.3,17.72,11503,20839000.0,3.18,-0.82,-0.15,8.52
1997-03-19,600765,18.3,18.0,18.32,17.85,8191,14767000.0,2.6,-0.55,-0.1,6.07
1997-03-20,600765,18.0,17.97,18.5,17.73,9944,17961000.0,4.28,-0.17,-0.03,7.37
1997-03-21,600765,18.0,18.08,18.28,17.7,9250,16645000.0,3.23,0.61,0.11,6.85
1997-03-24,600765,18.28,17.56,18.28,17.0,3242,5726000.0,7.08,-2.88,-0.52,2.4
1997-03-25,600765,17.73,17.05,17.73,17.02,2413,4149000.0,4.04,-2.9,-0.51,1.79
1997-03-26,600765,17.01,17.1,17.1,16.4,6286,10536000.0,4.11,0.29,0.05,4.66
1997-03-27,600765,17.58,17.2,17.75,17.02,2991,5165000.0,4.27,0.58,0.1,2.22
1997-03-28,600765,17.2,17.1,17.3,16.98,3016,5170000.0,1.86,-0.58,-0.1,2.23
1997-03-31,600765,17.0,17.55,17.61,17.0,4086,7135000.0,3.57,2.63,0.45,3.03
1997-04-01,600765,17.39,17.59,17.8,17.2,6161,10765000.0,3.42,0.23,0.04,4.56
1997-04-02,600765,17.7,18.98,19.08,17.6,17184,31810000.0,8.41,7.9,1.39,12.73
1997-04-03,600765,19.0,19.3,19.3,18.61,13963,26531000.0,3.64,1.69,0.32,10.34
1997-04-04,600765,19.4,19.79,20.1,19.36,18342,36315000.0,3.83,2.54,0.49,13.59
1997-04-07,600765,19.7,19.18,19.95,18.95,8317,15962000.0,5.05,-3.08,-0.61,6.16
1997-04-08,600765,20.3,21.1,21.1,19.0,50299,104700000.0,10.95,10.01,1.92,37.26
1997-04-09,600765,21.5,22.28,23.0,21.3,37912,84122000.0,8.06,5.59,1.18,28.08
1997-04-10,600765,22.3,21.85,22.5,21.52,22038,48336000.0,4.4,-1.93,-0.43,16.32
1997-04-11,600765,21.8,21.29,21.95,20.96,10839,23197000.0,4.53,-2.56,-0.56,8.03
1997-04-14,600765,21.29,21.35,21.8,21.0,11930,25174000.0,3.76,0.28,0.06,8.84
1997-04-15,600765,21.4,21.24,21.49,20.98,4407,9334000.0,2.39,-0.52,-0.11,3.26
1997-04-16,600765,21.25,21.1,21.5,21.0,4437,9389000.0,2.35,-0.66,-0.14,3.29
1997-04-17,600765,21.08,21.4,21.88,21.08,5276,11318000.0,3.79,1.42,0.3,3.91
1997-04-18,600765,21.4,21.29,21.5,20.9,4216,8905000.0,2.8,-0.51,-0.11,3.12
1997-04-21,600765,21.5,21.18,21.79,21.0,3919,8296000.0,3.71,-0.52,-0.11,2.9
1997-04-22,600765,21.18,21.28,21.28,21.05,3489,7370000.0,1.09,0.47,0.1,2.58
1997-04-23,600765,21.39,22.06,22.5,21.25,12930,28194000.0,5.87,3.67,0.78,9.58
1997-04-24,600765,22.0,23.15,23.23,21.0,23195,52832000.0,10.11,4.94,1.09,17.18
1997-04-25,600765,23.2,24.25,25.38,23.2,27294,67217000.0,9.42,4.75,1.1,20.22
1997-04-28,600765,24.5,24.35,25.5,24.1,14264,35278000.0,5.77,0.41,0.1,10.57
1997-04-29,600765,24.35,23.38,24.4,22.7,9769,22629000.0,6.98,-3.98,-0.97,7.24
1997-04-30,600765,23.4,23.75,23.99,22.5,6465,15275000.0,6.37,1.58,0.37,4.79
1997-05-05,600765,23.75,24.18,24.55,23.11,11276,26841000.0,6.06,1.81,0.43,8.35
1997-05-06,600765,23.8,24.35,24.5,23.41,13474,32394000.0,4.51,0.7,0.17,8.98
1997-05-07,600765,24.35,24.51,24.58,23.85,11234,27226000.0,3.0,0.66,0.16,7.49
1997-05-08,600765,24.56,24.11,25.98,24.0,14764,37254000.0,8.08,-1.63,-0.4,9.84
1997-05-09,600765,24.5,25.17,25.98,24.1,12423,30917000.0,7.8,4.4,1.06,8.28
1997-05-13,600765,25.3,23.98,25.8,23.11,4995,11997000.0,10.69,-4.73,-1.19,3.33
1997-05-14,600765,23.95,23.01,24.5,23.0,5636,13317000.0,6.26,-4.05,-0.97,3.76
1997-05-15,600765,23.98,24.85,25.31,23.98,11327,27953000.0,5.78,8.0,1.84,7.55
1997-05-16,600765,23.99,22.65,24.5,22.37,9645,22609000.0,8.57,-8.85,-2.2,6.43
1997-05-19,600765,22.82,22.6,23.49,22.1,6039,13602000.0,6.14,-0.22,-0.05,4.03
1997-05-20,600765,22.7,22.29,23.0,22.0,10045,22688000.0,4.42,-1.37,-0.31,6.7
1997-05-21,600765,11.0,10.2,11.0,10.05,7470,7669000.0,4.26,-54.24,-12.09,2.49
1997-05-22,600765,9.18,9.18,9.8,9.18,3942,3638000.0,6.08,-10.0,-1.02,1.31
1997-05-23,600765,8.51,8.32,8.89,8.26,11738,9779000.0,6.86,-9.37,-0.86,3.91
1997-05-26,600765,8.6,8.5,8.79,8.2,6581,5539000.0,7.09,2.16,0.18,2.19
1997-05-27,600765,8.56,8.77,8.77,8.4,5369,4608000.0,4.35,3.18,0.27,1.79
1997-05-28,600765,8.7,8.85,8.99,8.5,6429,5614000.0,5.59,0.91,0.08,2.14
1997-05-29,600765,8.9,8.52,8.9,8.5,3284,2848000.0,4.52,-3.73,-0.33,1.09
1997-05-30,600765,8.55,8.53,8.6,8.32,3342,2824000.0,3.29,0.12,0.01,1.11
1997-06-02,600765,8.63,8.83,8.83,8.5,6164,5360000.0,3.87,3.52,0.3,2.05
1997-06-03,600765,8.86,9.71,9.71,8.85,15127,14487000.0,9.74,9.97,0.88,5.04
1997-06-04,600765,10.0,10.0,10.5,9.7,21248,21524000.0,8.24,2.99,0.29,7.08
1997-06-05,600765,10.0,10.35,10.55,9.95,18077,18748000.0,6.0,3.5,0.35,6.03
1997-06-06,600765,9.32,9.4,9.88,9.32,10973,10503000.0,5.41,-9.18,-0.95,3.66
1997-06-09,600765,9.5,9.37,9.7,9.2,3496,3266000.0,5.32,-0.32,-0.03,1.17
1997-06-10,600765,9.41,8.95,9.65,8.89,2475,2291000.0,8.11,-4.48,-0.42,0.83
1997-06-11,600765,8.83,8.59,8.84,8.3,3572,3060000.0,6.03,-4.02,-0.36,1.19
1997-06-12,600765,8.88,8.9,9.18,8.65,3313,2939000.0,6.17,3.61,0.31,1.1
1997-06-13,600765,8.39,9.13,9.19,8.31,4000,3578000.0,9.89,2.58,0.23,1.33
1997-06-16,600765,9.35,9.26,9.55,9.25,3139,2940000.0,3.29,1.42,0.13,1.05
1997-06-17,600765,9.3,9.18,9.5,9.17,2158,2007000.0,3.56,-0.86,-0.08,0.72
1997-06-18,600765,9.19,8.89,9.21,8.88,2045,1837000.0,3.59,-3.16,-0.29,0.68
1997-06-19,600765,8.95,8.8,8.95,8.6,1922,1686000.0,3.94,-1.01,-0.09,0.64
1997-06-20,600765,8.88,9.23,9.39,8.88,2436,2231000.0,5.8,4.89,0.43,0.81
1997-06-23,600765,9.31,8.97,9.59,8.8,3470,3168000.0,8.56,-2.82,-0.26,1.16
1997-06-24,600765,8.97,9.18,9.25,8.94,3564,3248000.0,3.46,2.34,0.21,1.19
1997-06-25,600765,9.18,9.03,9.25,8.97,2579,2327000.0,3.05,-1.63,-0.15,0.86
1997-06-26,600765,9.0,8.88,9.0,8.8,3089,2733000.0,2.21,-1.66,-0.15,1.03
1997-06-27,600765,8.85,8.62,8.85,8.58,2872,2489000.0,3.04,-2.93,-0.26,0.96
1997-07-02,600765,8.53,8.14,8.6,7.76,2092,1701000.0,9.74,-5.57,-0.48,0.7
1997-07-03,600765,8.1,7.65,8.1,7.46,1813,1392000.0,7.86,-6.02,-0.49,0.6
1997-07-04,600765,7.2,7.67,7.7,7.2,1617,1218000.0,6.54,0.26,0.02,0.54
1997-07-07,600765,7.61,6.9,7.63,6.9,2274,1646000.0,9.52,-10.04,-0.77,0.76
1997-07-08,600765,6.9,6.67,7.19,6.21,2240,1494000.0,14.2,-3.33,-0.23,0.75
1997-07-09,600765,6.75,6.82,6.9,6.7,1986,1346000.0,3.0,2.25,0.15,0.66
1997-07-10,600765,6.5,6.7,6.82,6.5,1861,1243000.0,4.69,-1.76,-0.12,0.62
1997-07-11,600765,7.0,6.88,7.0,6.6,2195,1491000.0,5.97,2.69,0.18,0.73
1997-07-14,600765,6.9,7.0,7.15,6.8,3486,2427000.0,5.09,1.74,0.12,1.16
1997-07-15,600765,7.0,7.7,7.7,6.9,5464,3936000.0,11.43,10.0,0.7,1.82
1997-07-16,600765,7.7,7.61,8.1,7.28,7326,5720000.0,10.65,-1.17,-0.09,2.44
1997-07-17,600765,7.61,7.41,7.66,7.3,3498,2583000.0,4.73,-2.63,-0.2,1.17
1997-07-18,600765,7.42,7.52,7.6,7.3,2308,1711000.0,4.05,1.48,0.11,0.77
1997-07-21,600765,7.4,7.41,7.5,7.36,2773,2062000.0,1.86,-1.46,-0.11,0.92
1997-07-22,600765,7.45,7.75,7.8,7.42,5307,4076000.0,5.13,4.59,0.34,1.77
1997-07-23,600765,7.95,7.68,8.05,7.5,4232,3326000.0,7.1,-0.9,-0.07,1.41
1997-07-24,600765,7.7,7.45,7.86,7.42,2037,1536000.0,5.73,-2.99,-0.23,0.68
1997-07-25,600765,7.4,7.35,7.45,7.28,1702,1253000.0,2.28,-1.34,-0.1,0.57
1997-07-28,600765,7.85,7.36,7.85,7.3,1650,1216000.0,7.48,0.14,0.01,0.55
1997-07-29,600765,7.35,7.32,7.35,7.1,1274,927000.0,3.4,-0.54,-0.04,0.42
1997-07-30,600765,7.32,7.55,7.6,7.26,1742,1290000.0,4.64,3.14,0.23,0.58
1997-07-31,600765,7.18,7.47,7.75,7.18,1313,974000.0,7.55,-1.06,-0.08,0.44
1997-08-01,600765,7.6,7.48,7.6,7.39,1453,1080000.0,2.81,0.13,0.01,0.48
1997-08-04,600765,7.6,7.91,7.91,7.5,5380,4175000.0,5.48,5.75,0.43,1.79
1997-08-05,600765,7.99,8.27,8.32,7.9,11937,9773000.0,5.31,4.55,0.36,3.98
1997-08-06,600765,8.18,7.9,8.25,7.88,6778,5473000.0,4.47,-4.47,-0.37,2.26
1997-08-07,600765,7.74,8.1,8.1,7.56,3752,2917000.0,6.84,2.53,0.2,1.25
1997-08-08,600765,8.1,7.98,8.2,7.9,3173,2546000.0,3.7,-1.48,-0.12,1.06
1997-08-11,600765,8.1,8.34,8.49,8.0,12096,10086000.0,6.14,4.51,0.36,4.03
1997-08-12,600765,8.34,7.93,8.34,7.93,3975,3225000.0,4.92,-4.92,-0.41,1.33
1997-08-13,600765,7.93,7.55,7.99,7.5,2762,2137000.0,6.18,-4.79,-0.38,0.92
1997-08-14,600765,7.6,7.99,7.99,7.6,2210,1705000.0,5.17,5.83,0.44,0.74
1997-08-15,600765,8.05,7.72,8.08,7.6,1656,1289000.0,6.01,-3.38,-0.27,0.55
1997-08-18,600765,7.61,7.68,7.8,7.5,1295,985000.0,3.89,-0.52,-0.04,0.43
1997-08-19,600765,7.68,7.52,7.8,7.52,824,630000.0,3.65,-2.08,-0.16,0.27
1997-08-20,600765,7.52,7.45,7.6,7.4,1327,993000.0,2.66,-0.93,-0.07,0.44
1997-08-21,600765,7.58,7.51,7.58,7.3,1910,1425000.0,3.76,0.81,0.06,0.64
1997-08-22,600765,7.45,7.58,7.63,7.45,1480,1116000.0,2.4,0.93,0.07,0.49
1997-08-25,600765,7.58,7.41,7.58,7.4,2938,2182000.0,2.37,-2.24,-0.17,0.98
1997-08-26,600765,6.73,6.95,7.19,6.71,3810,2655000.0,6.48,-6.21,-0.46,1.27
1997-08-27,600765,6.9,7.18,7.3,6.9,2784,1992000.0,5.76,3.31,0.23,0.93
1997-08-28,600765,7.16,7.25,7.25,7.16,3803,2739000.0,1.25,0.97,0.07,1.27
1997-08-29,600765,7.35,7.46,7.5,7.34,3080,2286000.0,2.21,2.9,0.21,1.03
1997-09-01,600765,7.46,7.66,7.68,7.45,3926,2964000.0,3.08,2.68,0.2,1.31
1997-09-02,600765,7.76,7.57,7.89,7.46,2555,1953000.0,5.61,-1.17,-0.09,0.85
1997-09-03,600765,7.6,7.52,7.64,7.43,2511,1889000.0,2.77,-0.66,-0.05,0.84
1997-09-04,600765,7.52,7.65,7.77,7.5,3471,2659000.0,3.59,1.73,0.13,1.16
1997-09-05,600765,7.7,7.57,7.7,7.52,2565,1944000.0,2.35,-1.05,-0.08,0.86
1997-09-08,600765,7.6,7.86,7.89,7.56,5865,4547000.0,4.36,3.83,0.29,1.96
1997-09-09,600765,7.86,7.65,7.99,7.58,3239,2523000.0,5.22,-2.67,-0.21,1.08
1997-09-10,600765,7.72,7.78,7.8,7.6,2438,1877000.0,2.61,1.7,0.13,0.81
1997-09-11,600765,7.7,7.7,8.08,7.59,5942,4698000.0,6.3,-1.03,-0.08,1.98
1997-09-12,600765,7.7,7.38,7.8,7.21,2098,1597000.0,7.66,-4.16,-0.32,0.7
1997-09-15,600765,7.28,7.09,7.5,7.01,2603,1863000.0,6.64,-3.93,-0.29,0.87
1997-09-16,600765,7.11,7.17,7.21,7.11,1009,722000.0,1.41,1.13,0.08,0.34
1997-09-17,600765,7.17,7.15,7.38,7.15,1178,851000.0,3.21,-0.28,-0.02,0.39
1997-09-18,600765,7.15,7.17,7.2,7.03,907,645000.0,2.38,0.28,0.02,0.3
1997-09-19,600765,7.15,7.2,7.25,7.11,854,612000.0,1.95,0.42,0.03,0.28
1997-09-22,600765,7.18,6.66,7.18,6.53,1517,1047000.0,9.03,-7.5,-0.54,0.51
1997-09-23,600765,6.6,6.06,6.65,6.0,2058,1317000.0,9.76,-9.01,-0.6,0.69
1997-09-24,600765,6.22,6.51,6.56,6.2,2040,1291000.0,5.94,7.43,0.45,0.68
1997-09-25,600765,6.6,6.61,6.75,6.5,1936,1284000.0,3.84,1.54,0.1,0.65
1997-09-26,600765,6.5,6.55,6.59,6.38,1358,880000.0,3.18,-0.91,-0.06,0.45
1997-09-29,600765,6.45,6.3,6.45,6.3,1025,649000.0,2.29,-3.82,-0.25,0.34
1997-09-30,600765,6.4,6.36,6.4,6.35,774,493000.0,0.79,0.95,0.06,0.26
1997-10-06,600765,6.4,6.42,6.51,6.36,388,248000.0,2.36,0.94,0.06,0.13
1997-10-07,600765,6.58,6.7,7.0,6.5,1090,717000.0,7.79,4.36,0.28,0.36
1997-10-08,600765,6.75,6.85,6.87,6.7,1317,895000.0,2.54,2.24,0.15,0.44
1997-10-09,600765,6.82,6.73,6.82,6.6,795,533000.0,3.21,-1.75,-0.12,0.27
1997-10-10,600765,6.75,6.66,6.75,6.6,839,559000.0,2.23,-1.04,-0.07,0.28
1997-10-13,600765,6.71,6.56,6.71,6.55,954,629000.0,2.4,-1.5,-0.1,0.32
1997-10-14,600765,6.6,6.6,6.6,6.41,690,451000.0,2.9,0.61,0.04,0.23
1997-10-15,600765,6.6,6.65,6.75,6.5,485,322000.0,3.79,0.76,0.05,0.16
1997-10-16,600765,6.61,6.65,6.75,6.6,2382,1583000.0,2.26,0.0,0.0,0.79
1997-10-17,600765,6.7,6.89,6.89,6.7,2600,1771000.0,2.86,3.61,0.24,0.87
1997-10-20,600765,6.95,7.01,7.07,6.8,2897,2016000.0,3.92,1.74,0.12,0.97
1997-10-21,600765,7.0,7.37,7.5,7.0,6201,4528000.0,7.13,5.14,0.36,2.07
1997-10-22,600765,7.35,7.0,7.45,6.91,3686,2625000.0,7.33,-5.02,-0.37,1.23
1997-10-23,600765,7.0,6.92,7.05,6.8,1627,1125000.0,3.57,-1.14,-0.08,0.54
1997-10-24,600765,6.9,6.85,6.92,6.76,2254,1544000.0,2.31,-1.01,-0.07,0.75
1997-10-27,600765,6.95,7.31,7.31,6.8,4599,3258000.0,7.45,6.72,0.46,1.53
1997-10-28,600765,7.28,6.9,7.35,6.88,2719,1918000.0,6.43,-5.61,-0.41,0.91
1997-10-29,600765,6.72,6.92,6.92,6.7,2401,1631000.0,3.19,0.29,0.02,0.8
1997-10-30,600765,6.91,6.77,6.92,6.51,2364,1604000.0,5.92,-2.17,-0.15,0.79
1997-10-31,600765,6.53,6.74,6.79,6.5,1358,907000.0,4.28,-0.44,-0.03,0.45
1997-11-03,600765,6.7,6.64,6.8,6.61,1332,890000.0,2.82,-1.48,-0.1,0.44
1997-11-04,600765,6.6,6.71,6.93,6.6,1587,1081000.0,4.97,1.05,0.07,0.53
1997-11-05,600765,6.69,6.67,6.88,6.65,531,358051.0,3.43,-0.6,-0.04,0.18
1997-11-06,600765,6.7,6.67,6.8,6.6,2226,1485000.0,3.0,0.0,0.0,0.74
1997-11-07,600765,6.7,6.75,6.93,6.62,1761,1182000.0,4.65,1.2,0.08,0.59
1997-11-10,600765,6.7,6.8,6.87,6.7,2243,1524000.0,2.52,0.74,0.05,0.75
1997-11-11,600765,6.88,6.98,6.98,6.7,2949,2027000.0,4.12,2.65,0.18,0.98
1997-11-12,600765,6.98,6.8,7.14,6.8,2744,1924000.0,4.87,-2.58,-0.18,0.91
1997-11-13,600765,6.7,6.75,6.8,6.63,1326,888000.0,2.5,-0.74,-0.05,0.44
1997-11-14,600765,6.8,6.8,6.9,6.69,1276,869000.0,3.11,0.74,0.05,0.43
1997-11-17,600765,6.85,6.85,7.04,6.75,1136,778000.0,4.26,0.74,0.05,0.38
1997-11-18,600765,6.9,6.71,6.9,6.7,692,468000.0,2.92,-2.04,-0.14,0.23
1997-11-19,600765,6.7,6.6,6.71,6.57,1175,777000.0,2.09,-1.64,-0.11,0.39
1997-11-20,600765,6.6,6.6,6.7,6.5,1432,938000.0,3.03,0.0,0.0,0.48
1997-11-21,600765,6.53,6.5,6.6,6.43,1225,795000.0,2.58,-1.52,-0.1,0.41
1997-11-24,600765,6.3,6.38,6.55,6.29,1440,912000.0,4.0,-1.85,-0.12,0.48
1997-11-25,600765,6.3,6.33,6.47,6.28,1009,638000.0,2.98,-0.78,-0.05,0.34
1997-11-26,600765,6.4,6.38,6.4,6.31,852,540000.0,1.42,0.79,0.05,0.28
1997-11-27,600765,6.4,6.26,6.4,6.25,774,489000.0,2.35,-1.88,-0.12,0.26
1997-11-28,600765,6.3,6.29,6.3,6.15,842,524000.0,2.4,0.48,0.03,0.28
1997-12-01,600765,6.28,6.38,6.39,6.1,990,618000.0,4.61,1.43,0.09,0.33
1997-12-02,600765,6.35,6.26,6.38,6.25,463,291000.0,2.04,-1.88,-0.12,0.15
1997-12-03,600765,6.28,6.15,6.28,6.11,655,405000.0,2.72,-1.76,-0.11,0.22
1997-12-04,600765,6.1,6.29,6.54,6.1,903,573000.0,7.15,2.28,0.14,0.3
1997-12-05,600765,6.4,6.25,6.4,6.2,1075,672000.0,3.18,-0.64,-0.04,0.36
1997-12-08,600765,6.23,6.17,6.23,6.17,952,589000.0,0.96,-1.28,-0.08,0.32
1997-12-09,600765,6.17,6.2,6.2,6.14,916,564000.0,0.97,0.49,0.03,0.31
1997-12-10,600765,6.2,6.31,6.35,6.15,893,557000.0,3.23,1.77,0.11,0.3
1997-12-11,600765,6.39,6.23,6.39,6.23,618,388000.0,2.54,-1.27,-0.08,0.21
1997-12-12,600765,6.3,6.32,6.39,6.2,1288,808000.0,3.05,1.44,0.09,0.43
1997-12-15,600765,6.32,6.3,6.32,6.23,918,576000.0,1.42,-0.32,-0.02,0.31
1997-12-16,600765,6.35,6.28,6.35,6.22,886,556000.0,2.06,-0.32,-0.02,0.3
1997-12-17,600765,6.24,6.1,6.24,6.05,1720,1053000.0,3.03,-2.87,-0.18,0.57
1997-12-18,600765,6.08,6.18,6.31,6.08,1189,738000.0,3.77,1.31,0.08,0.4
1997-12-19,600765,6.18,6.19,6.3,5.87,1282,797000.0,6.96,0.16,0.01,0.43
1997-12-22,600765,6.12,6.15,6.21,6.08,1732,1058000.0,2.1,-0.65,-0.04,0.58
1997-12-23,600765,6.28,6.6,6.62,6.16,5145,3314000.0,7.48,7.32,0.45,1.72
1997-12-24,600765,6.59,6.45,6.59,6.39,2113,1363000.0,3.03,-2.27,-0.15,0.7
1997-12-25,600765,6.45,6.52,6.56,6.39,2135,1387000.0,2.64,1.09,0.07,0.71
1997-12-26,600765,6.53,6.81,6.95,6.5,5940,4026000.0,6.9,4.45,0.29,1.98
1997-12-29,600765,6.95,6.88,7.2,6.88,5831,4102000.0,4.7,1.03,0.07,1.94
1997-12-30,600765,6.88,6.74,6.92,6.71,1908,1295000.0,3.05,-2.03,-0.14,0.64
1997-12-31,600765,6.74,6.8,7.0,6.72,2805,1921000.0,4.15,0.89,0.06,0.94
1998-01-05,600765,6.88,6.74,6.95,6.7,2384,1616000.0,3.68,-0.88,-0.06,0.79
1998-01-06,600765,6.78,6.81,6.81,6.32,3295,2191000.0,7.27,1.04,0.07,1.1
1998-01-07,600765,6.81,6.81,6.95,6.79,2567,1758000.0,2.35,0.0,0.0,0.86
1998-01-08,600765,6.85,7.0,7.0,6.7,4962,3429000.0,4.41,2.79,0.19,1.65
1998-01-09,600765,7.05,7.08,7.27,6.9,5861,4152000.0,5.29,1.14,0.08,1.95
1998-01-12,600765,7.3,7.08,7.34,7.08,4576,3276000.0,3.67,0.0,0.0,1.53
1998-01-13,600765,7.0,6.75,7.0,6.37,4448,2926000.0,8.9,-4.66,-0.33,1.48
1998-01-14,600765,6.7,6.89,6.94,6.7,3975,2722000.0,3.56,2.07,0.14,1.33
1998-01-15,600765,6.95,7.04,7.23,6.88,4524,3182000.0,5.08,2.18,0.15,1.51
1998-01-16,600765,7.18,7.0,7.3,7.0,5919,4251000.0,4.26,-0.57,-0.04,1.97
1998-01-19,600765,6.99,6.85,7.01,6.7,2699,1844000.0,4.43,-2.14,-0.15,0.9
1998-01-20,600765,6.85,6.8,6.95,6.66,1859,1261000.0,4.23,-0.73,-0.05,0.62
1998-01-21,600765,6.82,6.7,6.9,6.69,1156,780000.0,3.09,-1.47,-0.1,0.39
1998-01-22,600765,6.7,6.67,6.75,6.63,1488,993000.0,1.79,-0.45,-0.03,0.5
1998-01-23,600765,6.7,6.72,6.77,6.65,1774,1189000.0,1.8,0.75,0.05,0.59
1998-02-09,600765,6.9,6.95,6.98,6.8,1954,1348000.0,2.68,3.42,0.23,0.65
1998-02-10,600765,6.94,7.06,7.06,6.85,2159,1497000.0,3.02,1.58,0.11,0.72
1998-02-11,600765,7.06,7.16,7.22,7.0,3441,2455000.0,3.12,1.42,0.1,1.15
1998-02-12,600765,7.25,7.08,7.25,7.0,2360,1674000.0,3.49,-1.12,-0.08,0.79
1998-02-13,600765,7.08,6.95,7.1,6.9,2377,1656000.0,2.82,-1.84,-0.13,0.79
1998-02-16,600765,6.9,6.85,7.3,6.8,3760,2620000.0,7.19,-1.44,-0.1,1.25
1998-02-17,600765,6.9,6.92,6.96,6.82,2496,1720000.0,2.04,1.02,0.07,0.83
1998-02-18,600765,6.93,6.95,6.99,6.87,1881,1305000.0,1.73,0.43,0.03,0.63
1998-02-19,600765,6.88,6.94,7.02,6.88,1851,1287000.0,2.01,-0.14,-0.01,0.62
1998-02-20,600765,6.9,6.96,7.05,6.88,1492,1037000.0,2.45,0.29,0.02,0.5
1998-02-23,600765,6.98,6.8,7.0,6.75,1480,1010000.0,3.59,-2.3,-0.16,0.49
1998-02-24,600765,6.68,6.68,6.85,6.68,1197,808000.0,2.5,-1.76,-0.12,0.4
1998-02-25,600765,6.7,6.75,6.92,6.7,1172,790000.0,3.29,1.05,0.07,0.39
1998-02-26,600765,6.75,6.85,6.9,6.75,1662,1133000.0,2.22,1.48,0.1,0.55
1998-02-27,600765,6.86,6.73,6.94,6.68,1063,718000.0,3.8,-1.75,-0.12,0.35
1998-03-02,600765,6.86,6.64,6.86,6.62,1358,907000.0,3.57,-1.34,-0.09,0.45
1998-03-03,600765,6.77,6.6,6.77,6.5,1318,862000.0,4.07,-0.6,-0.04,0.44
1998-03-04,600765,6.65,6.7,6.7,6.6,856,567000.0,1.52,1.52,0.1,0.29
1998-03-05,600765,6.7,6.68,6.79,6.65,1321,887000.0,2.09,-0.3,-0.02,0.44
1998-03-06,600765,6.62,6.65,6.7,6.6,665,441000.0,1.5,-0.45,-0.03,0.22
1998-03-09,600765,6.6,6.5,6.6,6.49,1415,923000.0,1.65,-2.26,-0.15,0.47
1998-03-10,600765,6.5,6.52,6.65,6.45,1169,760000.0,3.08,0.31,0.02,0.39
1998-03-11,600765,6.64,6.48,6.68,6.45,876,570000.0,3.53,-0.61,-0.04,0.29
1998-03-12,600765,6.33,6.34,6.45,6.31,828,526000.0,2.16,-2.16,-0.14,0.28
1998-03-13,600765,6.3,6.5,6.5,6.24,1567,989000.0,4.1,2.52,0.16,0.52
1998-03-16,600765,6.49,6.64,6.65,6.49,1714,1129000.0,2.46,2.15,0.14,0.57
1998-03-17,600765,6.85,6.96,7.2,6.85,5675,3975000.0,5.27,4.82,0.32,1.89
1998-03-18,600765,7.09,6.78,7.09,6.7,3923,2721000.0,5.6,-2.59,-0.18,1.31
1998-03-19,600765,6.8,6.66,6.86,6.66,1312,880000.0,2.95,-1.77,-0.12,0.44
1998-03-20,600765,6.7,6.65,6.7,6.6,970,643000.0,1.5,-0.15,-0.01,0.32
1998-03-23,600765,6.75,6.7,6.75,6.6,1307,872000.0,2.26,0.75,0.05,0.44
1998-03-24,600765,6.75,6.57,6.98,6.47,1510,998000.0,7.61,-1.94,-0.13,0.5
1998-03-25,600765,6.57,6.43,6.65,6.39,2325,1502000.0,3.96,-2.13,-0.14,0.78
1998-03-26,600765,6.43,6.48,6.6,6.35,1381,896000.0,3.89,0.78,0.05,0.46
1998-03-27,600765,6.5,6.7,6.7,6.45,3330,2196000.0,3.86,3.4,0.22,1.11
1998-03-30,600765,6.86,6.88,6.98,6.64,4593,3146000.0,5.07,2.69,0.18,1.53
1998-03-31,600765,6.88,6.76,6.88,6.7,2284,1547000.0,2.62,-1.74,-0.12,0.76
1998-04-01,600765,6.73,6.72,6.8,6.66,1961,1319000.0,2.07,-0.59,-0.04,0.65
1998-04-02,600765,6.69,7.16,7.36,6.68,14875,10613000.0,10.12,6.55,0.44,4.96
1998-04-03,600765,7.2,7.88,7.88,7.0,31665,24316000.0,12.29,10.06,0.72,10.56
1998-04-06,600765,8.15,8.28,8.6,7.9,31438,25900000.0,8.88,5.08,0.4,10.48
1998-04-07,600765,8.28,8.05,8.3,7.95,13544,10933000.0,4.23,-2.78,-0.23,4.51
1998-04-08,600765,8.05,8.2,8.4,7.99,12447,10152000.0,5.09,1.86,0.15,4.15
1998-04-09,600765,8.3,7.7,8.35,7.53,15035,11813000.0,10.0,-6.1,-0.5,5.01
1998-04-10,600765,7.75,7.55,7.75,7.38,8308,6249000.0,4.81,-1.95,-0.15,2.77
1998-04-13,600765,7.5,7.6,7.8,7.25,7989,5943000.0,7.28,0.66,0.05,2.66
1998-04-14,600765,7.6,7.5,7.6,7.41,3350,2509000.0,2.5,-1.32,-0.1,1.12
1998-04-15,600765,7.51,7.77,7.98,7.51,7207,5630000.0,6.27,3.6,0.27,2.4
1998-04-16,600765,7.6,7.44,7.8,7.42,5075,3860000.0,4.89,-4.25,-0.33,1.69
1998-04-17,600765,7.5,7.57,7.85,7.4,9050,6899000.0,6.05,1.75,0.13,3.02
1998-04-20,600765,7.65,8.3,8.3,7.6,10525,8347000.0,9.25,9.64,0.73,3.51
1998-04-21,600765,8.3,8.01,8.3,7.86,9932,8011000.0,5.3,-3.49,-0.29,3.31
1998-04-22,600765,8.1,8.12,8.27,7.88,7621,6153000.0,4.87,1.37,0.11,2.54
1998-04-23,600765,8.1,8.28,8.48,8.0,17763,14734000.0,5.91,1.97,0.16,5.92
1998-04-27,600765,8.25,7.73,8.25,7.66,7547,5936000.0,7.13,-6.64,-0.55,2.52
1998-04-28,600765,7.68,7.83,7.97,7.55,5792,4437000.0,5.43,1.29,0.1,1.93
1998-04-29,600765,7.78,7.84,7.88,7.66,3073,2383000.0,2.81,0.13,0.01,1.02
1998-04-30,600765,7.89,7.97,8.09,7.75,6234,4939000.0,4.34,1.66,0.13,2.08
1998-05-04,600765,8.1,7.8,8.1,7.75,5423,4262000.0,4.39,-2.13,-0.17,1.81
1998-05-05,600765,7.8,7.85,7.93,7.8,3836,3016000.0,1.67,0.64,0.05,1.28
1998-05-06,600765,7.96,8.61,8.61,7.89,34088,28813000.0,9.17,9.68,0.76,11.36
1998-05-07,600765,8.65,8.55,9.26,8.4,40342,35918000.0,9.99,-0.7,-0.06,13.45
1998-05-08,600765,8.55,9.2,9.2,8.51,27005,24046000.0,8.07,7.6,0.65,9.0
1998-05-11,600765,9.28,9.0,9.65,8.9,24598,22734000.0,8.15,-2.17,-0.2,8.2
1998-05-12,600765,9.0,9.0,9.18,8.7,9919,8853000.0,5.33,0.0,0.0,3.31
1998-05-13,600765,9.05,9.29,9.35,9.01,12119,11155000.0,3.78,3.22,0.29,4.04
1998-05-14,600765,9.35,8.94,9.44,8.86,10403,9442000.0,6.24,-3.77,-0.35,3.47
1998-05-15,600765,8.94,8.66,9.1,8.58,8937,7805000.0,5.82,-3.13,-0.28,2.98
1998-05-18,600765,8.64,8.61,8.85,8.47,5867,5065000.0,4.39,-0.58,-0.05,1.96
1998-05-19,600765,8.75,8.7,8.75,8.49,4380,3799000.0,3.02,1.05,0.09,1.46
1998-05-20,600765,8.75,8.91,9.1,8.58,6434,5733000.0,5.98,2.41,0.21,2.14
1998-05-21,600765,8.9,9.0,9.27,8.9,6456,5873000.0,4.15,1.01,0.09,2.15
1998-05-22,600765,9.09,9.1,9.19,8.95,6960,6296000.0,2.67,1.11,0.1,2.32
1998-05-25,600765,9.33,9.5,9.66,9.15,15741,14850000.0,5.6,4.4,0.4,5.25
1998-05-26,600765,9.5,9.22,9.6,9.17,8164,7620000.0,4.53,-2.95,-0.28,2.72
1998-05-27,600765,9.22,9.28,9.49,9.04,5973,5553000.0,4.88,0.65,0.06,1.99
1998-05-28,600765,9.27,9.1,9.38,9.0,8751,7980000.0,4.09,-1.94,-0.18,2.92
1998-05-29,600765,9.1,9.18,9.3,9.06,6214,5680000.0,2.64,0.88,0.08,2.07
1998-06-01,600765,9.18,9.52,9.6,9.16,10597,9967515.0,4.79,3.7,0.34,3.53
1998-06-02,600765,9.6,9.84,10.07,9.6,21845,21606000.0,4.94,3.36,0.32,7.28
1998-06-03,600765,9.94,9.8,10.0,9.68,7044,6886000.0,3.25,-0.41,-0.04,2.35
1998-06-04,600765,9.8,9.62,9.86,9.52,5898,5725000.0,3.47,-1.84,-0.18,1.97
1998-06-05,600765,9.5,9.25,9.6,9.06,9068,8410000.0,5.61,-3.85,-0.37,3.02
1998-06-08,600765,9.2,9.13,9.25,9.01,5292,4834000.0,2.59,-1.3,-0.12,1.76
1998-06-09,600765,9.06,8.54,9.06,8.25,7003,6095000.0,8.87,-6.46,-0.59,2.33
1998-06-10,600765,8.5,8.31,8.65,8.1,5738,4762000.0,6.44,-2.69,-0.23,1.91
1998-06-11,600765,8.21,8.05,8.43,8.0,4828,3946000.0,5.17,-3.13,-0.26,1.61
1998-06-12,600765,8.2,8.55,8.68,8.18,8234,6943000.0,6.21,6.21,0.5,2.74
1998-06-15,600765,8.55,8.28,8.58,8.23,4138,3437000.0,4.09,-3.16,-0.27,1.38
1998-06-16,600765,9.01,8.58,9.01,8.2,4383,3743000.0,9.78,3.62,0.3,1.46
1998-06-17,600765,8.58,8.4,8.63,8.36,2233,1895000.0,3.15,-2.1,-0.18,0.74
1998-06-18,600765,8.5,8.5,8.66,8.42,1851,1575000.0,2.86,1.19,0.1,0.62
1998-06-19,600765,8.6,8.66,8.7,8.5,2861,2456000.0,2.35,1.88,0.16,0.95
1998-06-22,600765,8.72,8.52,8.72,8.4,4752,4021000.0,3.7,-1.62,-0.14,1.58
1998-06-23,600765,8.52,8.29,8.52,8.26,3877,3225000.0,3.05,-2.7,-0.23,1.29
1998-06-24,600765,8.35,8.31,8.48,8.31,1844,1544000.0,2.05,0.24,0.02,0.61
1998-06-25,600765,8.4,8.18,8.44,8.18,2812,2323000.0,3.13,-1.56,-0.13,0.94
1998-06-26,600765,8.26,8.38,8.48,8.23,1853,1547000.0,3.06,2.44,0.2,0.62
1998-06-29,600765,8.25,7.95,8.25,7.94,2361,1895000.0,3.7,-5.13,-0.43,0.79
1998-06-30,600765,7.81,7.74,7.9,7.68,1642,1276000.0,2.77,-2.64,-0.21,0.55
1998-07-01,600765,8.0,7.53,8.01,7.5,2105,1618000.0,6.59,-2.71,-0.21,0.7
1998-07-02,600765,7.51,7.8,7.8,7.46,1924,1471000.0,4.52,3.59,0.27,0.64
1998-07-03,600765,7.8,7.8,7.83,7.62,1427,1107000.0,2.69,0.0,0.0,0.48
1998-07-06,600765,7.85,7.9,8.18,7.85,2905,2331000.0,4.23,1.28,0.1,0.97
1998-07-07,600765,7.99,7.9,7.99,7.71,699,545000.0,3.54,0.0,0.0,0.23
1998-07-08,600765,7.94,8.0,8.08,7.86,1002,800000.0,2.78,1.27,0.1,0.33
1998-07-09,600765,8.0,7.96,8.0,7.88,744,589000.0,1.5,-0.5,-0.04,0.25
1998-07-10,600765,7.96,8.09,8.15,7.96,1476,1190000.0,2.39,1.63,0.13,0.49
1998-07-13,600765,8.09,7.9,8.09,7.81,1895,1498000.0,3.46,-2.35,-0.19,0.63
1998-07-14,600765,7.9,7.85,8.05,7.8,1516,1198000.0,3.16,-0.63,-0.05,0.51
1998-07-15,600765,7.81,7.76,7.85,7.75,1490,1160000.0,1.27,-1.15,-0.09,0.5
1998-07-16,600765,7.72,7.95,8.05,7.71,1609,1262000.0,4.38,2.45,0.19,0.54
1998-07-17,600765,7.92,7.75,7.95,7.71,1657,1293000.0,3.02,-2.52,-0.2,0.55
1998-07-20,600765,7.99,7.66,7.99,7.65,1528,1181000.0,4.39,-1.16,-0.09,0.51
1998-07-21,600765,7.6,8.0,8.1,7.6,2443,1939000.0,6.53,4.44,0.34,0.81
1998-07-22,600765,7.95,8.24,8.26,7.91,5113,4167000.0,4.38,3.0,0.24,1.7
1998-07-23,600765,8.23,8.25,8.36,8.21,3920,3252000.0,1.82,0.12,0.01,1.31
1998-07-24,600765,8.25,8.18,8.3,8.11,2450,2011000.0,2.3,-0.85,-0.07,0.82
1998-07-27,600765,8.18,8.33,8.39,8.08,2578,2118000.0,3.79,1.83,0.15,0.86
1998-07-28,600765,8.33,8.31,8.5,8.25,2506,2101000.0,3.0,-0.24,-0.02,0.84
1998-07-29,600765,8.3,8.2,8.32,8.1,1415,1158000.0,2.65,-1.32,-0.11,0.47
1998-07-30,600765,8.2,8.05,8.2,8.0,1429,1155000.0,2.44,-1.83,-0.15,0.48
1998-07-31,600765,8.08,8.1,8.18,8.03,1371,1113000.0,1.86,0.62,0.05,0.46
1998-08-03,600765,8.1,8.2,8.2,8.08,1875,1525000.0,1.48,1.23,0.1,0.63
1998-08-04,600765,8.2,8.15,8.2,8.0,1196,968000.0,2.44,-0.61,-0.05,0.4
1998-08-05,600765,8.08,8.3,8.32,8.08,1674,1379000.0,2.94,1.84,0.15,0.56
1998-08-06,600765,8.3,8.54,8.72,8.25,11322,9681000.0,5.66,2.89,0.24,3.77
1998-08-07,600765,8.5,8.99,8.99,8.49,19144,16817000.0,5.85,5.27,0.45,6.38
1998-08-10,600765,8.97,8.86,9.16,8.61,19737,17657000.0,6.12,-1.45,-0.13,6.58
1998-08-11,600765,8.81,8.35,8.9,8.32,6987,6018000.0,6.55,-5.76,-0.51,2.33
1998-08-12,600765,8.3,8.01,8.3,7.55,8858,6974000.0,8.98,-4.07,-0.34,2.95
1998-08-13,600765,7.95,8.1,8.2,7.7,4687,3716000.0,6.24,1.12,0.09,1.56
1998-08-14,600765,8.1,7.68,8.1,7.68,4539,3537000.0,5.19,-5.19,-0.42,1.51
1998-08-17,600765,7.54,6.91,7.55,6.91,3727,2628000.0,8.33,-10.03,-0.77,1.24
1998-08-18,600765,6.68,6.7,7.2,6.5,3369,2296000.0,10.13,-3.04,-0.21,1.12
1998-08-19,600765,6.7,7.06,7.09,6.7,3491,2426000.0,5.82,5.37,0.36,1.16
1998-08-20,600765,7.08,7.31,7.34,6.99,5194,3699000.0,4.96,3.54,0.25,1.73
1998-08-21,600765,7.28,7.29,7.34,7.12,3492,2516000.0,3.01,-0.27,-0.02,1.16
1998-08-24,600765,7.15,7.36,7.53,7.15,4633,3404000.0,5.21,0.96,0.07,1.54
1998-08-25,600765,7.36,7.4,7.4,7.11,2821,2049000.0,3.94,0.54,0.04,0.94
1998-08-26,600765,8.09,7.48,8.09,7.45,6947,5345000.0,8.65,1.08,0.08,2.32
1998-08-27,600765,7.39,7.18,7.39,7.18,2679,1945000.0,2.81,-4.01,-0.3,0.89
1998-08-28,600765,7.1,7.1,7.2,7.01,2550,1810000.0,2.65,-1.11,-0.08,0.85
1998-08-31,600765,6.98,7.29,7.29,6.6,2589,1776000.0,9.72,2.68,0.19,0.86
1998-09-01,600765,7.25,7.18,7.35,7.1,2904,2096000.0,3.43,-1.51,-0.11,0.97
1998-09-02,600765,7.1,7.08,7.15,7.0,1709,1210000.0,2.09,-1.39,-0.1,0.57
1998-09-03,600765,7.03,7.14,7.2,7.03,1039,740000.0,2.4,0.85,0.06,0.35
1998-09-04,600765,7.2,7.37,7.39,7.17,2414,1768000.0,3.08,3.22,0.23,0.8
1998-09-07,600765,7.47,7.45,7.47,7.28,2608,1922000.0,2.58,1.09,0.08,0.87
1998-09-08,600765,7.38,7.3,7.52,7.26,2202,1631000.0,3.49,-2.01,-0.15,0.73
1998-09-09,600765,7.3,7.52,7.56,7.25,2982,2212000.0,4.25,3.01,0.22,0.99
1998-09-10,600765,7.46,7.68,7.75,7.46,5472,4199000.0,3.86,2.13,0.16,1.82
1998-09-11,600765,7.75,8.01,8.07,7.73,11774,9396000.0,4.43,4.3,0.33,3.92
1998-09-14,600765,8.03,8.18,8.2,7.92,7165,5768000.0,3.5,2.12,0.17,2.39
1998-09-15,600765,8.18,8.16,8.6,7.42,8795,7300000.0,14.43,-0.24,-0.02,2.93
1998-09-16,600765,8.1,8.24,8.28,8.0,6482,5259000.0,3.43,0.98,0.08,2.16
1998-09-17,600765,8.29,7.95,8.3,7.85,6444,5232000.0,5.46,-3.52,-0.29,2.15
1998-09-18,600765,7.85,7.62,7.91,7.58,5128,3969000.0,4.15,-4.15,-0.33,1.71
1998-09-21,600765,7.58,7.95,7.99,7.48,3032,2352000.0,6.69,4.33,0.33,1.01
1998-09-22,600765,8.0,7.99,8.0,7.8,2716,2152000.0,2.52,0.5,0.04,0.91
1998-09-23,600765,7.98,8.02,8.15,7.91,2594,2080000.0,3.0,0.38,0.03,0.86
1998-09-24,600765,8.0,7.72,8.18,7.7,4163,3334000.0,5.99,-3.74,-0.3,1.39
1998-09-25,600765,7.69,7.96,8.0,7.6,3705,2893000.0,5.18,3.11,0.24,1.24
1998-09-28,600765,8.01,8.23,8.4,7.95,10440,8613000.0,5.65,3.39,0.27,3.48
1998-09-29,600765,8.25,8.2,8.38,8.1,4979,4101000.0,3.4,-0.36,-0.03,1.66
1998-09-30,600765,8.26,8.39,8.45,8.2,8039,6722000.0,3.05,2.32,0.19,2.68
1998-10-05,600765,8.51,8.5,8.73,8.46,20855,17976000.0,3.22,1.31,0.11,6.95
1998-10-06,600765,8.51,8.31,8.65,8.3,8175,6893000.0,4.12,-2.24,-0.19,2.73
1998-10-07,600765,8.25,8.4,8.5,8.22,7157,5994000.0,3.37,1.08,0.09,2.39
1998-10-08,600765,8.45,8.72,8.75,8.45,8366,7223000.0,3.57,3.81,0.32,2.79
1998-10-09,600765,8.76,8.65,8.78,8.55,6592,5712000.0,2.64,-0.8,-0.07,2.2
1998-10-12,600765,8.68,9.08,9.09,8.55,15778,14155000.0,6.24,4.97,0.43,5.26
1998-10-13,600765,9.1,9.0,9.15,8.93,10328,9306000.0,2.42,-0.88,-0.08,3.44
1998-10-14,600765,9.0,8.9,9.08,8.66,6857,6158000.0,4.67,-1.11,-0.1,2.29
1998-10-15,600765,8.95,9.1,9.32,8.95,7161,6566000.0,4.16,2.25,0.2,2.39
1998-10-16,600765,9.15,8.8,9.42,8.8,15619,14553000.0,6.81,-3.3,-0.3,5.21
1998-10-19,600765,9.58,9.18,9.58,9.15,14184,13237000.0,4.89,4.32,0.38,4.73
1998-10-20,600765,9.18,9.14,9.3,9.08,7578,6925000.0,2.4,-0.44,-0.04,2.53
1998-10-21,600765,9.1,8.85,9.11,8.78,11237,9992000.0,3.61,-3.17,-0.29,3.75
1998-10-22,600765,8.9,9.14,9.14,8.58,5657,4936000.0,6.33,3.28,0.29,1.89
1998-10-23,600765,9.02,9.1,9.12,8.9,6176,5562000.0,2.41,-0.44,-0.04,2.06
1998-10-26,600765,8.96,9.12,9.16,8.88,6067,5470000.0,3.08,0.22,0.02,2.02
1998-10-27,600765,9.03,9.48,9.52,9.03,14643,13669000.0,5.37,3.95,0.36,4.88
1998-10-28,600765,9.5,9.68,9.7,9.39,16921,16244000.0,3.27,2.11,0.2,5.64
1998-10-29,600765,9.75,9.7,9.75,9.38,10386,9968020.0,3.82,0.21,0.02,3.46
1998-10-30,600765,9.7,9.74,9.88,9.55,12691,12349000.0,3.4,0.41,0.04,4.23
1998-11-02,600765,9.8,10.18,10.19,9.57,32773,32461000.0,6.37,4.52,0.44,10.92
1998-11-03,600765,10.22,10.48,10.49,10.18,43741,45296000.0,3.05,2.95,0.3,14.58
1998-11-04,600765,10.48,10.06,10.48,10.0,21961,22332000.0,4.58,-4.01,-0.42,7.32
1998-11-05,600765,9.68,10.26,10.26,9.63,34016,34499000.0,6.26,1.99,0.2,9.87
1998-11-06,600765,10.64,11.26,11.29,10.38,47181,51779000.0,8.87,9.75,1.0,13.69
1998-11-09,600765,11.57,11.75,11.8,11.01,34108,39181000.0,7.02,4.35,0.49,9.89
1998-11-10,600765,11.88,12.07,12.15,11.3,24225,28626000.0,7.23,2.72,0.32,7.03
1998-11-11,600765,12.07,12.0,12.08,11.71,10537,12591000.0,3.07,-0.58,-0.07,3.06
1998-11-12,600765,12.0,12.48,12.5,11.88,18637,22578000.0,5.17,4.0,0.48,5.41
1998-11-13,600765,12.48,12.2,12.63,12.0,17167,21207000.0,5.05,-2.24,-0.28,4.98
1998-11-16,600765,12.17,12.29,12.36,11.65,19355,23214000.0,5.82,0.74,0.09,5.61
1998-11-17,600765,12.48,12.09,12.6,11.86,13366,16261000.0,6.02,-1.63,-0.2,3.88
1998-11-18,600765,12.0,12.99,13.29,11.8,34237,43182000.0,12.32,7.44,0.9,9.93
1998-11-19,600765,12.99,12.65,12.99,12.4,15620,19753000.0,4.54,-2.62,-0.34,4.53
1998-11-20,600765,12.58,11.95,12.8,11.39,22793,27191000.0,11.15,-5.53,-0.7,6.61
1998-11-23,600765,11.8,11.5,11.8,11.23,9991,11422000.0,4.77,-3.77,-0.45,2.9
1998-11-24,600765,11.5,11.51,11.69,11.22,9445,10859000.0,4.09,0.09,0.01,2.74
1998-11-25,600765,11.5,11.5,11.78,11.18,7958,9136000.0,5.21,-0.09,-0.01,2.31
1998-11-26,600765,11.48,11.23,11.48,11.0,5035,5626000.0,4.17,-2.35,-0.27,1.46
1998-11-27,600765,11.18,11.28,11.38,11.06,4834,5417000.0,2.85,0.45,0.05,1.4
1998-11-30,600765,11.28,11.5,11.5,11.1,5619,6378000.0,3.55,1.95,0.22,1.63
1998-12-01,600765,11.7,11.5,11.7,11.3,6749,7813000.0,3.48,0.0,0.0,1.96
1998-12-02,600765,11.11,11.6,11.6,11.11,4246,4858000.0,4.26,0.87,0.1,1.23
1998-12-03,600765,11.58,11.57,11.69,11.4,4085,4726000.0,2.5,-0.26,-0.03,1.18
1998-12-04,600765,11.57,11.4,11.58,11.0,3520,3980000.0,5.01,-1.47,-0.17,1.02
1998-12-07,600765,11.48,11.48,11.59,11.11,6757,7730000.0,4.21,0.7,0.08,1.96
1998-12-08,600765,11.32,11.3,11.47,11.15,3246,3670000.0,2.79,-1.57,-0.18,0.94
1998-12-09,600765,11.2,10.17,11.2,10.17,10998,11302000.0,9.12,-10.0,-1.13,3.19
1998-12-10,600765,10.0,9.6,10.0,9.15,35318,33076000.0,8.36,-5.6,-0.57,10.25
1998-12-11,600765,9.35,9.77,9.78,9.01,18331,17496000.0,8.02,1.77,0.17,5.32
1998-12-14,600765,9.77,9.45,9.77,9.16,5953,5617000.0,6.24,-3.28,-0.32,1.73
1998-12-15,600765,9.45,9.3,9.45,9.01,6439,5883000.0,4.66,-1.59,-0.15,1.87
1998-12-16,600765,9.3,9.39,9.39,9.1,2731,2519000.0,3.12,0.97,0.09,0.79
1998-12-17,600765,9.35,9.29,9.35,9.01,3767,3437000.0,3.62,-1.06,-0.1,1.09
1998-12-18,600765,9.15,9.24,9.24,8.98,7112,6436000.0,2.8,-0.54,-0.05,2.06
1998-12-21,600765,9.18,9.2,9.29,9.0,2916,2676000.0,3.14,-0.43,-0.04,0.85
1998-12-22,600765,9.2,9.41,9.46,9.03,6783,6311000.0,4.67,2.28,0.21,1.97
1998-12-23,600765,9.38,9.38,9.4,9.25,3262,3045000.0,1.59,-0.32,-0.03,0.95
1998-12-24,600765,9.35,9.37,9.38,9.12,3154,2912000.0,2.77,-0.11,-0.01,0.91
1998-12-25,600765,9.3,9.34,9.38,9.15,3248,3010000.0,2.45,-0.32,-0.03,0.94
1998-12-28,600765,9.32,9.21,9.41,9.15,2074,1908000.0,2.78,-1.39,-0.13,0.6
1998-12-29,600765,9.2,9.28,9.29,9.07,5128,4715000.0,2.39,0.76,0.07,1.49
1998-12-30,600765,9.25,9.48,9.7,9.0,6513,6062000.0,7.54,2.16,0.2,1.89
1998-12-31,600765,9.4,9.57,9.64,9.39,5128,4880000.0,2.64,0.95,0.09,1.49
1999-01-04,600765,9.53,9.45,9.57,9.32,2236,2105000.0,2.61,-1.25,-0.12,0.65
1999-01-05,600765,9.35,9.2,9.35,9.08,1698,1556000.0,2.86,-2.65,-0.25,0.49
1999-01-06,600765,9.2,9.32,9.45,9.01,4061,3754000.0,4.78,1.3,0.12,1.18
1999-01-07,600765,9.3,9.33,9.48,9.04,4733,4388000.0,4.72,0.11,0.01,1.37
1999-01-08,600765,9.3,10.26,10.26,9.3,24303,23998000.0,10.29,9.97,0.93,7.05
1999-01-11,600765,10.38,10.29,10.44,9.98,16455,16937000.0,4.48,0.29,0.03,4.77
1999-01-12,600765,10.3,10.0,10.32,9.88,7353,7430000.0,4.28,-2.82,-0.29,2.13
1999-01-13,600765,10.18,9.93,10.18,9.79,7432,7396000.0,3.9,-0.7,-0.07,2.16
1999-01-14,600765,9.9,10.0,10.18,9.7,7839,7835000.0,4.83,0.7,0.07,2.27
1999-01-15,600765,10.0,10.0,10.03,9.7,5395,5319000.0,3.3,0.0,0.0,1.57
1999-01-18,600765,9.98,10.0,10.0,9.8,5381,5335000.0,2.0,0.0,0.0,1.56
1999-01-19,600765,9.99,10.2,10.22,9.92,8571,8673000.0,3.0,2.0,0.2,2.49
1999-01-20,600765,10.15,10.29,10.3,10.1,6997,7143000.0,1.96,0.88,0.09,2.03
1999-01-21,600765,10.25,10.17,10.3,10.05,5730,5816000.0,2.43,-1.17,-0.12,1.66
1999-01-22,600765,10.2,10.2,10.32,10.04,6850,7003000.0,2.75,0.29,0.03,1.99
1999-01-25,600765,10.19,9.85,10.2,9.7,4455,4425000.0,4.9,-3.43,-0.35,1.29
1999-01-26,600765,9.85,9.65,9.85,9.4,5839,5656000.0,4.57,-2.03,-0.2,1.69
1999-01-27,600765,9.65,9.75,9.86,9.11,12233,11763000.0,7.77,1.04,0.1,3.55
1999-01-28,600765,9.8,10.16,10.3,9.8,12129,12291000.0,5.13,4.21,0.41,3.52
1999-01-29,600765,10.2,10.21,10.4,10.11,11699,12004000.0,2.85,0.49,0.05,3.39
1999-02-01,600765,10.22,10.27,10.7,9.99,20493,21300000.0,6.95,0.59,0.06,5.94
1999-02-02,600765,10.3,10.06,10.4,9.8,14942,14983000.0,5.84,-2.04,-0.21,4.33
1999-02-03,600765,10.06,9.78,10.11,9.4,6213,6067000.0,7.06,-2.78,-0.28,1.8
1999-02-04,600765,9.78,9.63,9.79,9.4,6537,6237000.0,3.99,-1.53,-0.15,1.9
1999-02-05,600765,9.63,9.3,9.63,9.1,8446,7866000.0,5.5,-3.43,-0.33,2.45
1999-02-08,600765,9.25,9.06,9.27,8.9,4318,3920000.0,3.98,-2.58,-0.24,1.25
1999-02-09,600765,9.1,9.47,9.49,9.1,9755,9138000.0,4.3,4.53,0.41,2.83
1999-03-01,600765,9.47,9.25,9.52,9.05,7493,6895000.0,4.96,-2.32,-0.22,2.17
1999-03-02,600765,9.25,8.98,9.26,8.8,7866,7098000.0,4.97,-2.92,-0.27,2.28
1999-03-03,600765,8.94,9.3,9.45,8.36,16785,14658000.0,12.14,3.56,0.32,4.87
1999-03-04,600765,9.29,8.99,9.29,8.85,13797,12500000.0,4.73,-3.33,-0.31,4.0
1999-03-05,600765,9.0,8.6,9.0,8.58,10718,9337000.0,4.67,-4.34,-0.39,3.11
1999-03-08,600765,8.6,8.6,8.73,8.33,18882,16133000.0,4.65,0.0,0.0,5.48
1999-03-09,600765,8.73,9.2,9.46,8.6,50462,45978000.0,10.0,6.98,0.6,14.64
1999-03-10,600765,9.19,8.93,9.28,8.9,13345,12129000.0,4.13,-2.93,-0.27,3.87
1999-03-11,600765,8.92,9.57,9.58,8.92,30177,28401000.0,7.39,7.17,0.64,8.75
1999-03-12,600765,9.8,9.88,10.1,9.6,31582,31293000.0,5.22,3.24,0.31,9.16
1999-03-15,600765,9.86,9.9,10.08,9.68,17570,17308000.0,4.05,0.2,0.02,5.1
1999-03-16,600765,9.9,9.77,10.0,9.65,13566,13289000.0,3.54,-1.31,-0.13,3.94
1999-03-17,600765,9.9,9.6,10.2,9.55,25993,25888000.0,6.65,-1.74,-0.17,7.54
1999-03-18,600765,9.5,9.28,9.7,9.2,12039,11398000.0,5.21,-3.33,-0.32,3.49
1999-03-19,600765,9.21,9.54,9.55,9.17,10861,10138000.0,4.09,2.8,0.26,3.15
1999-03-22,600765,9.54,9.48,9.74,9.38,12013,11417000.0,3.77,-0.63,-0.06,3.48
1999-03-23,600765,9.45,9.36,9.48,9.17,6972,6484000.0,3.27,-1.27,-0.12,2.02
1999-03-24,600765,9.38,9.33,9.54,9.2,21274,19826000.0,3.63,-0.32,-0.03,6.17
1999-03-25,600765,9.3,9.02,9.3,8.97,9572,8676000.0,3.54,-3.32,-0.31,2.78
1999-03-26,600765,9.02,9.05,9.16,8.98,4311,3898000.0,2.0,0.33,0.03,1.25
1999-03-29,600765,9.1,9.08,9.15,8.97,4530,4093000.0,1.99,0.33,0.03,1.31
1999-03-30,600765,9.12,9.05,9.26,9.0,4627,4224000.0,2.86,-0.33,-0.03,1.34
1999-03-31,600765,9.08,8.89,9.08,8.78,5525,4926000.0,3.31,-1.77,-0.16,1.6
1999-04-01,600765,8.89,9.18,9.2,8.62,9839,8695000.0,6.52,3.26,0.29,2.85
1999-04-02,600765,9.19,9.21,9.35,9.0,10297,9503000.0,3.81,0.33,0.03,2.99
1999-04-05,600765,9.22,8.97,9.29,8.97,9376,8533000.0,3.47,-2.61,-0.24,2.72
1999-04-06,600765,9.0,9.03,9.1,8.88,7468,6720000.0,2.45,0.67,0.06,2.17
1999-04-07,600765,9.05,9.17,9.22,8.85,10762,9763000.0,4.1,1.55,0.14,3.12
1999-04-08,600765,9.2,9.26,9.57,9.2,20453,19232000.0,4.03,0.98,0.09,5.93
1999-04-09,600765,9.3,9.0,9.3,8.9,11953,10804000.0,4.32,-2.81,-0.26,3.47
1999-04-12,600765,8.95,8.66,8.95,8.65,10773,9387000.0,3.33,-3.78,-0.34,3.13
1999-04-13,600765,8.65,8.75,8.9,8.52,5734,4979000.0,4.39,1.04,0.09,1.66
1999-04-14,600765,8.7,8.5,8.8,8.4,6474,5532000.0,4.57,-2.86,-0.25,1.88
1999-04-15,600765,8.55,7.95,8.6,7.9,15234,12453000.0,8.24,-6.47,-0.55,4.42
1999-04-16,600765,8.74,8.01,8.74,7.65,6360,5100000.0,13.71,0.75,0.06,1.84
1999-04-19,600765,8.0,7.77,8.03,7.75,6639,5177000.0,3.5,-3.0,-0.24,1.93
1999-04-20,600765,7.8,7.88,8.05,7.77,2954,2337000.0,3.6,1.42,0.11,0.86
1999-04-21,600765,7.9,7.62,7.9,7.6,4623,3576000.0,3.81,-3.3,-0.26,1.34
1999-04-22,600765,7.6,7.3,7.6,7.1,7824,5727000.0,6.56,-4.2,-0.32,2.27
1999-04-23,600765,7.3,7.46,7.55,7.26,5165,3793000.0,3.97,2.19,0.16,1.5
1999-04-26,600765,7.33,7.08,7.33,7.08,5101,3650000.0,3.35,-5.09,-0.38,1.48
1999-04-27,600765,7.0,6.83,7.05,6.81,4046,2791000.0,3.39,-3.53,-0.25,1.17
1999-04-28,600765,6.79,6.88,7.08,6.78,2653,1834000.0,4.39,0.73,0.05,0.77
1999-04-29,600765,6.88,7.22,7.24,6.86,4110,2928000.0,5.52,4.94,0.34,1.19
1999-04-30,600765,7.24,7.48,7.7,7.24,7477,5633000.0,6.37,3.6,0.26,2.17
1999-05-04,600765,7.51,7.3,7.51,7.2,2577,1884000.0,4.14,-2.41,-0.18,0.75
1999-05-05,600765,7.35,7.65,7.82,7.25,3851,2890000.0,7.81,4.79,0.35,1.12
1999-05-06,600765,7.65,7.63,7.69,7.5,2778,2109000.0,2.48,-0.26,-0.02,0.81
1999-05-07,600765,7.6,7.32,7.65,7.3,2722,2019000.0,4.59,-4.06,-0.31,0.79
1999-05-10,600765,7.22,6.95,7.22,6.8,5563,3908000.0,5.74,-5.05,-0.37,1.61
1999-05-11,600765,7.0,7.19,7.2,7.0,1774,1260000.0,2.88,3.45,0.24,0.51
1999-05-12,600765,7.25,7.35,7.48,7.05,3121,2269000.0,5.98,2.23,0.16,0.91
1999-05-13,600765,7.25,7.25,7.42,7.23,3331,2433000.0,2.59,-1.36,-0.1,0.97
1999-05-14,600765,7.25,7.25,7.35,7.16,2916,2108000.0,2.62,0.0,0.0,0.85
1999-05-17,600765,7.23,7.72,7.79,7.18,15565,11857000.0,8.41,6.48,0.47,4.52
1999-05-18,600765,7.7,7.5,7.79,7.45,8996,6852000.0,4.4,-2.85,-0.22,2.61
1999-05-19,600765,7.42,7.92,7.99,7.4,9255,7184000.0,7.87,5.6,0.42,2.68
1999-05-21,600765,8.35,7.82,8.44,7.78,17593,14301000.0,8.33,-1.26,-0.1,5.1
1999-05-24,600765,8.02,8.15,8.25,7.95,17117,13898000.0,3.84,4.22,0.33,4.97
1999-05-25,600765,8.2,7.85,8.33,7.85,13996,11315000.0,5.89,-3.68,-0.3,4.06
1999-05-26,600765,7.7,7.93,7.99,7.7,8008,6261000.0,3.69,1.02,0.08,2.32
1999-05-27,600765,8.0,8.09,8.25,7.88,12971,10445000.0,4.67,2.02,0.16,3.76
1999-05-28,600765,8.15,7.83,8.2,7.8,9510,7515000.0,4.94,-3.21,-0.26,2.76
1999-05-31,600765,7.8,7.7,8.09,7.6,10360,8040000.0,6.26,-1.66,-0.13,3.01
1999-06-01,600765,7.71,7.98,8.0,7.61,10376,8104000.0,5.06,3.64,0.28,3.01
1999-06-02,600765,8.08,8.35,8.65,8.0,25193,20934000.0,8.15,4.64,0.37,7.31
1999-06-03,600765,8.3,7.95,8.32,7.71,8646,6931000.0,7.31,-4.79,-0.4,2.51
1999-06-04,600765,7.85,7.87,7.99,7.7,9433,7359000.0,3.65,-1.01,-0.08,2.74
1999-06-07,600765,7.87,8.3,8.3,7.71,9824,7814000.0,7.5,5.46,0.43,2.85
1999-06-08,600765,8.3,8.1,8.33,8.0,10878,8798000.0,3.98,-2.41,-0.2,3.16
1999-06-09,600765,8.1,8.42,8.65,8.1,20970,17582000.0,6.79,3.95,0.32,6.08
1999-06-10,600765,8.49,8.33,8.51,8.21,12792,10682000.0,3.56,-1.07,-0.09,3.71
1999-06-11,600765,8.28,8.48,8.65,8.28,17481,14888000.0,4.44,1.8,0.15,5.07
1999-06-14,600765,8.55,9.15,9.25,8.53,25520,22714000.0,8.49,7.9,0.67,7.4
1999-06-15,600765,9.23,8.49,9.34,8.28,27830,24870000.0,11.58,-7.21,-0.66,8.07
1999-06-16,600765,8.5,8.8,8.88,8.35,15959,13679000.0,6.24,3.65,0.31,4.63
1999-06-17,600765,9.0,9.15,9.18,8.5,28011,24749000.0,7.73,3.98,0.35,8.13
1999-06-18,600765,9.31,9.45,9.68,9.03,62785,59142000.0,7.1,3.28,0.3,18.21
1999-06-21,600765,9.66,10.4,10.4,9.44,67734,68436000.0,10.16,10.05,0.95,19.65
1999-06-22,600765,10.54,10.2,10.63,9.95,43436,44404000.0,6.54,-1.92,-0.2,12.6
1999-06-23,600765,10.21,10.28,10.35,10.0,24275,24646000.0,3.43,0.78,0.08,7.04
1999-06-24,600765,10.35,10.4,10.5,10.14,24477,25138000.0,3.5,1.17,0.12,7.1
1999-06-25,600765,10.4,9.38,10.4,9.36,34641,34392000.0,10.0,-9.81,-1.02,10.05
1999-06-28,600765,9.2,9.57,9.6,9.0,28886,26891000.0,6.4,2.03,0.19,8.38
1999-06-29,600765,9.5,9.45,9.65,9.05,27466,25445000.0,6.27,-1.25,-0.12,7.97
1999-06-30,600765,9.45,9.15,9.75,9.08,21921,20545000.0,7.09,-3.17,-0.3,6.36
1999-07-01,600765,9.09,8.24,9.39,8.24,11152,9741000.0,12.57,-9.95,-0.91,3.24
1999-07-02,600765,8.26,8.6,8.9,8.02,14777,12439000.0,10.68,4.37,0.36,4.29
1999-07-05,600765,8.62,8.32,8.69,8.22,8682,7282000.0,5.47,-3.26,-0.28,2.52
1999-07-06,600765,8.3,8.2,8.47,8.1,7813,6440000.0,4.45,-1.44,-0.12,2.27
1999-07-07,600765,8.3,8.35,8.42,8.1,6218,5153000.0,3.9,1.83,0.15,1.8
1999-07-08,600765,8.36,8.47,8.59,8.28,6510,5484077.0,3.71,1.44,0.12,1.89
1999-07-09,600765,8.42,8.48,8.52,8.21,6314,5238000.0,3.66,0.12,0.01,1.83
1999-07-12,600765,8.4,8.15,8.45,8.11,4173,3423044.0,4.01,-3.89,-0.33,1.21
1999-07-13,600765,8.1,7.9,8.15,7.81,5636,4451000.0,4.17,-3.07,-0.25,1.63
1999-07-14,600765,7.85,8.1,8.16,7.85,4634,3718000.0,3.92,2.53,0.2,1.34
1999-07-15,600765,8.2,8.1,8.28,8.0,4645,3790000.0,3.46,0.0,0.0,1.35
1999-07-16,600765,8.12,8.0,8.23,7.91,2654,2119000.0,3.95,-1.23,-0.1,0.77
1999-07-19,600765,7.8,7.67,7.9,7.66,3657,2831000.0,3.0,-4.13,-0.33,1.06
1999-07-20,600765,7.98,8.15,8.18,7.71,2501,1997000.0,6.13,6.26,0.48,0.73
1999-07-21,600765,8.18,8.4,8.41,8.0,11538,9452000.0,5.03,3.07,0.25,3.35
1999-07-22,600765,8.2,8.1,8.58,7.81,9913,8187000.0,9.17,-3.57,-0.3,2.88
1999-07-23,600765,8.0,8.53,8.6,8.0,16206,13711000.0,7.41,5.31,0.43,4.7
1999-07-26,600765,8.83,9.06,9.08,8.6,20532,18260000.0,5.63,6.21,0.53,5.96
1999-07-27,600765,9.06,8.93,9.18,8.8,8515,7585000.0,4.19,-1.43,-0.13,2.47
1999-07-28,600765,9.01,8.69,9.02,8.6,7812,6886000.0,4.7,-2.69,-0.24,2.27
1999-07-29,600765,8.8,8.6,8.88,8.52,5039,4354000.0,4.14,-1.04,-0.09,1.46
1999-07-30,600765,8.61,8.65,8.75,8.55,3482,3004079.0,2.33,0.58,0.05,1.01
1999-08-02,600765,8.7,8.81,8.96,8.68,4424,3898000.0,3.24,1.85,0.16,1.28
1999-08-03,600765,8.81,8.88,8.96,8.8,4175,3704000.0,1.82,0.79,0.07,1.21
1999-08-04,600765,9.0,9.23,9.3,8.21,14411,13151000.0,12.27,3.94,0.35,4.18
1999-08-05,600765,9.18,9.1,9.3,8.95,7855,7132000.0,3.79,-1.41,-0.13,2.28
1999-08-06,600765,9.08,8.95,9.08,8.56,6792,5985000.0,5.71,-1.65,-0.15,1.97
1999-08-09,600765,8.88,8.73,8.9,8.65,3796,3315000.0,2.79,-2.46,-0.22,1.1
1999-08-10,600765,8.71,8.6,8.71,8.55,4682,4035000.0,1.83,-1.49,-0.13,1.36
1999-08-11,600765,8.51,8.72,8.79,8.5,3929,3360000.0,3.37,1.4,0.12,1.14
1999-08-12,600765,8.72,8.8,8.92,8.48,3118,2707000.0,5.05,0.92,0.08,0.9
1999-08-13,600765,8.75,8.67,8.78,8.6,1352,1170000.0,2.05,-1.48,-0.13,0.39
1999-08-16,600765,8.7,8.58,8.7,8.5,2823,2412000.0,2.31,-1.04,-0.09,0.82
1999-08-17,600765,8.58,8.53,8.79,8.0,2888,2488000.0,9.21,-0.58,-0.05,0.84
1999-08-18,600765,8.31,8.48,8.52,8.11,4300,3547000.0,4.81,-0.59,-0.05,1.25
1999-08-19,600765,8.5,8.79,8.85,8.37,7570,6572000.0,5.66,3.66,0.31,2.2
1999-08-20,600765,8.78,8.78,8.88,8.63,4521,3953000.0,2.84,-0.11,-0.01,1.31
1999-08-23,600765,8.85,9.13,9.15,8.8,11435,10337000.0,3.99,3.99,0.35,3.32
1999-08-24,600765,9.15,9.09,9.27,9.0,9033,8221000.0,2.96,-0.44,-0.04,2.62
1999-08-25,600765,9.09,9.08,9.25,9.07,13582,12427000.0,1.98,-0.11,-0.01,3.94
1999-08-26,600765,9.01,9.18,9.19,8.82,5352,4814000.0,4.07,1.1,0.1,1.55
1999-08-27,600765,9.2,9.1,9.2,9.04,4259,3882000.0,1.74,-0.87,-0.08,1.24
1999-08-30,600765,9.08,9.18,9.3,9.06,8104,7476000.0,2.64,0.88,0.08,2.35
1999-08-31,600765,9.2,9.18,9.23,9.0,6451,5877000.0,2.51,0.0,0.0,1.87
1999-09-01,600765,9.2,8.95,9.2,8.85,8792,7898000.0,3.81,-2.51,-0.23,2.55
1999-09-02,600765,8.95,9.58,9.68,8.74,8177,7379000.0,10.5,7.04,0.63,2.37
1999-09-03,600765,9.3,9.38,9.47,9.2,8172,7619000.0,2.82,-2.09,-0.2,2.37
1999-09-06,600765,9.15,9.15,9.25,9.07,2865,2622000.0,1.92,-2.45,-0.23,0.83
1999-09-07,600765,9.1,9.22,9.38,9.1,11376,10556000.0,3.06,0.77,0.07,3.3
1999-09-08,600765,9.2,9.26,9.28,9.12,3783,3482000.0,1.74,0.43,0.04,1.1
1999-09-09,600765,9.24,9.62,9.67,9.24,20857,19878000.0,4.64,3.89,0.36,6.05
1999-09-10,600765,9.65,9.37,9.69,9.37,12116,11431000.0,3.33,-2.6,-0.25,3.51
1999-09-13,600765,9.37,9.6,9.6,9.37,11523,10908000.0,2.45,2.45,0.23,3.34
1999-09-14,600765,9.67,9.79,9.88,9.54,16284,15871000.0,3.54,1.98,0.19,4.72
1999-09-15,600765,9.78,9.82,9.85,9.61,8103,7883000.0,2.45,0.31,0.03,2.35
1999-09-16,600765,9.8,10.05,10.14,9.73,19176,19142000.0,4.18,2.34,0.23,5.56
1999-09-17,600765,10.0,9.93,10.26,9.91,19175,19362000.0,3.48,-1.19,-0.12,5.56
1999-09-20,600765,9.91,9.6,9.99,9.58,8519,8314000.0,4.13,-3.32,-0.33,2.47
1999-09-21,600765,9.58,9.54,9.75,9.48,5797,5539000.0,2.81,-0.63,-0.06,1.68
1999-09-22,600765,9.58,9.4,9.65,9.35,4562,4318000.0,3.14,-1.47,-0.14,1.32
1999-09-23,600765,9.38,9.25,9.45,9.2,4401,4101310.0,2.66,-1.6,-0.15,1.28
1999-09-24,600765,9.25,9.44,9.79,9.25,2135,2014000.0,5.84,2.05,0.19,0.62
1999-09-27,600765,9.49,9.2,9.5,9.16,3568,3301000.0,3.6,-2.54,-0.24,1.04
1999-09-28,600765,9.25,9.2,9.36,9.09,1903,1746000.0,2.93,0.0,0.0,0.55
1999-09-29,600765,9.2,9.0,9.28,9.0,2938,2686000.0,3.04,-2.17,-0.2,0.85
1999-09-30,600765,9.02,8.87,9.1,8.87,2698,2416000.0,2.56,-1.44,-0.13,0.78
1999-10-08,600765,8.9,8.8,8.9,8.68,2079,1819000.0,2.48,-0.79,-0.07,0.6
1999-10-11,600765,8.54,8.7,8.9,8.54,859,752000.0,4.09,-1.14,-0.1,0.25
1999-10-12,600765,8.8,9.05,9.05,8.72,1387,1230000.0,3.79,4.02,0.35,0.4
1999-10-13,600765,9.03,8.8,9.09,8.66,2457,2166000.0,4.75,-2.76,-0.25,0.71
1999-10-14,600765,8.67,8.76,8.95,8.67,1533,1346000.0,3.18,-0.45,-0.04,0.44
1999-10-15,600765,8.76,9.05,9.05,8.73,2377,2129000.0,3.65,3.31,0.29,0.69
1999-10-18,600765,9.05,8.84,9.05,8.7,2256,2000000.0,3.87,-2.32,-0.21,0.65
1999-10-19,600765,8.7,8.99,9.1,8.7,4026,3603000.0,4.52,1.7,0.15,1.17
1999-10-20,600765,8.99,9.33,9.44,8.99,12637,11769000.0,5.01,3.78,0.34,3.67
1999-10-21,600765,9.32,9.39,9.55,9.25,10246,9616000.0,3.22,0.64,0.06,2.97
1999-10-22,600765,9.41,9.36,9.5,9.18,6897,6440000.0,3.41,-0.32,-0.03,2.0
1999-10-25,600765,9.5,9.52,9.65,9.37,10497,10000000.0,2.99,1.71,0.16,3.05
1999-10-26,600765,9.43,9.36,9.6,9.3,5219,4928000.0,3.15,-1.68,-0.16,1.51
1999-10-27,600765,9.42,9.6,9.68,9.36,8142,7779000.0,3.42,2.56,0.24,2.36
1999-10-28,600765,9.6,9.34,9.65,9.3,4034,3790000.0,3.65,-2.71,-0.26,1.17
1999-10-29,600765,9.48,9.81,10.0,9.4,30079,29491000.0,6.42,5.03,0.47,8.73
1999-11-01,600765,9.85,9.75,9.95,9.66,12172,11934000.0,2.96,-0.61,-0.06,3.53
1999-11-02,600765,9.75,9.4,9.85,9.32,8220,7816000.0,5.44,-3.59,-0.35,2.38
1999-11-03,600765,9.41,9.2,9.45,9.2,5133,4754000.0,2.66,-2.13,-0.2,1.49
1999-11-04,600765,9.15,9.03,9.18,8.92,7239,6523000.0,2.83,-1.85,-0.17,2.1
1999-11-05,600765,8.98,8.9,9.18,8.88,3599,3235000.0,3.32,-1.44,-0.13,1.04
1999-11-08,600765,8.87,8.97,9.05,8.81,2463,2198000.0,2.7,0.79,0.07,0.71
1999-11-09,600765,9.0,8.89,9.02,8.88,2345,2095000.0,1.56,-0.89,-0.08,0.68
1999-11-10,600765,8.89,8.66,8.89,8.58,5529,4788000.0,3.49,-2.59,-0.23,1.6
1999-11-11,600765,8.65,8.55,8.8,8.5,3651,3143000.0,3.46,-1.27,-0.11,1.06
1999-11-12,600765,8.61,8.75,8.75,8.5,1649,1421000.0,2.92,2.34,0.2,0.48
1999-11-15,600765,8.85,9.05,9.08,8.75,3575,3195000.0,3.77,3.43,0.3,1.04
1999-11-16,600765,9.02,8.78,9.15,8.78,3161,2817000.0,4.09,-2.98,-0.27,0.92
1999-11-17,600765,8.8,9.04,9.05,8.73,1500,1337000.0,3.64,2.96,0.26,0.44
1999-11-18,600765,9.1,9.2,9.42,9.01,6386,5897000.0,4.54,1.77,0.16,1.85
1999-11-19,600765,9.34,9.23,9.34,9.11,3447,3170000.0,2.5,0.33,0.03,1.0
1999-11-22,600765,9.2,9.09,9.25,9.05,2072,1892000.0,2.17,-1.52,-0.14,0.6
1999-11-23,600765,9.01,9.04,9.1,9.0,1991,1800000.0,1.1,-0.55,-0.05,0.58
1999-11-24,600765,9.04,8.9,9.19,8.88,2005,1806000.0,3.43,-1.55,-0.14,0.58
1999-11-25,600765,8.81,8.84,8.85,8.68,1930,1693000.0,1.91,-0.67,-0.06,0.56
1999-11-26,600765,8.88,8.95,9.1,8.77,1281,1143000.0,3.73,1.24,0.11,0.37
1999-11-29,600765,8.96,8.98,9.03,8.93,1111,997000.0,1.12,0.34,0.03,0.32
1999-11-30,600765,9.1,9.13,9.15,8.98,1447,1315000.0,1.89,1.67,0.15,0.42
1999-12-01,600765,9.15,9.18,9.2,9.1,1638,1503000.0,1.1,0.55,0.05,0.48
1999-12-02,600765,9.18,8.9,9.22,8.9,1964,1781000.0,3.49,-3.05,-0.28,0.57
1999-12-03,600765,9.0,9.16,9.17,8.91,2293,2075000.0,2.92,2.92,0.26,0.67
1999-12-06,600765,9.25,9.16,9.25,9.05,1534,1401000.0,2.18,0.0,0.0,0.44
1999-12-07,600765,9.1,9.2,9.2,9.08,1822,1669000.0,1.31,0.44,0.04,0.53
1999-12-08,600765,9.13,9.1,9.3,9.1,2316,2133000.0,2.17,-1.09,-0.1,0.67
1999-12-09,600765,9.1,8.89,9.15,8.88,1786,1604000.0,2.97,-2.31,-0.21,0.52
1999-12-10,600765,8.89,8.8,8.98,8.7,2595,2293000.0,3.15,-1.01,-0.09,0.75
1999-12-13,600765,8.8,8.65,8.9,8.61,2731,2377000.0,3.3,-1.7,-0.15,0.79
1999-12-14,600765,8.67,8.66,8.8,8.6,1754,1520000.0,2.31,0.12,0.01,0.51
1999-12-15,600765,8.8,8.8,8.95,8.6,1987,1749000.0,4.04,1.62,0.14,0.58
1999-12-16,600765,8.8,8.65,8.8,8.65,1782,1550000.0,1.7,-1.7,-0.15,0.52
1999-12-17,600765,8.68,8.56,8.8,8.5,3130,2692000.0,3.47,-1.04,-0.09,0.91
1999-12-21,600765,8.48,8.3,8.48,8.27,2367,1970000.0,2.45,-3.04,-0.26,0.69
1999-12-22,600765,8.29,8.27,8.38,8.18,3003,2476000.0,2.41,-0.36,-0.03,0.87
1999-12-23,600765,8.22,8.03,8.22,7.98,3005,2428000.0,2.9,-2.9,-0.24,0.87
1999-12-24,600765,8.01,8.1,8.19,8.0,1369,1103000.0,2.37,0.87,0.07,0.4
1999-12-27,600765,8.1,7.67,8.1,7.33,3807,2894000.0,9.51,-5.31,-0.43,1.1
1999-12-28,600765,7.62,7.88,8.4,7.6,3349,2643000.0,10.43,2.74,0.21,0.97
1999-12-29,600765,7.88,7.82,7.9,7.71,1088,848000.0,2.41,-0.76,-0.06,0.32
1999-12-30,600765,7.97,7.94,7.97,7.77,1148,902000.0,2.56,1.53,0.12,0.33
2000-01-04,600765,7.94,8.18,8.18,7.65,2133,1703000.0,6.68,3.02,0.24,0.62
2000-01-05,600765,8.18,8.15,8.29,8.08,3110,2551000.0,2.57,-0.37,-0.03,0.9
2000-01-06,600765,8.05,8.23,8.28,7.63,4825,3887000.0,7.98,0.98,0.08,1.4
2000-01-07,600765,8.31,8.53,8.58,8.25,9864,8304000.0,4.01,3.65,0.3,2.86
2000-01-10,600765,8.68,8.99,9.0,8.45,10736,9329000.0,6.45,5.39,0.46,3.11
2000-01-11,600765,8.99,8.54,9.2,8.5,15451,13896000.0,7.79,-5.01,-0.45,4.48
2000-01-12,600765,8.41,8.18,8.67,8.17,5039,4192000.0,5.85,-4.22,-0.36,1.46
2000-01-13,600765,7.51,7.54,7.88,7.4,10696,8128000.0,5.87,-7.82,-0.64,3.1
2000-01-14,600765,7.45,7.44,7.68,7.42,5253,3944000.0,3.45,-1.33,-0.1,1.52
2000-01-17,600765,7.38,7.19,7.38,7.12,5596,4036000.0,3.49,-3.36,-0.25,1.62
2000-01-18,600765,7.16,7.31,7.45,7.12,3652,2659000.0,4.59,1.67,0.12,1.06
2000-01-19,600765,7.3,7.34,7.36,7.18,3237,2363000.0,2.46,0.41,0.03,0.94
2000-01-20,600765,7.35,7.3,7.39,7.19,5413,3927000.0,2.72,-0.54,-0.04,1.57
2000-01-21,600765,7.31,7.24,7.37,7.15,8403,6051000.0,3.01,-0.82,-0.06,2.44
2000-01-24,600765,7.24,7.0,7.24,6.9,8479,5937000.0,4.7,-3.31,-0.24,2.46
2000-01-25,600765,6.95,7.25,7.33,6.95,4966,3562000.0,5.43,3.57,0.25,1.44
2000-01-26,600765,7.3,7.39,7.45,7.13,5465,3980000.0,4.41,1.93,0.14,1.59
2000-01-27,600765,7.35,7.44,7.5,7.27,10680,7854000.0,3.11,0.68,0.05,3.1
2000-01-28,600765,7.44,7.49,7.5,7.34,8673,6417000.0,2.15,0.67,0.05,2.52
2000-02-14,600765,7.75,8.24,8.24,7.75,21038,16989000.0,6.54,10.01,0.75,6.1
2000-02-15,600765,8.5,8.33,8.88,8.24,22305,19133000.0,7.77,1.09,0.09,6.47
2000-02-16,600765,8.3,8.44,8.57,8.15,11683,9708000.0,5.04,1.32,0.11,3.39
2000-02-17,600765,8.44,8.01,8.74,7.88,14748,12127000.0,10.19,-5.09,-0.43,4.28
2000-02-18,600765,8.0,8.2,8.34,7.9,6632,5391000.0,5.49,2.37,0.19,1.92
2000-02-21,600765,8.2,8.15,8.45,7.8,9046,7330000.0,7.93,-0.61,-0.05,2.62
2000-02-22,600765,8.1,8.01,8.32,7.97,6818,5556000.0,4.29,-1.72,-0.14,1.98
2000-02-23,600765,7.95,7.7,8.01,7.6,5913,4627000.0,5.12,-3.87,-0.31,1.72
2000-02-24,600765,7.7,7.85,7.86,7.66,4898,3810000.0,2.6,1.95,0.15,1.42
2000-02-25,600765,7.9,7.92,8.2,7.5,8953,7088000.0,8.92,0.89,0.07,2.6
2000-02-28,600765,7.88,8.11,8.18,7.82,5965,4802000.0,4.55,2.4,0.19,1.73
2000-02-29,600765,8.2,8.33,8.46,7.91,8622,7045000.0,6.78,2.71,0.22,2.5
2000-03-01,600765,8.3,8.75,8.9,8.22,22743,19734000.0,8.16,5.04,0.42,6.6
2000-03-02,600765,8.7,8.54,8.75,8.46,7071,6070000.0,3.31,-2.4,-0.21,2.05
2000-03-03,600765,8.6,8.8,8.87,8.51,8901,7685000.0,4.22,3.04,0.26,2.58
2000-03-06,600765,8.99,8.54,9.2,8.52,18427,16482000.0,7.73,-2.95,-0.26,5.35
2000-03-07,600765,8.38,8.62,8.74,8.31,9483,8137000.0,5.04,0.94,0.08,2.75
2000-03-08,600765,8.86,9.15,9.48,8.82,32982,30606000.0,7.66,6.15,0.53,9.57
2000-03-09,600765,9.2,9.01,9.24,8.76,14502,13051000.0,5.25,-1.53,-0.14,4.21
2000-03-10,600765,9.0,8.7,9.0,8.65,7634,6737000.0,3.88,-3.44,-0.31,2.21
2000-03-13,600765,8.83,9.05,9.2,8.8,8823,8000000.0,4.6,4.02,0.35,2.56
2000-03-14,600765,8.9,8.92,8.95,8.5,9191,8053000.0,4.97,-1.44,-0.13,2.67
2000-03-15,600765,8.95,9.2,9.52,8.8,21615,20050000.0,8.07,3.14,0.28,6.27
2000-03-16,600765,9.18,8.95,9.4,8.88,17395,15989000.0,5.65,-2.72,-0.25,5.05
2000-03-17,600765,8.86,9.0,9.15,8.86,9408,8473000.0,3.24,0.56,0.05,2.73
2000-03-20,600765,9.1,9.69,9.88,9.03,21742,20708000.0,9.44,7.67,0.69,6.31
2000-03-21,600765,9.69,9.4,9.75,9.11,17455,16389000.0,6.6,-2.99,-0.29,5.06
2000-03-22,600765,9.41,9.48,9.67,9.2,8813,8268000.0,5.0,0.85,0.08,2.56
2000-03-23,600765,9.65,9.5,9.65,9.3,9396,8895000.0,3.69,0.21,0.02,2.73
2000-03-24,600765,9.52,9.7,10.12,9.32,28401,27677000.0,8.42,2.11,0.2,8.24
2000-03-27,600765,9.76,10.25,10.3,9.76,24784,25070000.0,5.57,5.67,0.55,7.19
2000-03-28,600765,10.35,10.21,10.48,9.91,18566,18909000.0,5.56,-0.39,-0.04,5.39
2000-03-29,600765,10.3,10.0,10.3,9.8,13116,13061000.0,4.9,-2.06,-0.21,3.8
2000-03-30,600765,10.0,10.14,10.2,9.88,11785,11847000.0,3.2,1.4,0.14,3.42
2000-03-31,600765,10.22,11.15,11.15,10.21,82007,90932000.0,9.27,9.96,1.01,23.79
2000-04-03,600765,11.35,11.88,12.27,11.08,89343,104984000.0,10.67,6.55,0.73,25.92
2000-04-04,600765,11.7,11.04,11.7,10.95,34330,38577000.0,6.31,-7.07,-0.84,9.96
2000-04-05,600765,10.82,11.34,11.39,10.75,21910,24265000.0,5.8,2.72,0.3,6.36
2000-04-06,600765,11.3,11.65,12.35,11.28,28485,33655000.0,9.44,2.73,0.31,8.26
2000-04-07,600765,11.68,11.54,11.75,11.3,19448,22255000.0,3.86,-0.94,-0.11,5.64
2000-04-10,600765,11.52,11.6,11.83,11.17,16179,18484000.0,5.72,0.52,0.06,4.69
2000-04-11,600765,11.6,11.25,11.64,11.1,15199,17182000.0,4.66,-3.02,-0.35,4.41
2000-04-12,600765,10.58,10.71,11.2,10.58,12534,13591000.0,5.51,-4.8,-0.54,3.64
2000-04-13,600765,10.7,10.43,10.7,10.3,21916,22959000.0,3.73,-2.61,-0.28,6.36
2000-04-14,600765,10.28,10.77,10.89,10.23,15766,16702000.0,6.33,3.26,0.34,4.57
2000-04-17,600765,10.65,10.6,10.84,10.21,11422,11980000.0,5.85,-1.58,-0.17,3.31
2000-04-18,600765,10.6,11.06,11.2,10.51,13003,14239000.0,6.51,4.34,0.46,3.77
2000-04-19,600765,11.18,11.09,11.38,10.95,7408,8244000.0,3.89,0.27,0.03,2.15
2000-04-20,600765,11.1,11.46,11.6,11.02,13933,15842000.0,5.23,3.34,0.37,4.04
2000-04-21,600765,11.48,11.2,11.6,10.9,4008,4588712.0,6.11,-2.27,-0.26,1.16
2000-04-24,600765,11.15,10.82,11.39,10.7,9881,10774000.0,6.16,-3.39,-0.38,2.87
2000-04-25,600765,10.83,10.95,11.08,10.65,4651,5057000.0,3.97,1.2,0.13,1.35
2000-04-26,600765,10.95,10.8,11.08,10.65,4853,5231000.0,3.93,-1.37,-0.15,1.41
2000-04-27,600765,10.7,10.28,10.79,10.2,12142,12593000.0,5.46,-4.81,-0.52,3.52
2000-04-28,600765,10.28,10.2,10.28,9.78,15641,15618000.0,4.86,-0.78,-0.08,4.54
2000-05-08,600765,10.15,10.05,10.2,9.85,4941,4944000.0,3.43,-1.47,-0.15,1.43
2000-05-09,600765,9.95,10.0,10.19,9.9,4276,4299000.0,2.89,-0.5,-0.05,1.24
2000-05-10,600765,9.95,9.41,9.98,9.4,5674,5464000.0,5.8,-5.9,-0.59,1.65
2000-05-11,600765,9.45,9.4,9.75,9.39,3255,3087000.0,3.83,-0.11,-0.01,0.94
2000-05-15,600765,9.41,9.0,9.42,8.91,4650,4210000.0,5.43,-4.26,-0.4,1.35
2000-05-16,600765,9.02,9.12,9.2,9.02,2367,2162000.0,2.0,1.33,0.12,0.69
2000-05-17,600765,9.12,9.11,9.28,9.09,2508,2302000.0,2.08,-0.11,-0.01,0.73
2000-05-18,600765,9.15,9.37,9.39,9.0,3454,3193000.0,4.28,2.85,0.26,1.0
2000-05-19,600765,9.37,9.72,9.75,9.26,3946,3760000.0,5.23,3.74,0.35,1.14
2000-05-22,600765,9.72,10.37,10.37,9.53,10179,10172000.0,8.64,6.69,0.65,2.95
2000-05-23,600765,10.37,10.2,10.4,10.1,6000,6115000.0,2.89,-1.64,-0.17,1.74
2000-05-24,600765,10.2,10.25,10.47,10.1,5702,5850000.0,3.63,0.49,0.05,1.65
2000-05-25,600765,10.2,10.43,10.6,10.2,6600,6861000.0,3.9,1.76,0.18,1.91
2000-05-26,600765,10.4,10.18,10.48,10.1,5730,5919000.0,3.64,-2.4,-0.25,1.66
2000-05-29,600765,10.1,10.24,10.3,10.08,6714,6853000.0,2.16,0.59,0.06,1.95
2000-05-30,600765,10.24,10.15,10.25,10.1,5025,5109000.0,1.46,-0.88,-0.09,1.46
2000-05-31,600765,10.15,10.64,10.64,10.0,9898,10286000.0,6.31,4.83,0.49,2.87
2000-06-01,600765,10.64,10.4,10.85,10.4,6982,7417000.0,4.23,-2.26,-0.24,2.03
2000-06-02,600765,10.6,10.73,11.0,10.6,8128,8759000.0,3.85,3.17,0.33,2.36
2000-06-05,600765,10.73,10.85,10.85,10.5,9182,9777000.0,3.26,1.12,0.12,2.66
2000-06-06,600765,11.0,11.1,11.4,10.8,16995,18811000.0,5.53,2.3,0.25,4.93
2000-06-07,600765,11.3,11.19,11.34,11.0,9929,11083000.0,3.06,0.81,0.09,2.88
2000-06-08,600765,11.2,10.81,11.28,10.7,8882,9709000.0,5.18,-3.4,-0.38,2.58
2000-06-09,600765,10.8,10.55,10.95,10.49,7041,7509000.0,4.26,-2.41,-0.26,2.04
2000-06-12,600765,10.55,10.77,10.8,10.36,4819,5102000.0,4.17,2.09,0.22,1.4
2000-06-13,600765,10.8,10.82,10.88,10.62,4394,4732000.0,2.41,0.46,0.05,1.27
2000-06-14,600765,10.9,10.66,10.97,10.62,3452,3714000.0,3.23,-1.48,-0.16,1.0
2000-06-15,600765,10.66,10.9,10.93,10.55,6191,6652000.0,3.56,2.25,0.24,1.8
2000-06-16,600765,10.95,11.0,11.38,10.9,14024,15631000.0,4.4,0.92,0.1,4.07
2000-06-19,600765,11.15,11.93,12.07,11.15,42353,49775000.0,8.36,8.45,0.93,12.29
2000-06-20,600765,11.9,11.41,11.9,11.21,13927,15933000.0,5.78,-4.36,-0.52,4.04
2000-06-21,600765,11.31,11.26,11.4,11.0,6937,7769000.0,3.51,-1.31,-0.15,2.01
2000-06-22,600765,11.23,11.34,11.38,11.2,4631,5225000.0,1.6,0.71,0.08,1.34
2000-06-23,600765,11.32,11.22,11.32,10.98,12323,13704000.0,3.0,-1.06,-0.12,3.57
2000-06-26,600765,11.23,11.12,11.25,11.0,6777,7504000.0,2.23,-0.89,-0.1,1.97
2000-06-27,600765,11.11,11.02,11.11,11.0,5681,6267000.0,0.99,-0.9,-0.1,1.65
2000-06-28,600765,11.02,11.22,11.27,11.01,5185,5785000.0,2.36,1.81,0.2,1.5
2000-06-29,600765,11.3,10.69,11.3,10.65,9236,10063000.0,5.79,-4.72,-0.53,2.68
2000-06-30,600765,10.58,10.25,10.58,10.25,13297,13800000.0,3.09,-4.12,-0.44,3.86
2000-07-03,600765,10.08,10.07,10.38,9.85,7074,7118000.0,5.17,-1.76,-0.18,2.05
2000-07-04,600765,10.07,10.29,10.35,9.98,2441,2499000.0,3.67,2.18,0.22,0.71
2000-07-05,600765,10.32,10.33,10.35,10.2,2146,2208000.0,1.46,0.39,0.04,0.62
2000-07-06,600765,10.3,10.12,10.34,10.1,2617,2667000.0,2.32,-2.03,-0.21,0.76
2000-07-07,600765,10.11,10.29,10.35,10.05,3781,3885000.0,2.96,1.68,0.17,1.1
2000-07-10,600765,10.21,10.17,10.34,10.11,4562,4661000.0,2.24,-1.17,-0.12,1.32
2000-07-11,600765,10.15,10.32,10.33,10.1,3609,3698000.0,2.26,1.47,0.15,1.05
2000-07-12,600765,10.32,10.37,10.39,10.18,5884,6043000.0,2.03,0.48,0.05,1.71
2000-07-13,600765,10.49,10.67,10.75,10.37,5317,5603900.0,3.66,2.89,0.3,1.54
2000-07-14,600765,10.7,10.64,10.88,10.57,4306,4580000.0,2.91,-0.28,-0.03,1.25
2000-07-17,600765,10.62,10.4,10.63,10.39,4427,4636000.0,2.26,-2.26,-0.24,1.28
2000-07-18,600765,10.4,10.7,10.8,10.2,5444,5792000.0,5.77,2.88,0.3,1.58
2000-07-19,600765,10.71,10.98,11.05,10.68,7928,8670000.0,3.46,2.62,0.28,2.3
2000-07-20,600765,10.8,11.2,11.57,10.8,14840,16701000.0,7.01,2.0,0.22,4.3
2000-07-21,600765,11.26,11.0,11.3,10.9,8776,9674000.0,3.57,-1.79,-0.2,2.55
2000-07-24,600765,11.0,11.35,11.55,10.81,10116,11449000.0,6.73,3.18,0.35,2.93
2000-07-25,600765,11.35,11.3,11.57,11.25,7219,8219000.0,2.82,-0.44,-0.05,2.09
2000-07-26,600765,11.32,11.3,11.45,11.25,5555,6309000.0,1.77,0.0,0.0,1.61
2000-07-27,600765,11.32,11.65,11.81,11.26,15858,18303000.0,4.87,3.1,0.35,4.6
2000-07-28,600765,11.66,12.1,12.15,11.61,26144,31118000.0,4.64,3.86,0.45,7.58
2000-07-31,600765,12.17,12.52,13.25,12.17,40103,51015000.0,8.93,3.47,0.42,11.63
2000-08-01,600765,12.52,12.52,12.9,12.2,18004,22813000.0,5.59,0.0,0.0,5.22
2000-08-02,600765,12.45,13.45,13.5,12.4,26736,34925000.0,8.79,7.43,0.93,7.76
2000-08-03,600765,13.45,13.42,13.9,13.28,29287,39835000.0,4.61,-0.22,-0.03,8.5
2000-08-04,600765,13.4,13.11,13.58,12.8,21156,27700000.0,5.81,-2.31,-0.31,6.14
2000-08-07,600765,13.1,14.1,14.42,12.95,32295,44910000.0,11.21,7.55,0.99,9.37
2000-08-08,600765,14.0,14.7,15.25,14.0,26427,38845000.0,8.87,4.26,0.6,7.67
2000-08-09,600765,14.7,14.35,15.0,14.18,23230,33887000.0,5.58,-2.38,-0.35,6.74
2000-08-10,600765,14.12,13.68,14.35,13.66,21062,29234000.0,4.81,-4.67,-0.67,6.11
2000-08-11,600765,13.59,13.61,14.1,13.51,15839,21715000.0,4.31,-0.51,-0.07,4.59
2000-08-14,600765,13.55,13.86,14.0,13.55,8050,11076000.0,3.31,1.84,0.25,2.34
2000-08-15,600765,13.86,14.52,14.7,13.7,12348,17662000.0,7.22,4.76,0.66,3.58
2000-08-16,600765,14.78,14.5,15.2,14.4,16537,24570000.0,5.51,-0.14,-0.02,4.8
2000-08-17,600765,14.4,14.4,14.69,14.18,7230,10368000.0,3.52,-0.69,-0.1,2.1
2000-08-18,600765,14.4,14.02,14.6,13.93,9900,14069000.0,4.65,-2.64,-0.38,2.87
2000-08-21,600765,13.9,13.9,14.5,13.7,14109,19902000.0,5.71,-0.86,-0.12,4.09
2000-08-22,600765,13.9,13.64,14.0,13.62,9946,13701000.0,2.73,-1.87,-0.26,2.89
2000-08-23,600765,13.58,13.18,13.58,12.81,19375,25452000.0,5.65,-3.37,-0.46,5.62
2000-08-24,600765,13.18,13.53,13.7,13.18,7610,10215000.0,3.95,2.66,0.35,2.21
2000-08-25,600765,13.56,13.66,13.66,13.3,3664,4939000.0,2.66,0.96,0.13,1.06
2000-08-28,600765,13.66,13.8,13.85,13.4,5643,7664000.0,3.29,1.02,0.14,1.64
2000-08-29,600765,13.71,13.96,13.99,13.66,5482,7590000.0,2.39,1.16,0.16,1.59
2000-08-30,600765,13.9,13.5,13.9,13.48,5521,7547000.0,3.01,-3.3,-0.46,1.6
2000-08-31,600765,13.4,12.8,13.4,12.8,9375,12285000.0,4.44,-5.19,-0.7,2.72
2000-09-01,600765,12.69,12.69,13.19,12.58,4916,6323000.0,4.77,-0.86,-0.11,1.43
2000-09-04,600765,12.62,12.85,13.0,12.62,2804,3582000.0,2.99,1.26,0.16,0.81
2000-09-05,600765,12.9,12.05,13.0,12.05,3376,4274000.0,7.39,-6.23,-0.8,0.98
2000-09-06,600765,12.18,12.02,12.47,12.0,5313,6499000.0,3.9,-0.25,-0.03,1.54
2000-09-07,600765,12.02,12.55,12.55,12.02,4727,5805000.0,4.41,4.41,0.53,1.37
2000-09-08,600765,12.63,12.62,12.85,12.33,5096,6434000.0,4.14,0.56,0.07,1.48
2000-09-11,600765,12.71,12.63,12.82,12.35,3497,4416000.0,3.72,0.08,0.01,1.01
2000-09-12,600765,12.68,12.71,12.98,12.68,3899,4995000.0,2.38,0.63,0.08,1.13
2000-09-13,600765,12.9,12.76,13.0,12.58,3633,4660000.0,3.3,0.39,0.05,1.05
2000-09-14,600765,12.95,12.88,12.95,12.58,3925,4978000.0,2.9,0.94,0.12,1.14
2000-09-15,600765,12.88,12.89,12.98,12.65,4132,5278000.0,2.56,0.08,0.01,1.2
2000-09-18,600765,12.89,13.11,13.11,12.82,5961,7740000.0,2.25,1.71,0.22,1.73
2000-09-19,600765,13.02,12.98,13.2,12.7,8858,11488000.0,3.81,-0.99,-0.13,2.57
2000-09-20,600765,12.9,13.37,13.38,12.82,6574,8635000.0,4.31,3.0,0.39,1.91
2000-09-21,600765,13.25,13.62,13.77,13.25,11348,15430000.0,3.89,1.87,0.25,3.29
2000-09-22,600765,13.6,13.8,13.9,13.53,9805,13481000.0,2.72,1.32,0.18,2.84
2000-09-25,600765,13.9,13.8,14.0,13.65,5859,8103000.0,2.54,0.0,0.0,1.7
2000-09-26,600765,13.65,13.5,13.97,13.28,5151,6956000.0,5.0,-2.17,-0.3,1.49
2000-09-27,600765,13.55,13.6,13.65,13.36,1923,2600000.0,2.15,0.74,0.1,0.56
2000-09-28,600765,13.69,13.87,13.97,13.5,7972,11013000.0,3.46,1.99,0.27,2.31
2000-09-29,600765,13.8,14.15,14.18,13.73,12180,17095000.0,3.24,2.02,0.28,3.53
2000-10-09,600765,14.41,14.7,14.71,14.2,15028,21760000.0,3.6,3.89,0.55,4.36
2000-10-10,600765,14.8,14.75,14.89,14.46,10945,16048000.0,2.93,0.34,0.05,3.17
2000-10-11,600765,14.78,15.35,15.35,14.48,14374,21339000.0,5.9,4.07,0.6,4.17
2000-10-12,600765,15.4,15.46,16.35,15.2,30215,47832000.0,7.49,0.72,0.11,8.76
2000-10-13,600765,15.4,14.72,16.16,14.7,24095,37445000.0,9.44,-4.79,-0.74,6.99
2000-10-16,600765,14.5,14.04,14.93,14.01,14732,21208000.0,6.25,-4.62,-0.68,4.27
2000-10-17,600765,14.04,14.25,14.42,14.04,4947,7047000.0,2.71,1.5,0.21,1.44
2000-10-18,600765,14.35,14.1,14.39,14.05,4290,6109000.0,2.39,-1.05,-0.15,1.24
2000-10-19,600765,14.1,14.42,14.48,13.71,7067,9983000.0,5.46,2.27,0.32,2.05
2000-10-20,600765,14.43,14.55,14.75,14.14,8451,12191000.0,4.23,0.9,0.13,2.45
2000-10-23,600765,14.5,14.55,14.79,14.18,5571,8118000.0,4.19,0.0,0.0,1.62
2000-10-24,600765,14.6,14.7,14.75,14.5,3685,5404000.0,1.72,1.03,0.15,1.07
2000-10-25,600765,14.76,15.12,15.2,14.7,8667,13036000.0,3.4,2.86,0.42,2.51
2000-10-26,600765,15.2,15.01,15.3,14.94,6647,10010000.0,2.38,-0.73,-0.11,1.93
2000-10-27,600765,15.02,14.73,15.05,14.68,4517,6682000.0,2.47,-1.87,-0.28,1.31
2000-10-30,600765,14.7,14.23,14.71,14.2,5941,8572000.0,3.46,-3.39,-0.5,1.72
2000-10-31,600765,14.23,14.43,14.55,14.1,4306,6176000.0,3.16,1.41,0.2,1.25
2000-11-01,600765,14.41,14.1,14.41,14.03,5271,7462000.0,2.63,-2.29,-0.33,1.53
2000-11-02,600765,14.1,14.35,14.38,13.81,7248,10154000.0,4.04,1.77,0.25,2.1
2000-11-03,600765,14.33,14.36,14.48,14.1,2954,4222000.0,2.65,0.07,0.01,0.86
2000-11-06,600765,14.31,14.24,14.4,14.11,1477,2106000.0,2.02,-0.84,-0.12,0.43
2000-11-07,600765,14.2,13.98,14.28,13.9,3957,5556000.0,2.67,-1.83,-0.26,1.15
2000-11-08,600765,13.9,13.99,14.15,13.9,3101,4346000.0,1.79,0.07,0.01,0.9
2000-11-09,600765,14.0,13.91,14.1,13.86,4690,6549000.0,1.72,-0.57,-0.08,1.36
2000-11-10,600765,13.9,13.88,13.9,13.7,7565,10430000.0,1.44,-0.22,-0.03,2.19
2000-11-13,600765,13.88,14.18,14.2,13.8,3923,5515000.0,2.88,2.16,0.3,1.14
2000-11-14,600765,14.21,14.57,14.65,14.18,5753,8348000.0,3.31,2.75,0.39,1.67
2000-11-15,600765,14.61,14.36,14.61,14.21,4333,6238000.0,2.75,-1.44,-0.21,1.26
2000-11-16,600765,14.3,14.48,14.58,14.18,5970,8587000.0,2.79,0.84,0.12,1.73
2000-11-17,600765,14.5,14.19,14.5,14.18,3979,5689000.0,2.21,-2.0,-0.29,1.15
2000-11-20,600765,14.18,14.0,14.18,13.82,4309,6010000.0,2.54,-1.34,-0.19,1.25
2000-11-21,600765,14.0,13.85,14.1,13.85,5076,7062000.0,1.79,-1.07,-0.15,1.47
2000-11-22,600765,13.84,14.39,14.5,13.84,4568,6462000.0,4.77,3.9,0.54,1.33
2000-11-23,600765,14.58,14.3,14.58,14.23,4063,5847000.0,2.43,-0.63,-0.09,1.18
2000-11-24,600765,14.31,14.55,14.98,14.28,12785,18764000.0,4.9,1.75,0.25,3.71
2000-11-27,600765,14.6,15.55,15.56,14.6,27595,41876000.0,6.6,6.87,1.0,8.0
2000-11-28,600765,15.6,15.68,15.7,15.2,13464,20785000.0,3.22,0.84,0.13,3.91
2000-11-29,600765,15.63,15.05,15.63,14.85,12192,18489000.0,4.97,-4.02,-0.63,3.54
2000-11-30,600765,15.08,14.8,15.12,14.68,5557,8254000.0,2.92,-1.66,-0.25,1.61
2000-12-01,600765,15.0,14.89,15.1,14.8,3242,4847000.0,2.03,0.61,0.09,0.94
2000-12-04,600765,15.0,15.04,15.22,14.83,5385,8092000.0,2.62,1.01,0.15,1.56
2000-12-05,600765,15.04,14.74,15.1,14.7,4910,7266000.0,2.66,-1.99,-0.3,1.42
2000-12-06,600765,14.71,14.8,14.95,14.47,5689,8344000.0,3.26,0.41,0.06,1.65
2000-12-07,600765,14.73,15.35,15.45,14.6,9000,13494000.0,5.74,3.72,0.55,2.61
2000-12-08,600765,15.4,15.14,15.75,15.1,12506,19353000.0,4.23,-1.37,-0.21,3.63
2000-12-11,600765,15.12,14.77,15.32,14.71,4698,7039000.0,4.03,-2.44,-0.37,1.36
2000-12-12,600765,14.67,14.82,14.95,14.52,2625,3852000.0,2.91,0.34,0.05,0.76
2000-12-13,600765,14.82,14.85,14.87,14.6,2093,3092000.0,1.82,0.2,0.03,0.61
2000-12-14,600765,14.85,15.0,15.05,14.8,2215,3309000.0,1.68,1.01,0.15,0.64
2000-12-15,600765,15.1,14.74,15.16,14.68,1959,2906000.0,3.2,-1.73,-0.26,0.57
2000-12-18,600765,14.6,15.03,15.18,14.6,2042,3024000.0,3.93,1.97,0.29,0.59
2000-12-19,600765,15.08,15.34,15.45,14.88,6361,9648000.0,3.79,2.06,0.31,1.85
2000-12-20,600765,15.34,15.3,15.43,15.0,5179,7903000.0,2.8,-0.26,-0.04,1.5
2000-12-21,600765,15.3,15.64,15.83,15.1,13212,20568000.0,4.77,2.22,0.34,3.83
2000-12-22,600765,15.7,15.8,15.95,15.6,10794,17055000.0,2.24,1.02,0.16,3.13
2000-12-25,600765,15.88,15.88,15.95,15.6,7994,12652000.0,2.22,0.51,0.08,2.32
2000-12-26,600765,15.91,15.12,15.93,15.05,10337,15879000.0,5.54,-4.79,-0.76,3.0
2000-12-27,600765,15.05,14.42,15.12,13.9,25346,36789000.0,8.07,-4.63,-0.7,7.35
2000-12-28,600765,14.18,14.15,14.47,14.05,7014,9972000.0,2.91,-1.87,-0.27,2.03
2000-12-29,600765,14.25,14.02,14.3,13.98,8160,11471000.0,2.26,-0.92,-0.13,2.37
2001-01-02,600765,13.98,14.18,14.22,13.75,9698,13442000.0,3.35,1.14,0.16,2.81
2001-01-03,600765,14.18,14.26,14.32,13.95,6090,8595000.0,2.61,0.56,0.08,1.77
2001-01-04,600765,14.27,14.14,14.44,14.1,4186,5973000.0,2.38,-0.84,-0.12,1.21
2001-01-05,600765,14.16,13.91,14.24,13.87,6998,9807000.0,2.62,-1.63,-0.23,2.03
2001-01-08,600765,13.9,13.1,13.92,13.08,13184,17575000.0,6.04,-5.82,-0.81,3.82
2001-01-09,600765,13.0,13.36,13.4,12.81,5108,6712000.0,4.5,1.98,0.26,1.48
2001-01-10,600765,13.1,13.3,13.45,13.09,5882,7810000.0,2.69,-0.45,-0.06,1.71
2001-01-11,600765,13.32,13.31,13.5,13.2,4068,5439000.0,2.26,0.08,0.01,1.18
2001-01-12,600765,13.3,13.3,13.59,13.2,3106,4143000.0,2.93,-0.08,-0.01,0.9
2001-01-15,600765,13.25,12.8,13.3,12.78,4243,5528000.0,3.91,-3.76,-0.5,1.23
2001-01-16,600765,12.68,12.96,13.0,12.65,2009,2588000.0,2.73,1.25,0.16,0.58
2001-01-17,600765,12.9,12.88,13.0,12.87,1663,2149000.0,1.0,-0.62,-0.08,0.48
2001-01-18,600765,12.86,12.68,12.98,12.66,2740,3515000.0,2.48,-1.55,-0.2,0.79
2001-01-19,600765,12.66,12.83,12.88,12.66,2495,3193000.0,1.74,1.18,0.15,0.72
2001-02-05,600765,12.85,13.08,13.3,12.85,2752,3604000.0,3.51,1.95,0.25,0.8
2001-02-06,600765,13.0,13.15,13.18,12.95,1876,2455000.0,1.76,0.54,0.07,0.54
2001-02-07,600765,13.1,13.23,13.29,13.1,1554,2057000.0,1.44,0.61,0.08,0.45
2001-02-08,600765,13.23,12.5,13.3,12.4,2678,3435000.0,6.8,-5.52,-0.73,0.78
2001-02-09,600765,12.52,12.35,12.8,12.35,4006,4998000.0,3.6,-1.2,-0.15,1.16
2001-02-12,600765,12.45,12.0,12.45,11.8,4389,5253000.0,5.26,-2.83,-0.35,1.27
2001-02-13,600765,11.98,12.05,12.15,11.97,2180,2623000.0,1.5,0.42,0.05,0.63
2001-02-14,600765,12.1,12.3,12.32,12.0,1131,1377000.0,2.66,2.07,0.25,0.33
2001-02-15,600765,12.3,12.47,13.4,12.3,2636,3316000.0,8.94,1.38,0.17,0.76
2001-02-16,600765,12.3,12.45,12.49,12.15,1167,1434000.0,2.73,-0.16,-0.02,0.34
2001-02-19,600765,12.45,12.53,12.6,12.35,952,1191000.0,2.01,0.64,0.08,0.28
2001-02-20,600765,12.53,12.43,12.53,12.22,1288,1589000.0,2.47,-0.8,-0.1,0.37
2001-02-21,600765,12.4,11.7,12.4,11.5,3067,3656000.0,7.24,-5.87,-0.73,0.89
2001-02-22,600765,11.5,11.48,11.7,11.4,1967,2267000.0,2.56,-1.88,-0.22,0.57
2001-02-23,600765,11.29,11.16,11.46,10.8,6207,6825000.0,5.75,-2.79,-0.32,1.8
2001-02-26,600765,11.0,11.3,11.3,11.0,2278,2542000.0,2.69,1.25,0.14,0.66
2001-02-27,600765,11.3,11.48,11.55,11.2,1871,2133000.0,3.1,1.59,0.18,0.54
2001-02-28,600765,11.5,11.82,11.84,11.5,3303,3877000.0,2.96,2.96,0.34,0.96
2001-03-01,600765,11.92,11.86,11.92,11.75,1763,2084000.0,1.44,0.34,0.04,0.51
2001-03-02,600765,11.9,12.15,12.15,11.85,2220,2671000.0,2.53,2.45,0.29,0.64
2001-03-05,600765,12.25,12.23,12.26,12.01,2480,3019000.0,2.06,0.66,0.08,0.72
2001-03-06,600765,12.23,12.1,12.24,12.01,1817,2198000.0,1.88,-1.06,-0.13,0.53
2001-03-07,600765,12.1,12.4,12.4,12.05,2078,2520000.0,2.89,2.48,0.3,0.6
2001-03-08,600765,12.58,12.3,12.59,12.22,2455,3050000.0,2.98,-0.81,-0.1,0.71
2001-03-09,600765,12.21,12.12,12.3,12.07,2166,2634000.0,1.87,-1.46,-0.18,0.63
2001-03-12,600765,11.81,12.51,12.54,11.16,3068,3778000.0,11.39,3.22,0.39,0.89
2001-03-13,600765,11.55,12.93,13.01,11.55,9025,11484000.0,11.67,3.36,0.42,2.62
2001-03-14,600765,12.84,12.93,12.99,12.71,3224,4155000.0,2.17,0.0,0.0,0.94
2001-03-15,600765,12.93,12.91,13.1,12.8,2874,3718000.0,2.32,-0.15,-0.02,0.83
2001-03-16,600765,12.9,12.92,13.05,12.8,3546,4583000.0,1.94,0.08,0.01,1.03
2001-03-19,600765,13.0,13.18,13.18,12.82,4380,5703000.0,2.79,2.01,0.26,1.27
2001-03-20,600765,13.18,13.1,13.22,13.0,3389,4438000.0,1.67,-0.61,-0.08,0.98
2001-03-21,600765,13.1,13.1,13.12,13.02,2254,2943000.0,0.76,0.0,0.0,0.65
2001-03-22,600765,13.15,12.84,13.19,12.81,4870,6320000.0,2.9,-1.98,-0.26,1.41
2001-03-23,600765,13.0,12.65,13.0,12.65,3758,4815000.0,2.73,-1.48,-0.19,1.09
2001-03-26,600765,12.6,13.0,13.04,12.6,2664,3419000.0,3.48,2.77,0.35,0.77
2001-03-27,600765,13.1,13.46,13.53,13.05,6529,8704000.0,3.69,3.54,0.46,1.89
2001-03-28,600765,13.4,13.42,13.56,13.38,3846,5169000.0,1.34,-0.3,-0.04,1.12
2001-03-29,600765,13.4,13.58,13.68,13.22,5570,7501000.0,3.43,1.19,0.16,1.62
2001-03-30,600765,13.59,13.58,13.69,13.4,3278,4448000.0,2.14,0.0,0.0,0.95
2001-04-02,600765,13.6,13.61,13.7,13.55,2872,3910000.0,1.1,0.22,0.03,0.83
2001-04-03,600765,13.61,13.5,13.65,13.4,3692,4979000.0,1.84,-0.81,-0.11,1.07
2001-04-04,600765,13.65,13.3,13.65,13.2,4054,5465000.0,3.33,-1.48,-0.2,1.18
2001-04-05,600765,13.21,13.5,13.5,13.2,2801,3724000.0,2.26,1.5,0.2,0.81
2001-04-06,600765,13.46,13.45,13.6,13.3,3095,4169000.0,2.22,-0.37,-0.05,0.9
2001-04-09,600765,13.38,13.85,13.92,13.37,5572,7670000.0,4.09,2.97,0.4,1.62
2001-04-10,600765,13.85,13.79,13.9,13.69,3478,4794000.0,1.52,-0.43,-0.06,1.01
2001-04-11,600765,13.8,13.64,13.85,13.55,2837,3886000.0,2.18,-1.09,-0.15,0.82
2001-04-12,600765,13.6,13.75,13.81,13.5,3944,5405000.0,2.27,0.81,0.11,1.14
2001-04-13,600765,13.79,14.03,14.08,13.76,7149,9983000.0,2.33,2.04,0.28,2.07
2001-04-16,600765,14.08,14.13,14.3,14.04,7447,10559000.0,1.85,0.71,0.1,2.16
2001-04-17,600765,14.2,14.0,14.2,13.85,5035,7050000.0,2.48,-0.92,-0.13,1.46
2001-04-18,600765,13.95,14.24,14.24,13.85,5057,7127000.0,2.79,1.71,0.24,1.47
2001-04-19,600765,14.28,14.29,14.31,14.02,4474,6356000.0,2.04,0.35,0.05,1.3
2001-04-20,600765,14.23,14.03,14.3,14.03,4241,5999000.0,1.89,-1.82,-0.26,1.23
2001-04-23,600765,13.98,13.98,14.03,13.69,4437,6145000.0,2.42,-0.36,-0.05,1.29
2001-04-24,600765,14.0,14.3,14.45,14.0,7139,10183000.0,3.22,2.29,0.32,2.07
2001-04-25,600765,14.5,15.73,15.73,14.5,74294,116150000.0,8.6,10.0,1.43,21.55
2001-04-26,600765,15.36,14.58,15.52,14.18,42904,64263000.0,8.52,-7.31,-1.15,12.45
2001-04-27,600765,14.58,14.58,14.97,14.44,15230,22318000.0,3.64,0.0,0.0,4.42
2001-04-30,600765,14.58,14.79,15.09,14.52,11441,17071000.0,3.91,1.44,0.21,3.32
2001-05-08,600765,14.88,15.69,15.85,14.82,20412,31699812.0,6.96,6.09,0.9,5.92
2001-05-09,600765,15.73,15.71,15.97,15.42,17416,27397000.0,3.51,0.13,0.02,5.05
2001-05-10,600765,15.7,15.98,15.98,15.49,15308,24099000.0,3.12,1.72,0.27,4.44
2001-05-11,600765,16.05,16.05,16.4,15.78,18405,29697000.0,3.88,0.44,0.07,5.34
2001-05-14,600765,16.1,15.86,16.25,15.73,12909,20560000.0,3.24,-1.18,-0.19,3.74
2001-05-15,600765,15.86,16.1,16.22,15.6,14067,22444000.0,3.91,1.51,0.24,4.08
2001-05-16,600765,16.2,15.85,16.35,15.8,9876,15734000.0,3.42,-1.55,-0.25,2.86
2001-05-18,600765,16.02,16.03,16.15,15.7,10641,16984000.0,2.84,1.14,0.18,3.09
2001-05-21,600765,16.1,16.72,17.1,16.05,24096,40423000.0,6.55,4.3,0.69,6.99
2001-05-22,600765,16.83,16.62,16.85,16.45,10228,16975000.0,2.39,-0.6,-0.1,2.97
2001-05-23,600765,16.62,16.49,16.86,16.15,10548,17397000.0,4.27,-0.78,-0.13,3.06
2001-05-24,600765,16.54,16.85,16.98,16.28,11940,20086000.0,4.24,2.18,0.36,3.46
2001-05-25,600765,16.9,17.06,17.4,16.6,11405,19506000.0,4.75,1.25,0.21,3.31
2001-05-28,600765,17.26,16.69,17.26,16.5,9914,16687000.0,4.45,-2.17,-0.37,2.88
2001-05-29,600765,16.66,16.0,16.78,16.0,18211,29590000.0,4.67,-4.13,-0.69,5.28
2001-05-30,600765,15.97,16.35,16.38,15.9,8092,13122000.0,3.0,2.19,0.35,2.35
2001-05-31,600765,16.4,16.28,16.46,16.1,9877,16014000.0,2.2,-0.43,-0.07,2.87
2001-06-01,600765,16.28,16.69,16.85,16.28,8101,13537000.0,3.5,2.52,0.41,2.35
2001-06-04,600765,16.68,16.9,16.93,16.4,7043,11784000.0,3.18,1.26,0.21,2.04
2001-06-05,600765,16.89,16.95,17.05,16.75,5834,9867000.0,1.78,0.3,0.05,1.69
2001-06-06,600765,16.95,17.28,17.28,16.81,13285,22768000.0,2.77,1.95,0.33,3.85
2001-06-07,600765,17.28,16.79,17.4,16.75,7474,12779000.0,3.76,-2.84,-0.49,2.17
2001-06-08,600765,16.75,16.3,16.75,16.2,11932,19598000.0,3.28,-2.92,-0.49,3.46
2001-06-11,600765,16.28,16.2,16.55,16.1,7602,12399000.0,2.76,-0.61,-0.1,2.21
2001-06-12,600765,16.2,16.3,16.42,16.19,5682,9270000.0,1.42,0.62,0.1,1.65
2001-06-13,600765,16.26,16.73,16.78,16.26,5010,8320000.0,3.19,2.64,0.43,1.45
2001-06-14,600765,16.48,16.52,17.0,16.48,7776,13036000.0,3.11,-1.26,-0.21,2.26
2001-06-15,600765,16.45,16.51,16.7,16.21,4739,7789000.0,2.97,-0.06,-0.01,1.37
2001-06-18,600765,16.28,15.56,16.52,15.23,10114,16096000.0,7.81,-5.75,-0.95,2.93
2001-06-19,600765,15.5,15.44,15.72,15.31,4585,7106000.0,2.63,-0.77,-0.12,1.33
2001-06-20,600765,15.49,15.54,15.8,15.35,3584,5571000.0,2.91,0.65,0.1,1.04
2001-06-21,600765,15.65,16.28,16.98,15.5,5001,7987000.0,9.52,4.76,0.74,1.45
2001-06-22,600765,16.2,16.15,16.2,15.85,4068,6534000.0,2.15,-0.8,-0.13,1.18
2001-06-25,600765,16.15,16.31,16.47,16.15,3176,5193000.0,1.98,0.99,0.16,0.92
2001-06-26,600765,16.5,16.45,16.57,16.32,2381,3915000.0,1.53,0.86,0.14,0.69
2001-06-27,600765,16.45,16.55,16.69,16.35,3948,6515000.0,2.07,0.61,0.1,1.15
2001-06-28,600765,16.55,16.57,16.98,16.35,6559,10914000.0,3.81,0.12,0.02,1.9
2001-06-29,600765,16.58,16.5,16.69,16.48,2451,4061000.0,1.27,-0.42,-0.07,0.71
2001-07-02,600765,16.5,15.98,16.5,15.9,5090,8199000.0,3.64,-3.15,-0.52,1.48
2001-07-03,600765,16.0,16.05,16.2,15.65,2320,3686000.0,3.44,0.44,0.07,0.67
2001-07-04,600765,16.06,15.96,16.1,15.9,1059,1695000.0,1.25,-0.56,-0.09,0.31
2001-07-05,600765,15.9,15.9,15.95,15.75,2820,4470000.0,1.25,-0.38,-0.06,0.82
2001-07-06,600765,15.85,15.68,15.94,15.68,1995,3141000.0,1.64,-1.38,-0.22,0.58
2001-07-09,600765,15.51,15.47,15.65,15.45,2426,3767000.0,1.28,-1.34,-0.21,0.7
2001-07-10,600765,15.5,15.79,15.93,15.5,2137,3361000.0,2.78,2.07,0.32,0.62
2001-07-11,600765,15.9,15.58,15.98,15.5,1250,1964000.0,3.04,-1.33,-0.21,0.36
2001-07-12,600765,15.6,15.68,15.78,15.6,1457,2287000.0,1.16,0.64,0.1,0.42
2001-07-13,600765,15.66,15.66,15.89,15.61,650,1025487.0,1.79,-0.13,-0.02,0.19
2001-07-16,600765,15.8,15.65,15.98,15.58,1545,2429000.0,2.55,-0.06,-0.01,0.45
2001-07-17,600765,15.64,15.6,15.64,15.45,1716,2661000.0,1.21,-0.32,-0.05,0.5
2001-07-18,600765,15.58,15.85,15.88,15.52,883,1392000.0,2.31,1.6,0.25,0.26
2001-07-19,600765,15.85,15.86,15.9,15.72,1061,1673000.0,1.14,0.06,0.01,0.31
2001-07-20,600765,15.95,16.14,16.18,15.81,2833,4551000.0,2.33,1.77,0.28,0.82
2001-07-23,600765,16.18,16.13,16.24,15.97,3245,5231000.0,1.67,-0.06,-0.01,0.94
2001-07-24,600765,16.13,15.81,16.13,15.72,2204,3512000.0,2.54,-1.98,-0.32,0.64
2001-07-25,600765,15.8,15.7,15.93,15.65,1442,2272000.0,1.77,-0.7,-0.11,0.42
2001-07-26,600765,15.55,15.6,15.92,15.52,1578,2461000.0,2.55,-0.64,-0.1,0.46
2001-07-27,600765,15.81,15.1,15.81,15.02,2456,3783000.0,5.06,-3.21,-0.5,0.71
2001-07-30,600765,14.99,13.78,14.99,13.62,4072,5853000.0,9.07,-8.74,-1.32,1.18
2001-07-31,600765,13.67,13.56,14.0,13.3,3026,4161000.0,5.08,-1.6,-0.22,0.88
2001-08-01,600765,13.65,14.2,14.24,13.65,3983,5588000.0,4.35,4.72,0.64,1.16
2001-08-02,600765,14.3,14.1,14.3,13.6,2112,2927000.0,4.93,-0.7,-0.1,0.61
2001-08-03,600765,14.07,14.08,14.19,13.95,1197,1686000.0,1.7,-0.14,-0.02,0.35
2001-08-06,600765,14.05,13.45,14.05,13.11,2788,3782000.0,6.68,-4.47,-0.63,0.81
2001-08-07,600765,13.45,13.9,13.97,13.4,1643,2261000.0,4.24,3.35,0.45,0.48
2001-08-08,600765,13.9,14.08,14.17,13.7,2117,2967000.0,3.38,1.29,0.18,0.61
2001-08-09,600765,14.09,14.44,14.5,14.09,2532,3621000.0,2.91,2.56,0.36,0.73
2001-08-10,600765,14.58,14.5,14.6,14.41,3555,5156000.0,1.32,0.42,0.06,1.03
2001-08-13,600765,14.5,14.54,14.65,14.41,2018,2932000.0,1.66,0.28,0.04,0.59
2001-08-14,600765,14.58,14.3,14.61,14.18,1567,2240000.0,2.96,-1.65,-0.24,0.45
2001-08-15,600765,14.31,14.65,14.65,14.2,2628,3814000.0,3.15,2.45,0.35,0.76
2001-08-16,600765,14.65,14.28,14.65,14.28,1159,1670000.0,2.53,-2.53,-0.37,0.34
2001-08-17,600765,14.19,14.25,14.49,14.12,1064,1514000.0,2.59,-0.21,-0.03,0.31
2001-08-20,600765,14.25,14.3,14.35,14.2,2205,3145000.0,1.05,0.35,0.05,0.64
2001-08-21,600765,14.35,14.48,14.59,14.3,1686,2446000.0,2.03,1.26,0.18,0.49
2001-08-22,600765,14.51,14.21,14.51,14.12,1476,2099000.0,2.69,-1.86,-0.27,0.43
2001-08-23,600765,14.1,14.11,14.33,13.82,1157,1633000.0,3.59,-0.7,-0.1,0.34
2001-08-24,600765,14.25,13.92,14.35,13.9,1078,1519000.0,3.19,-1.35,-0.19,0.31
2001-08-27,600765,13.88,13.38,13.88,13.25,2708,3657000.0,4.53,-3.88,-0.54,0.79
2001-08-28,600765,13.28,13.78,13.78,13.25,2991,4023000.0,3.96,2.99,0.4,0.87
2001-08-29,600765,13.31,13.7,13.96,13.31,1212,1673000.0,4.72,-0.58,-0.08,0.35
2001-08-30,600765,13.51,13.63,13.79,13.51,1007,1370000.0,2.04,-0.51,-0.07,0.29
2001-08-31,600765,13.7,13.76,13.8,13.63,658,904000.0,1.25,0.95,0.13,0.19
2001-09-03,600765,13.74,13.68,13.85,13.56,717,981000.0,2.11,-0.58,-0.08,0.21
2001-09-04,600765,13.69,13.95,13.95,13.2,1542,2127000.0,5.48,1.97,0.27,0.45
2001-09-05,600765,14.08,14.05,14.25,13.97,1673,2359000.0,2.01,0.72,0.1,0.49
2001-09-06,600765,14.18,14.2,14.29,13.95,1615,2273000.0,2.42,1.07,0.15,0.47
2001-09-07,600765,14.05,13.56,14.1,13.55,1547,2127000.0,3.87,-4.51,-0.64,0.45
2001-09-10,600765,13.4,14.1,14.65,13.3,2409,3373000.0,9.96,3.98,0.54,0.7
2001-09-11,600765,14.06,14.03,14.18,13.97,1063,1497000.0,1.49,-0.5,-0.07,0.31
2001-09-12,600765,13.8,13.8,14.0,13.61,1829,2520000.0,2.78,-1.64,-0.23,0.53
2001-09-13,600765,13.82,13.77,14.0,13.71,770,1064000.0,2.1,-0.22,-0.03,0.22
2001-09-14,600765,13.8,13.4,13.8,13.38,2190,2950000.0,3.05,-2.69,-0.37,0.64
2001-09-17,600765,13.29,13.0,13.41,13.0,2373,3132000.0,3.06,-2.99,-0.4,0.69
2001-09-18,600765,13.2,13.31,13.56,13.0,1218,1608000.0,4.31,2.38,0.31,0.35
2001-09-19,600765,13.21,13.43,13.43,13.08,1357,1790000.0,2.63,0.9,0.12,0.39
2001-09-20,600765,13.45,13.28,13.56,13.28,780,1044000.0,2.08,-1.12,-0.15,0.23
2001-09-21,600765,13.3,12.86,13.3,12.8,4117,5349000.0,3.77,-3.16,-0.42,1.19
2001-09-24,600765,12.8,12.63,12.86,12.6,1711,2174000.0,2.02,-1.79,-0.23,0.5
2001-09-25,600765,12.7,12.67,12.98,12.61,645,820000.0,2.93,0.32,0.04,0.19
2001-09-26,600765,12.78,12.45,12.78,12.11,1845,2292000.0,5.29,-1.74,-0.22,0.54
2001-09-27,600765,12.45,12.45,12.64,12.25,1013,1260000.0,3.13,0.0,0.0,0.29
2001-09-28,600765,12.48,12.38,12.58,12.2,1105,1362000.0,3.05,-0.56,-0.07,0.32
2001-10-08,600765,12.2,11.8,12.32,11.77,1646,1973000.0,4.44,-4.68,-0.58,0.48
2001-10-09,600765,12.0,11.97,12.05,11.8,816,975000.0,2.12,1.44,0.17,0.24
2001-10-10,600765,11.94,11.55,11.94,11.53,1787,2075000.0,3.43,-3.51,-0.42,0.52
2001-10-11,600765,11.48,11.1,11.6,11.01,1811,2033000.0,5.11,-3.9,-0.45,0.53
2001-10-12,600765,10.98,11.6,11.67,10.78,2860,3222000.0,8.02,4.5,0.5,0.83
2001-10-15,600765,11.59,11.35,11.74,11.3,2175,2503000.0,3.79,-2.16,-0.25,0.63
2001-10-16,600765,11.47,11.17,11.48,11.15,930,1050000.0,2.91,-1.59,-0.18,0.27
2001-10-17,600765,11.0,10.94,11.45,10.9,1696,1871000.0,4.92,-2.06,-0.23,0.49
2001-10-18,600765,10.85,11.1,11.1,10.6,2067,2228000.0,4.57,1.46,0.16,0.6
2001-10-19,600765,10.99,10.79,12.11,10.51,3702,4099000.0,14.41,-2.79,-0.31,1.07
2001-10-22,600765,10.77,10.19,10.77,10.13,1589,1662000.0,5.93,-5.56,-0.6,0.46
2001-10-23,600765,11.07,11.21,11.21,11.07,3832,4294000.0,1.37,10.01,1.02,1.11
2001-10-24,600765,12.33,12.33,12.33,11.75,16764,20385000.0,5.17,9.99,1.12,4.86
2001-10-25,600765,12.3,12.3,12.3,11.82,3589,4321000.0,3.89,-0.24,-0.03,1.04
2001-10-26,600765,12.0,11.92,12.15,11.77,1628,1941000.0,3.09,-3.09,-0.38,0.47
2001-10-29,600765,11.86,12.08,12.1,11.86,1164,1400000.0,2.01,1.34,0.16,0.34
2001-10-30,600765,12.1,11.88,12.2,11.85,709,848000.0,2.9,-1.66,-0.2,0.21
2001-10-31,600765,11.98,11.54,11.98,11.37,4714,5421000.0,5.13,-2.86,-0.34,1.37
2001-11-01,600765,11.6,11.91,11.98,11.6,2753,3242000.0,3.29,3.21,0.37,0.8
2001-11-02,600765,11.89,11.76,11.91,11.6,1204,1414000.0,2.6,-1.26,-0.15,0.35
2001-11-05,600765,11.6,11.59,11.71,11.21,1001,1151000.0,4.25,-1.45,-0.17,0.29
2001-11-06,600765,11.88,11.65,11.88,11.6,611,714000.0,2.42,0.52,0.06,0.18
2001-11-07,600765,11.7,10.81,11.7,10.78,3227,3583000.0,7.9,-7.21,-0.84,0.94
2001-11-08,600765,10.59,10.97,11.89,10.37,3893,4310000.0,14.06,1.48,0.16,1.13
2001-11-09,600765,10.95,11.28,11.45,10.72,1643,1836000.0,6.65,2.83,0.31,0.48
2001-11-12,600765,11.05,11.08,11.39,11.05,1226,1370000.0,3.01,-1.77,-0.2,0.36
2001-11-13,600765,10.72,10.9,11.06,10.72,716,783000.0,3.07,-1.62,-0.18,0.21
2001-11-14,600765,10.9,11.07,11.15,10.9,1743,1923000.0,2.29,1.56,0.17,0.51
2001-11-15,600765,11.28,11.17,11.28,11.03,705,785000.0,2.26,0.9,0.1,0.2
2001-11-16,600765,12.0,11.31,12.19,11.3,4896,5716000.0,7.97,1.25,0.14,1.42
2001-11-19,600765,11.35,11.5,11.62,11.31,4896,5716581.0,2.74,1.68,0.19,1.42
2001-11-20,600765,11.55,11.81,11.88,11.5,1636,1882366.0,3.3,2.7,0.31,0.47
2001-11-21,600765,11.81,11.8,11.88,11.68,2516,2963000.0,1.69,-0.08,-0.01,0.73
2001-11-22,600765,11.81,12.09,12.14,11.81,2500,2991000.0,2.8,2.46,0.29,0.73
2001-11-23,600765,12.15,11.97,12.15,11.85,2069,2469000.0,2.48,-0.99,-0.12,0.6
2001-11-26,600765,11.87,11.8,11.98,11.74,2606,3095000.0,2.01,-1.42,-0.17,0.76
2001-11-27,600765,11.8,12.04,12.05,11.79,2063,2464000.0,2.2,2.03,0.24,0.6
2001-11-28,600765,12.14,12.41,12.69,12.04,7074,8768000.0,5.4,3.07,0.37,2.05
2001-11-29,600765,12.4,12.75,12.87,12.31,6490,8202000.0,4.51,2.74,0.34,1.88
2001-11-30,600765,12.6,12.71,12.77,12.45,3505,4447000.0,2.51,-0.31,-0.04,1.02
2001-12-03,600765,12.88,12.73,12.88,12.65,2725,3478000.0,1.81,0.16,0.02,0.79
2001-12-04,600765,12.68,12.9,12.98,12.67,4172,5369000.0,2.44,1.34,0.17,1.21
2001-12-05,600765,12.75,12.46,12.8,12.45,5384,6786052.0,2.71,-3.41,-0.44,1.56
2001-12-06,600765,12.5,12.59,12.65,12.45,1905,2386642.0,1.61,1.04,0.13,0.55
2001-12-07,600765,12.64,12.66,12.8,12.48,3491,4424190.0,2.54,0.56,0.07,1.01
2001-12-10,600765,12.6,12.7,12.7,12.5,1266,1592154.0,1.58,0.32,0.04,0.37
2001-12-11,600765,12.75,12.78,13.06,12.71,7791,10074938.0,2.76,0.63,0.08,2.26
2001-12-12,600765,12.65,12.42,12.68,12.4,2319,2895221.0,2.19,-2.82,-0.36,0.67
2001-12-13,600765,12.42,12.2,12.5,12.12,2833,3472489.0,3.06,-1.77,-0.22,0.82
2001-12-14,600765,12.2,12.2,12.28,11.96,2068,2511605.0,2.62,0.0,0.0,0.6
2001-12-17,600765,12.2,12.25,12.32,12.05,1066,1299500.0,2.21,0.41,0.05,0.31
2001-12-18,600765,12.25,12.96,12.98,12.0,5173,6467980.0,8.0,5.8,0.71,1.5
2001-12-19,600765,12.85,12.54,12.89,12.53,3639,4644334.0,2.78,-3.24,-0.42,1.06
2001-12-20,600765,12.55,12.2,12.55,12.0,2144,2626604.0,4.39,-2.71,-0.34,0.62
2001-12-21,600765,12.18,12.27,12.4,12.05,1918,2343198.0,2.87,0.57,0.07,0.56
2001-12-24,600765,12.21,11.97,12.38,11.91,1849,2231264.0,3.83,-2.44,-0.3,0.54
2001-12-25,600765,11.8,11.92,12.07,11.8,1923,2290576.0,2.26,-0.42,-0.05,0.56
2001-12-26,600765,11.92,11.95,11.95,11.7,1621,1920304.0,2.1,0.25,0.03,0.47
2001-12-27,600765,12.15,11.8,12.15,11.8,1265,1507369.0,2.93,-1.26,-0.15,0.37
2001-12-28,600765,11.7,11.74,11.88,11.52,1371,1603014.0,3.05,-0.51,-0.06,0.4
2001-12-31,600765,11.87,11.8,12.0,11.74,1247,1475938.0,2.21,0.51,0.06,0.36
2002-01-04,600765,11.97,11.71,12.34,11.7,1004,1194644.0,5.42,-0.76,-0.09,0.29
2002-01-07,600765,11.71,11.5,11.71,11.46,818,942925.0,2.13,-1.79,-0.21,0.24
2002-01-08,600765,11.45,11.28,11.63,11.28,932,1063131.0,3.04,-1.91,-0.22,0.27
2002-01-09,600765,11.2,10.64,11.2,10.56,2636,2855802.0,5.67,-5.67,-0.64,0.76
2002-01-10,600765,10.6,10.8,10.88,10.36,2327,2465209.0,4.89,1.5,0.16,0.68
2002-01-11,600765,10.79,10.24,10.79,10.22,1209,1274396.0,5.28,-5.19,-0.56,0.35
2002-01-14,600765,10.0,9.6,10.19,9.58,2893,2830381.0,5.96,-6.25,-0.64,0.84
2002-01-15,600765,9.5,9.52,9.83,9.39,1230,1185330.0,4.58,-0.83,-0.08,0.36
2002-01-16,600765,9.89,9.78,9.89,9.46,1240,1199925.0,4.52,2.73,0.26,0.36
2002-01-17,600765,9.75,9.04,9.75,9.02,1724,1603028.0,7.46,-7.57,-0.74,0.5
2002-01-18,600765,9.0,8.52,9.0,8.39,5143,4451030.0,6.75,-5.75,-0.52,1.49
2002-01-21,600765,8.4,7.67,8.4,7.67,3792,2973869.0,8.57,-9.98,-0.85,1.1
2002-01-22,600765,7.1,6.97,7.55,6.9,9730,6958725.0,8.47,-9.13,-0.7,2.82
2002-01-23,600765,6.7,7.67,7.67,6.7,5432,3944182.0,13.92,10.04,0.7,1.58
2002-01-24,600765,7.67,8.11,8.4,7.41,11135,8996212.0,12.91,5.74,0.44,3.23
2002-01-25,600765,8.03,8.19,8.35,7.91,5329,4328651.0,5.43,0.99,0.08,1.55
2002-01-28,600765,8.3,7.47,8.32,7.46,6856,5441315.0,10.5,-8.79,-0.72,1.99
2002-01-29,600765,7.32,7.9,8.0,7.1,5017,3860272.0,12.05,5.76,0.43,1.46
2002-01-30,600765,7.8,8.2,8.36,7.78,4899,3994103.0,7.34,3.8,0.3,1.42
2002-01-31,600765,8.31,8.98,9.02,8.31,10835,9518194.0,8.66,9.51,0.78,3.14
2002-02-01,600765,8.98,8.98,9.2,8.81,6807,6156357.0,4.34,0.0,0.0,1.97
2002-02-04,600765,9.02,9.49,9.6,8.88,6060,5616094.0,8.02,5.68,0.51,1.76
2002-02-05,600765,9.43,9.38,9.51,9.24,5515,5172260.0,2.85,-1.16,-0.11,1.6
2002-02-06,600765,9.38,8.88,9.4,8.88,6022,5471114.0,5.54,-5.33,-0.5,1.75
2002-02-07,600765,8.65,9.17,9.25,8.65,3365,3074515.0,6.76,3.27,0.29,0.98
2002-02-08,600765,9.25,9.09,9.33,9.03,2889,2645339.0,3.27,-0.87,-0.08,0.84
2002-02-25,600765,9.4,9.25,9.49,9.18,2505,2326769.0,3.41,1.76,0.16,0.73
2002-02-26,600765,9.2,9.55,9.58,9.18,3658,3424775.0,4.32,3.24,0.3,1.06
2002-02-27,600765,9.55,9.54,9.65,9.45,2474,2366703.0,2.09,-0.1,-0.01,0.72
2002-02-28,600765,9.54,9.37,9.6,9.3,2504,2358175.0,3.14,-1.78,-0.17,0.73
2002-03-01,600765,9.32,9.08,9.33,9.01,3414,3124465.0,3.42,-3.09,-0.29,0.99
2002-03-04,600765,9.0,9.3,9.32,8.87,1605,1471224.0,4.96,2.42,0.22,0.47
2002-03-05,600765,9.3,9.68,9.73,9.3,5266,5051739.0,4.62,4.09,0.38,1.53
2002-03-06,600765,9.75,9.77,10.14,9.68,7658,7594965.0,4.75,0.93,0.09,2.22
2002-03-07,600765,9.8,10.24,10.25,9.77,6919,6935349.0,4.91,4.81,0.47,2.01
2002-03-08,600765,10.35,10.3,10.49,10.13,8770,9011878.0,3.52,0.59,0.06,2.54
2002-03-11,600765,10.35,10.81,10.83,10.35,7730,8217170.0,4.66,4.95,0.51,2.24
2002-03-12,600765,10.79,10.71,11.18,10.67,11307,12282642.0,4.72,-0.93,-0.1,3.28
2002-03-13,600765,10.69,10.3,10.8,10.21,7181,7508286.0,5.51,-3.83,-0.41,2.08
2002-03-14,600765,10.3,10.85,10.89,10.3,6179,6502810.0,5.73,5.34,0.55,1.79
2002-03-15,600765,10.78,10.34,10.8,10.33,4852,5135722.0,4.33,-4.7,-0.51,1.41
2002-03-18,600765,10.5,10.49,10.77,10.34,6140,6486015.0,4.16,1.45,0.15,1.78
2002-03-19,600765,10.62,10.84,10.87,10.46,5348,5734559.0,3.91,3.34,0.35,1.55
2002-03-20,600765,10.84,11.11,11.35,10.82,8612,9530208.0,4.89,2.49,0.27,2.5
2002-03-21,600765,11.2,11.05,11.3,10.91,4833,5354420.0,3.51,-0.54,-0.06,1.4
2002-03-22,600765,11.05,10.89,11.05,10.7,5283,5729445.0,3.17,-1.45,-0.16,1.53
2002-03-25,600765,10.82,10.94,10.95,10.81,2093,2281440.0,1.29,0.46,0.05,0.61
2002-03-26,600765,11.0,10.68,11.0,10.55,3630,3893420.0,4.11,-2.38,-0.26,1.05
2002-03-27,600765,10.67,10.75,10.79,10.56,2987,3191435.0,2.15,0.66,0.07,0.87
2002-03-28,600765,10.76,10.76,10.94,10.6,2373,2560321.0,3.16,0.09,0.01,0.69
2002-03-29,600765,10.67,10.39,10.67,10.32,4451,4679492.0,3.25,-3.44,-0.37,1.29
2002-04-01,600765,10.3,10.5,10.54,10.28,2279,2372612.0,2.5,1.06,0.11,0.66
2002-04-02,600765,10.45,10.2,10.48,10.13,2689,2761418.0,3.33,-2.86,-0.3,0.78
2002-04-03,600765,10.2,10.4,10.4,10.2,2765,2849982.0,1.96,1.96,0.2,0.8
2002-04-04,600765,10.41,10.83,10.88,10.33,4880,5212324.0,5.29,4.13,0.43,1.42
2002-04-05,600765,10.83,10.84,10.94,10.7,5046,5470224.0,2.22,0.09,0.01,1.46
2002-04-08,600765,10.88,11.28,11.6,10.88,20327,23123486.0,6.64,4.06,0.44,5.9
2002-04-09,600765,11.3,11.45,11.47,11.18,10944,12416103.0,2.57,1.51,0.17,3.17
2002-04-10,600765,11.47,11.4,11.56,11.32,4769,5436810.0,2.1,-0.44,-0.05,1.38
2002-04-11,600765,11.45,11.13,11.45,11.01,5529,6207525.0,3.86,-2.37,-0.27,1.6
2002-04-12,600765,11.13,11.28,11.39,11.1,3303,3713527.0,2.61,1.35,0.15,0.96
2002-04-15,600765,11.28,11.13,11.28,11.0,3809,4235926.0,2.48,-1.33,-0.15,1.11
2002-04-16,600765,11.1,11.13,11.24,11.1,1809,2018858.0,1.26,0.0,0.0,0.52
2002-04-17,600765,11.13,11.32,11.34,11.1,2701,3033378.0,2.16,1.71,0.19,0.78
2002-04-19,600765,11.01,11.05,11.12,10.7,6321,6887082.0,3.71,-2.39,-0.27,1.83
2002-04-22,600765,10.96,10.95,11.13,10.88,1639,1802228.0,2.26,-0.9,-0.1,0.48
2002-04-23,600765,10.95,11.16,11.32,10.89,4162,4647676.0,3.93,1.92,0.21,1.21
2002-04-24,600765,11.2,10.99,11.2,10.9,2749,3034363.0,2.69,-1.52,-0.17,0.8
2002-04-25,600765,10.96,11.0,11.11,10.82,2653,2912082.0,2.64,0.09,0.01,0.77
2002-04-26,600765,11.0,11.45,11.52,10.91,8159,9267985.0,5.55,4.09,0.45,2.37
2002-04-29,600765,11.6,12.01,12.15,11.52,20429,24429171.0,5.5,4.89,0.56,5.93
2002-04-30,600765,12.12,11.89,12.19,11.8,10037,12023662.0,3.25,-1.0,-0.12,2.91
2002-05-08,600765,11.88,11.78,11.89,11.7,3315,3908882.0,1.6,-0.93,-0.11,0.96
2002-05-09,600765,11.75,11.75,11.85,11.7,2735,3219120.0,1.27,-0.25,-0.03,0.79
2002-05-10,600765,11.74,11.53,11.74,11.5,3719,4302332.0,2.04,-1.87,-0.22,1.08
2002-05-13,600765,11.5,11.55,11.67,11.4,3005,3476500.0,2.34,0.17,0.02,0.87
2002-05-14,600765,11.55,11.6,11.79,11.55,2888,3367527.0,2.08,0.43,0.05,0.84
2002-05-15,600765,11.6,11.4,11.63,11.4,3755,4324615.0,1.98,-1.72,-0.2,1.09
2002-05-16,600765,11.31,10.97,11.48,10.91,4778,5340847.0,5.0,-3.77,-0.43,1.39
2002-05-17,600765,10.97,11.03,11.19,10.7,3842,4214583.0,4.47,0.55,0.06,1.11
2002-05-20,600765,11.04,10.75,11.1,10.58,3002,3212763.0,4.71,-2.54,-0.28,0.87
2002-05-21,600765,11.2,11.35,11.45,11.01,5703,6416642.0,4.09,5.58,0.6,1.65
2002-05-22,600765,11.35,11.08,11.5,11.07,2653,2968310.0,3.79,-2.38,-0.27,0.77
2002-05-23,600765,11.19,11.29,11.43,11.12,2461,2779348.0,2.8,1.9,0.21,0.71
2002-05-24,600765,11.29,11.12,11.39,11.05,1838,2049955.0,3.01,-1.51,-0.17,0.53
2002-05-27,600765,11.23,11.41,11.42,11.15,2171,2449120.0,2.43,2.61,0.29,0.63
2002-05-28,600765,11.38,11.32,11.65,11.32,3861,4438808.0,2.89,-0.79,-0.09,1.12
2002-05-29,600765,11.29,10.99,11.3,10.92,4180,4615672.0,3.36,-2.92,-0.33,1.21
2002-05-30,600765,11.04,11.0,11.09,10.7,2673,2919511.0,3.55,0.09,0.01,0.78
2002-05-31,600765,11.02,10.84,11.09,10.81,4599,5028185.0,2.55,-1.45,-0.16,1.33
2002-06-03,600765,10.75,10.4,10.75,10.36,4404,4615934.0,3.6,-4.06,-0.44,1.28
2002-06-04,600765,10.35,10.42,10.58,10.21,1972,2045485.0,3.56,0.19,0.02,0.57
2002-06-05,600765,10.42,9.98,10.42,9.93,2642,2658599.0,4.7,-4.22,-0.44,0.77
2002-06-06,600765,9.88,10.62,10.7,9.75,4483,4616808.0,9.52,6.41,0.64,1.3
2002-06-07,600765,10.62,10.61,10.79,10.46,3462,3693952.0,3.11,-0.09,-0.01,1.0
2002-06-10,600765,10.56,10.4,10.56,10.32,1793,1870791.0,2.26,-1.98,-0.21,0.52
2002-06-11,600765,10.4,10.6,10.67,10.36,1823,1926571.0,2.98,1.92,0.2,0.53
2002-06-12,600765,10.6,10.49,10.6,10.39,947,987940.0,1.98,-1.04,-0.11,0.27
2002-06-13,600765,10.42,10.35,10.56,10.31,634,662465.0,2.38,-1.33,-0.14,0.18
2002-06-14,600765,10.22,10.13,10.35,10.11,1262,1288574.0,2.32,-2.13,-0.22,0.37
2002-06-17,600765,10.05,10.2,10.27,10.03,773,784128.0,2.37,0.69,0.07,0.22
2002-06-18,600765,10.2,10.55,10.63,10.2,2154,2254032.0,4.22,3.43,0.35,0.62
2002-06-19,600765,10.42,10.4,10.51,10.31,580,603678.0,1.9,-1.42,-0.15,0.17
2002-06-20,600765,10.38,10.49,10.68,10.38,1171,1234298.0,2.88,0.87,0.09,0.34
2002-06-21,600765,10.49,10.9,10.95,10.49,3771,4075958.0,4.39,3.91,0.41,1.09
2002-06-24,600765,11.99,11.99,11.99,11.51,16771,19850970.0,4.4,10.0,1.09,4.86
2002-06-25,600765,11.99,11.7,12.17,11.6,9719,11559371.0,4.75,-2.42,-0.29,2.82
2002-06-26,600765,11.55,11.61,11.8,11.39,4666,5395590.0,3.5,-0.77,-0.09,1.35
2002-06-27,600765,11.62,11.64,11.73,11.53,2357,2739000.0,1.72,0.26,0.03,0.68
2002-06-28,600765,11.45,11.42,11.6,11.25,5328,6078459.0,3.01,-1.89,-0.22,1.55
2002-07-01,600765,11.45,11.31,11.55,11.29,2503,2838937.0,2.28,-0.96,-0.11,0.73
2002-07-02,600765,11.29,11.44,11.45,11.26,1516,1720958.0,1.68,1.15,0.13,0.44
2002-07-03,600765,11.49,11.44,11.5,11.37,1144,1306183.0,1.14,0.0,0.0,0.33
2002-07-04,600765,11.45,11.29,11.53,11.25,1861,2113296.0,2.45,-1.31,-0.15,0.54
2002-07-05,600765,11.22,11.43,11.43,11.22,1260,1427304.0,1.86,1.24,0.14,0.37
2002-07-08,600765,11.49,11.55,11.57,11.43,2135,2461327.0,1.22,1.05,0.12,0.62
2002-07-09,600765,11.57,11.42,11.6,11.42,1244,1431394.0,1.56,-1.13,-0.13,0.36
2002-07-10,600765,11.42,11.3,11.5,11.25,2567,2901164.0,2.19,-1.05,-0.12,0.74
2002-07-11,600765,11.25,11.68,11.7,11.21,7943,9197971.0,4.34,3.36,0.38,2.3
2002-07-12,600765,11.65,11.74,11.82,11.55,6068,7119226.0,2.31,0.51,0.06,1.76
2002-07-15,600765,11.74,11.56,11.84,11.54,2928,3433936.0,2.56,-1.53,-0.18,0.85
2002-07-16,600765,11.55,11.61,11.8,11.55,1965,2287399.0,2.16,0.43,0.05,0.57
2002-07-17,600765,11.56,11.81,11.82,11.56,3251,3813394.0,2.24,1.72,0.2,0.94
2002-07-18,600765,11.85,11.76,11.87,11.75,3227,3816622.0,1.02,-0.42,-0.05,0.94
2002-07-19,600765,11.79,11.9,11.93,11.68,2262,2676395.0,2.13,1.19,0.14,0.66
2002-07-22,600765,11.9,11.57,11.9,11.56,3259,3804607.0,2.86,-2.77,-0.33,0.95
2002-07-23,600765,11.56,11.5,11.6,11.37,1622,1859944.0,1.99,-0.61,-0.07,0.47
2002-07-24,600765,11.59,11.45,11.6,11.4,875,1004106.0,1.74,-0.43,-0.05,0.25
2002-07-25,600765,11.52,11.49,11.58,11.42,727,833750.0,1.4,0.35,0.04,0.21
2002-07-26,600765,11.49,11.4,11.52,11.4,1101,1261879.0,1.04,-0.78,-0.09,0.32
2002-07-29,600765,11.42,11.42,11.48,11.26,1559,1769538.0,1.93,0.18,0.02,0.45
2002-07-30,600765,11.43,11.43,11.53,11.3,465,531075.0,2.01,0.09,0.01,0.13
2002-08-01,600765,11.3,11.34,11.38,11.22,683,770999.0,1.4,-0.79,-0.09,0.2
2002-08-02,600765,11.33,11.42,11.45,11.33,252,287577.0,1.06,0.71,0.08,0.07
2002-08-05,600765,11.42,11.3,11.47,11.25,828,938000.0,1.93,-1.05,-0.12,0.24
2002-08-06,600765,11.37,11.42,11.45,11.28,431,491480.0,1.5,1.06,0.12,0.12
2002-08-07,600765,11.38,11.35,11.48,11.35,295,335992.0,1.14,-0.61,-0.07,0.09
2002-08-08,600765,11.28,11.28,11.43,11.26,490,554756.0,1.5,-0.62,-0.07,0.14
2002-08-09,600765,11.38,11.2,11.38,11.18,918,1029928.0,1.77,-0.71,-0.08,0.27
2002-08-12,600765,11.2,10.96,11.2,10.95,1382,1524297.0,2.23,-2.14,-0.24,0.4
2002-08-13,600765,10.95,10.99,11.1,10.95,582,640539.0,1.37,0.27,0.03,0.17
2002-08-14,600765,11.28,11.1,11.28,11.02,293,325076.0,2.37,1.0,0.11,0.08
2002-08-15,600765,11.01,10.95,11.2,10.95,844,927601.0,2.25,-1.35,-0.15,0.24
2002-08-16,600765,10.99,11.02,11.12,10.85,893,980413.0,2.47,0.64,0.07,0.26
2002-08-19,600765,11.16,11.01,11.16,10.98,700,770540.0,1.63,-0.09,-0.01,0.2
2002-08-20,600765,11.14,11.19,11.24,11.05,932,1040402.0,1.73,1.63,0.18,0.27
2002-08-21,600765,11.13,11.32,11.36,11.13,2033,2298415.0,2.06,1.16,0.13,0.59
2002-08-22,600765,11.3,11.37,11.45,11.2,3120,3537699.0,2.21,0.44,0.05,0.91
2002-08-23,600765,11.4,11.26,11.4,11.2,2556,2875306.0,1.76,-0.97,-0.11,0.74
2002-08-26,600765,11.26,11.29,11.3,11.2,1331,1495722.0,0.89,0.27,0.03,0.39
2002-08-27,600765,11.36,11.62,11.7,11.29,7541,8748448.0,3.63,2.92,0.33,2.19
2002-08-28,600765,11.6,11.46,11.62,11.43,1684,1939000.0,1.64,-1.38,-0.16,0.49
2002-08-29,600765,11.43,11.36,11.48,11.34,1364,1552485.0,1.22,-0.87,-0.1,0.4
2002-08-30,600765,11.36,11.33,11.43,11.3,791,897722.0,1.14,-0.26,-0.03,0.23
2002-09-02,600765,11.32,11.24,11.4,11.18,3462,3890448.0,1.94,-0.79,-0.09,1.0
2002-09-03,600765,11.26,11.45,11.46,11.2,6351,7171294.0,2.31,1.87,0.21,1.84
2002-09-04,600765,11.43,11.37,11.43,11.3,1603,1820321.0,1.14,-0.7,-0.08,0.47
2002-09-05,600765,11.31,11.18,11.31,11.13,1940,2172099.0,1.58,-1.67,-0.19,0.56
2002-09-06,600765,11.18,11.11,11.24,11.1,1568,1747922.0,1.25,-0.63,-0.07,0.45
2002-09-09,600765,11.01,11.0,11.08,10.96,1327,1460017.0,1.08,-0.99,-0.11,0.39
2002-09-10,600765,11.0,11.04,11.23,11.0,584,644317.0,2.09,0.36,0.04,0.17
2002-09-11,600765,11.03,11.0,11.04,10.9,1227,1343068.0,1.27,-0.36,-0.04,0.36
2002-09-12,600765,11.0,11.1,11.14,10.93,396,438014.0,1.91,0.91,0.1,0.11
2002-09-13,600765,11.08,11.07,11.08,11.01,409,450546.0,0.63,-0.27,-0.03,0.12
2002-09-16,600765,10.96,10.7,10.97,10.6,5401,5784359.0,3.34,-3.34,-0.37,1.57
2002-09-17,600765,10.71,10.65,10.8,10.58,2017,2158411.0,2.06,-0.47,-0.05,0.59
2002-09-18,600765,10.71,10.6,10.71,10.6,876,931395.0,1.03,-0.47,-0.05,0.25
2002-09-19,600765,10.55,10.76,10.84,10.48,1968,2093646.0,3.4,1.51,0.16,0.57
2002-09-20,600765,10.77,10.65,10.79,10.58,954,1018127.0,1.95,-1.02,-0.11,0.28
2002-09-23,600765,10.77,10.57,10.77,10.52,1079,1139213.0,2.35,-0.75,-0.08,0.31
2002-09-24,600765,10.59,10.52,10.63,10.5,780,822408.0,1.23,-0.47,-0.05,0.23
2002-09-25,600765,10.5,10.57,10.68,10.47,1221,1286767.0,2.0,0.48,0.05,0.35
2002-09-26,600765,10.55,10.57,10.65,10.5,537,567504.0,1.42,0.0,0.0,0.16
2002-09-27,600765,10.53,10.47,10.6,10.42,846,887290.0,1.7,-0.95,-0.1,0.25
2002-10-08,600765,10.18,10.31,10.35,10.18,416,426105.0,1.62,-1.53,-0.16,0.12
2002-10-09,600765,10.31,10.1,10.31,10.1,1022,1039585.0,2.04,-2.04,-0.21,0.3
2002-10-10,600765,10.02,10.08,10.2,9.99,1746,1756778.0,2.08,-0.2,-0.02,0.51
2002-10-11,600765,10.1,10.06,10.15,9.97,683,685974.0,1.79,-0.2,-0.02,0.2
2002-10-14,600765,10.0,10.08,10.09,9.84,2911,2893138.0,2.49,0.2,0.02,0.84
2002-10-15,600765,10.06,9.96,10.06,9.9,1051,1046297.0,1.59,-1.19,-0.12,0.3
2002-10-16,600765,9.97,10.09,10.15,9.96,1179,1188203.0,1.91,1.31,0.13,0.34
2002-10-17,600765,10.11,9.99,10.11,9.78,1821,1804675.0,3.27,-0.99,-0.1,0.53
2002-10-18,600765,9.88,9.94,9.99,9.7,846,834702.0,2.9,-0.5,-0.05,0.25
2002-10-21,600765,9.84,9.94,9.94,9.75,405,398066.0,1.91,0.0,0.0,0.12
2002-10-22,600765,9.95,10.19,10.25,9.95,2764,2805320.0,3.02,2.52,0.25,0.8
2002-10-23,600765,10.13,10.16,10.19,10.06,578,585022.0,1.28,-0.29,-0.03,0.17
2002-10-24,600765,10.16,10.1,10.25,10.05,652,659695.0,1.97,-0.59,-0.06,0.19
2002-10-25,600765,10.12,9.98,10.35,9.86,1319,1340295.0,4.85,-1.19,-0.12,0.38
2002-10-28,600765,10.0,9.79,10.0,9.78,1099,1083099.0,2.2,-1.9,-0.19,0.32
2002-10-29,600765,9.85,9.96,9.96,9.75,916,900741.0,2.15,1.74,0.17,0.27
2002-10-30,600765,9.96,9.91,9.98,9.8,408,404424.0,1.81,-0.5,-0.05,0.12
2002-10-31,600765,9.95,9.9,10.05,9.88,644,642171.0,1.72,-0.1,-0.01,0.19
2002-11-01,600765,9.9,9.82,9.9,9.75,913,895082.0,1.52,-0.81,-0.08,0.26
2002-11-04,600765,9.95,10.02,10.05,9.85,906,900724.0,2.04,2.04,0.2,0.26
2002-11-05,600765,10.06,10.27,10.29,10.06,1977,2017801.0,2.3,2.5,0.25,0.57
2002-11-06,600765,10.26,10.2,10.26,10.1,2434,2471742.0,1.56,-0.68,-0.07,0.71
2002-11-07,600765,10.21,10.15,10.25,10.1,909,923357.0,1.47,-0.49,-0.05,0.26
2002-11-08,600765,10.26,9.69,10.29,9.5,2150,2125216.0,7.78,-4.53,-0.46,0.62
2002-11-11,600765,9.7,9.58,9.78,9.58,1630,1578417.0,2.06,-1.14,-0.11,0.47
2002-11-12,600765,9.6,9.18,9.65,9.07,3862,3573906.0,6.05,-4.18,-0.4,1.12
2002-11-13,600765,9.15,9.22,9.24,9.01,2883,2627948.0,2.51,0.44,0.04,0.84
2002-11-14,600765,9.15,9.0,9.22,8.98,1391,1265284.0,2.6,-2.39,-0.22,0.4
2002-11-15,600765,8.98,8.99,9.14,8.9,1716,1548069.0,2.67,-0.11,-0.01,0.5
2002-11-18,600765,9.01,8.82,9.01,8.81,1257,1112365.0,2.22,-1.89,-0.17,0.36
2002-11-19,600765,8.8,9.0,9.16,8.8,1522,1357350.0,4.08,2.04,0.18,0.44
2002-11-20,600765,9.0,8.79,9.0,8.65,1486,1303042.0,3.89,-2.33,-0.21,0.43
2002-11-21,600765,8.77,8.48,8.77,8.41,1703,1459830.0,4.1,-3.53,-0.31,0.49
2002-11-22,600765,8.48,8.48,8.67,8.32,1275,1089361.0,4.13,0.0,0.0,0.37
2002-11-25,600765,8.48,8.47,8.58,8.35,1182,1004352.0,2.71,-0.12,-0.01,0.34
2002-11-26,600765,8.5,8.52,8.74,8.5,5373,4637556.0,2.83,0.59,0.05,1.56
2002-11-27,600765,8.44,8.21,8.44,8.01,4369,3572718.0,5.05,-3.64,-0.31,1.27
2002-11-28,600765,8.15,8.64,8.65,8.15,3027,2548394.0,6.09,5.24,0.43,0.88
2002-11-29,600765,8.64,8.79,8.9,8.5,5708,4992974.0,4.63,1.74,0.15,1.66
2002-12-02,600765,8.7,8.41,8.75,8.37,2206,1889818.0,4.32,-4.32,-0.38,0.64
2002-12-03,600765,8.35,8.58,8.6,8.32,1154,982919.0,3.33,2.02,0.17,0.33
2002-12-04,600765,8.65,8.64,8.8,8.55,1904,1656652.0,2.91,0.7,0.06,0.55
2002-12-05,600765,8.6,8.51,8.68,8.46,764,653556.0,2.55,-1.5,-0.13,0.22
2002-12-06,600765,8.65,8.69,8.75,8.53,1450,1256640.0,2.59,2.12,0.18,0.42
2002-12-09,600765,8.61,8.69,8.75,8.6,1291,1121253.0,1.73,0.0,0.0,0.37
2002-12-10,600765,8.59,8.46,8.72,8.4,2388,2034489.0,3.68,-2.65,-0.23,0.69
2002-12-11,600765,8.5,8.44,8.51,8.37,1098,926601.0,1.65,-0.24,-0.02,0.32
2002-12-12,600765,8.45,8.5,8.65,8.42,825,706645.0,2.73,0.71,0.06,0.24
2002-12-13,600765,8.4,8.73,8.9,8.33,2360,2045451.0,6.71,2.71,0.23,0.68
2002-12-16,600765,8.75,8.97,9.1,8.68,5270,4731146.0,4.81,2.75,0.24,1.53
2002-12-17,600765,8.94,9.02,9.03,8.87,2502,2237129.0,1.78,0.56,0.05,0.73
2002-12-18,600765,9.02,8.9,9.13,8.9,2332,2106174.0,2.55,-1.33,-0.12,0.68
2002-12-19,600765,8.9,8.9,9.0,8.75,1396,1235258.0,2.81,0.0,0.0,0.41
2002-12-20,600765,8.98,9.08,9.16,8.85,2869,2595338.0,3.48,2.02,0.18,0.83
2002-12-23,600765,9.08,9.02,9.16,9.01,1901,1730682.0,1.65,-0.66,-0.06,0.55
2002-12-24,600765,9.0,9.08,9.1,8.9,833,749551.0,2.22,0.67,0.06,0.24
2002-12-25,600765,9.13,8.92,9.16,8.91,2513,2263685.0,2.75,-1.76,-0.16,0.73
2002-12-26,600765,8.91,8.62,8.95,8.6,2102,1835109.0,3.92,-3.36,-0.3,0.61
2002-12-27,600765,8.53,8.59,8.67,8.45,2185,1867424.0,2.55,-0.35,-0.03,0.63
2002-12-30,600765,8.58,8.58,8.59,8.41,1701,1445671.0,2.1,-0.12,-0.01,0.49
2002-12-31,600765,8.58,8.83,8.97,8.45,3369,2935626.0,6.06,2.91,0.25,0.98
2003-01-02,600765,8.47,8.7,8.71,8.47,3162,2722801.0,2.72,-1.47,-0.13,0.92
2003-01-03,600765,8.69,9.02,9.2,8.6,16855,15213087.0,6.9,3.68,0.32,4.89
2003-01-06,600765,9.02,9.25,9.29,9.0,10514,9604413.0,3.22,2.55,0.23,3.05
2003-01-07,600765,9.2,9.09,9.25,8.9,5590,5095520.0,3.78,-1.73,-0.16,1.62
2003-01-08,600765,9.09,9.5,9.6,8.92,13358,12531050.0,7.48,4.51,0.41,3.87
2003-01-09,600765,9.35,9.69,9.75,9.31,17853,17137606.0,4.63,2.0,0.19,5.18
2003-01-10,600765,9.67,9.46,9.67,9.45,9364,8937579.0,2.27,-2.37,-0.23,2.72
2003-01-13,600765,9.41,9.56,9.67,9.36,4668,4432761.0,3.28,1.06,0.1,1.35
2003-01-14,600765,9.56,9.81,10.06,9.51,17880,17398607.0,5.75,2.62,0.25,5.19
2003-01-15,600765,9.81,9.72,9.85,9.65,5796,5649945.0,2.04,-0.92,-0.09,1.68
2003-01-16,600765,9.73,10.17,10.31,9.67,13668,13714354.0,6.58,4.63,0.45,3.96
2003-01-17,600765,10.17,10.23,10.25,9.99,5260,5308310.0,2.56,0.59,0.06,1.53
2003-01-20,600765,10.24,10.48,10.5,10.0,11208,11540886.0,4.89,2.44,0.25,3.25
2003-01-21,600765,10.31,10.43,10.59,10.21,8402,8711926.0,3.63,-0.48,-0.05,2.44
2003-01-22,600765,10.45,10.36,10.45,10.15,4091,4224539.0,2.88,-0.67,-0.07,1.19
2003-01-23,600765,10.46,10.08,10.46,9.98,5560,5637711.0,4.63,-2.7,-0.28,1.61
2003-01-24,600765,10.02,10.41,10.45,9.98,11398,11731786.0,4.66,3.27,0.33,3.31
2003-01-27,600765,10.42,10.63,10.8,10.33,9405,9997573.0,4.51,2.11,0.22,2.73
2003-01-28,600765,10.53,10.67,10.85,10.44,4796,5084080.0,3.86,0.38,0.04,1.39
2003-01-29,600765,10.68,10.49,10.68,10.48,3088,3254125.0,1.87,-1.69,-0.18,0.9
2003-02-10,600765,10.39,10.35,10.45,10.21,2101,2159286.0,2.29,-1.33,-0.14,0.61
2003-02-11,600765,10.26,10.44,10.45,10.25,1495,1544831.0,1.93,0.87,0.09,0.43
2003-02-12,600765,10.44,10.54,10.6,10.26,3307,3471800.0,3.26,0.96,0.1,0.96
2003-02-13,600765,10.61,10.66,10.72,10.43,6418,6804071.0,2.75,1.14,0.12,1.86
2003-02-14,600765,10.68,10.61,10.72,10.5,3408,3613409.0,2.06,-0.47,-0.05,0.99
2003-02-17,600765,10.65,10.5,10.65,10.38,3348,3513138.0,2.54,-1.04,-0.11,0.97
2003-02-18,600765,10.48,10.63,10.65,10.42,4402,4660174.0,2.19,1.24,0.13,1.28
2003-02-19,600765,10.66,10.64,10.66,10.5,1855,1965582.0,1.51,0.09,0.01,0.54
2003-02-20,600765,10.55,10.69,10.88,10.53,7133,7664092.0,3.29,0.47,0.05,2.07
2003-02-21,600765,10.7,10.56,10.7,10.45,3544,3739755.0,2.34,-1.22,-0.13,1.03
2003-02-24,600765,10.56,10.49,10.58,10.24,2263,2347175.0,3.22,-0.66,-0.07,0.66
2003-02-25,600765,10.5,10.71,10.75,10.4,4227,4481640.0,3.34,2.1,0.22,1.23
2003-02-26,600765,10.7,10.63,10.74,10.57,2645,2810795.0,1.59,-0.75,-0.08,0.77
2003-02-27,600765,10.75,10.74,10.84,10.64,4934,5295205.0,1.88,1.03,0.11,1.43
2003-02-28,600765,10.7,10.64,10.7,10.52,1572,1665310.0,1.68,-0.93,-0.1,0.46
2003-03-03,600765,10.6,10.58,10.63,10.46,1956,2059123.0,1.6,-0.56,-0.06,0.57
2003-03-04,600765,10.55,10.43,10.62,10.42,2345,2463604.0,1.89,-1.42,-0.15,0.68
2003-03-05,600765,10.44,10.36,10.53,10.3,1651,1710565.0,2.21,-0.67,-0.07,0.48
2003-03-06,600765,10.36,10.1,10.36,10.09,3358,3415662.0,2.61,-2.51,-0.26,0.97
2003-03-07,600765,10.1,10.07,10.18,10.06,1467,1482542.0,1.19,-0.3,-0.03,0.43
2003-03-10,600765,10.07,9.82,10.15,9.75,2621,2591793.0,3.97,-2.48,-0.25,0.76
2003-03-11,600765,9.78,9.87,9.9,9.75,1157,1135883.0,1.53,0.51,0.05,0.34
2003-03-12,600765,9.68,9.89,9.9,9.62,592,580577.0,2.84,0.2,0.02,0.17
2003-03-13,600765,9.9,9.74,9.9,9.72,1345,1321044.0,1.82,-1.52,-0.15,0.39
2003-03-14,600765,9.76,9.75,9.88,9.68,820,798884.0,2.05,0.1,0.01,0.24
2003-03-17,600765,9.75,9.78,9.83,9.5,1212,1168968.0,3.38,0.31,0.03,0.35
2003-03-18,600765,9.7,9.68,9.84,9.58,871,844283.0,2.66,-1.02,-0.1,0.25
2003-03-19,600765,9.63,9.73,9.74,9.51,1047,1005598.0,2.38,0.52,0.05,0.3
2003-03-20,600765,9.62,9.7,9.77,9.61,695,673114.0,1.64,-0.31,-0.03,0.2
2003-03-21,600765,9.7,9.78,9.8,9.4,839,812311.0,4.12,0.82,0.08,0.24
2003-03-24,600765,9.98,10.13,10.13,9.91,5436,5460198.0,2.25,3.58,0.35,1.58
2003-03-25,600765,10.09,10.03,10.09,9.85,1929,1920040.0,2.37,-0.99,-0.1,0.56
2003-03-26,600765,9.98,9.9,9.98,9.7,940,924835.0,2.79,-1.3,-0.13,0.27
2003-03-27,600765,9.88,10.12,10.14,9.73,1621,1616991.0,4.14,2.22,0.22,0.47
2003-03-28,600765,9.98,9.99,10.12,9.96,1887,1894884.0,1.58,-1.28,-0.13,0.55
2003-03-31,600765,10.01,10.01,10.07,9.84,1445,1440214.0,2.3,0.2,0.02,0.42
2003-04-01,600765,10.0,10.06,10.17,9.9,2558,2566443.0,2.7,0.5,0.05,0.74
2003-04-02,600765,10.05,10.03,10.12,9.92,990,984228.0,1.99,-0.3,-0.03,0.29
2003-04-03,600765,10.0,9.92,10.0,9.9,1002,994466.0,1.0,-1.1,-0.11,0.29
2003-04-04,600765,9.87,9.8,9.9,9.78,1676,1647190.0,1.21,-1.21,-0.12,0.49
2003-04-07,600765,9.78,10.02,10.05,9.73,4763,4741244.0,3.27,2.24,0.22,1.38
2003-04-08,600765,9.9,10.14,10.18,9.9,5908,5971726.0,2.79,1.2,0.12,1.71
2003-04-09,600765,10.11,10.11,10.22,9.9,3570,3588805.0,3.16,-0.3,-0.03,1.04
2003-04-10,600765,10.13,10.18,10.19,9.7,6674,6684611.0,4.85,0.69,0.07,1.94
2003-04-11,600765,10.14,10.11,10.19,10.0,3203,3226543.0,1.87,-0.69,-0.07,0.93
2003-04-14,600765,10.25,10.25,10.6,10.15,7350,7581994.0,4.45,1.38,0.14,2.13
2003-04-15,600765,10.35,10.22,10.35,10.03,7051,7129199.0,3.12,-0.29,-0.03,2.05
2003-04-16,600765,10.18,10.35,10.68,10.18,11363,11866960.0,4.89,1.27,0.13,3.3
2003-04-18,600765,10.34,10.31,10.49,10.09,4229,4334953.0,3.86,-0.39,-0.04,1.23
2003-04-21,600765,10.28,10.19,10.28,9.9,3181,3190694.0,3.69,-1.16,-0.12,0.92
2003-04-22,600765,10.18,10.05,10.28,10.0,2174,2201556.0,2.75,-1.37,-0.14,0.63
2003-04-23,600765,9.98,9.72,10.1,9.72,1991,1950056.0,3.78,-3.28,-0.33,0.58
2003-04-24,600765,9.75,9.7,9.8,9.52,2068,1996904.0,2.88,-0.21,-0.02,0.6
2003-04-25,600765,9.62,9.46,9.75,9.45,863,826370.0,3.09,-2.47,-0.24,0.25
2003-04-28,600765,9.35,9.36,9.4,9.0,2514,2300660.0,4.23,-1.06,-0.1,0.73
2003-04-29,600765,9.38,9.0,9.41,9.0,1950,1767367.0,4.38,-3.85,-0.36,0.57
2003-04-30,600765,8.98,9.04,9.19,8.52,3890,3455310.0,7.44,0.44,0.04,1.13
2003-05-12,600765,9.0,8.72,9.0,8.7,1049,923272.0,3.32,-3.54,-0.32,0.3
2003-05-13,600765,8.51,8.2,8.6,8.01,2739,2263747.0,6.77,-5.96,-0.52,0.79
2003-05-14,600765,8.18,8.35,8.39,8.15,1575,1308131.0,2.93,1.83,0.15,0.46
2003-05-15,600765,8.35,8.63,8.63,8.2,2137,1799269.0,5.15,3.35,0.28,0.62
2003-05-16,600765,8.64,8.53,8.64,8.5,1357,1159477.0,1.62,-1.16,-0.1,0.39
2003-05-19,600765,8.56,8.72,8.74,8.55,1228,1067451.0,2.23,2.23,0.19,0.36
2003-05-20,600765,8.65,8.58,8.7,8.54,754,646624.0,1.83,-1.61,-0.14,0.22
2003-05-21,600765,8.58,8.55,8.59,8.48,1062,905087.0,1.28,-0.35,-0.03,0.31
2003-05-22,600765,8.67,8.66,8.67,8.5,861,740062.0,1.99,1.29,0.11,0.25
2003-05-23,600765,8.6,8.78,8.79,8.6,1994,1731546.0,2.19,1.39,0.12,0.58
2003-05-26,600765,8.79,8.7,8.79,8.6,1627,1415094.0,2.16,-0.91,-0.08,0.47
2003-05-27,600765,8.68,8.81,8.86,8.65,1871,1633492.0,2.41,1.26,0.11,0.54
2003-05-28,600765,8.8,8.8,8.86,8.75,1745,1534154.0,1.25,-0.11,-0.01,0.51
2003-05-29,600765,8.65,8.79,8.83,8.58,2280,1974994.0,2.84,-0.11,-0.01,0.66
2003-05-30,600765,9.09,8.9,9.09,8.79,2109,1873891.0,3.41,1.25,0.11,0.61
2003-06-02,600765,8.9,8.86,8.9,8.73,1139,999829.0,1.91,-0.45,-0.04,0.33
2003-06-03,600765,8.83,8.68,8.88,8.63,1448,1267585.0,2.82,-2.03,-0.18,0.42
2003-06-04,600765,8.65,8.58,8.68,8.5,1511,1297128.0,2.07,-1.15,-0.1,0.44
2003-06-05,600765,8.65,9.07,9.41,8.6,12413,11274271.0,9.44,5.71,0.49,3.6
2003-06-06,600765,9.0,8.96,9.2,8.79,3944,3541276.0,4.52,-1.21,-0.11,1.14
2003-06-09,600765,8.86,8.75,9.02,8.7,2126,1879610.0,3.57,-2.34,-0.21,0.62
2003-06-10,600765,8.64,8.78,8.8,8.64,1238,1079372.0,1.83,0.34,0.03,0.36
2003-06-11,600765,8.83,8.97,9.04,8.76,1562,1388946.0,3.19,2.16,0.19,0.45
2003-06-12,600765,8.9,8.87,8.96,8.81,1299,1155341.0,1.67,-1.11,-0.1,0.38
2003-06-13,600765,8.87,8.96,8.98,8.83,1299,1155780.0,1.69,1.01,0.09,0.38
2003-06-16,600765,9.08,8.94,9.08,8.86,644,575920.0,2.46,-0.22,-0.02,0.19
2003-06-17,600765,8.94,8.89,8.94,8.81,1299,1151549.0,1.45,-0.56,-0.05,0.38
2003-06-18,600765,8.83,8.88,8.98,8.83,599,532697.0,1.69,-0.11,-0.01,0.17
2003-06-19,600765,8.9,8.7,8.91,8.62,1177,1027792.0,3.27,-2.03,-0.18,0.34
2003-06-20,600765,8.69,8.67,8.8,8.58,1039,898423.0,2.53,-0.34,-0.03,0.3
2003-06-23,600765,8.54,8.56,8.69,8.54,926,796008.0,1.73,-1.27,-0.11,0.27
2003-06-24,600765,8.6,8.6,8.61,8.52,630,539976.0,1.05,0.47,0.04,0.18
2003-06-25,600765,8.65,8.58,8.68,8.54,885,759732.0,1.63,-0.23,-0.02,0.26
2003-06-26,600765,8.53,8.59,8.6,8.43,589,502839.0,1.98,0.12,0.01,0.17
2003-06-27,600765,8.59,8.39,8.59,8.38,690,582613.0,2.44,-2.33,-0.2,0.2
2003-06-30,600765,8.35,8.21,8.35,8.2,781,645273.0,1.79,-2.15,-0.18,0.23
2003-07-01,600765,8.21,8.21,8.36,8.2,247,203942.0,1.95,0.0,0.0,0.07
2003-07-02,600765,8.23,8.31,8.37,8.23,632,523218.0,1.71,1.22,0.1,0.18
2003-07-03,600765,8.31,8.31,8.35,8.25,499,414400.0,1.2,0.0,0.0,0.14
2003-07-04,600765,8.3,8.33,8.35,8.25,573,476104.0,1.2,0.24,0.02,0.17
2003-07-07,600765,8.35,8.23,8.35,8.2,660,543175.0,1.8,-1.2,-0.1,0.19
2003-07-08,600765,8.2,8.42,8.42,8.16,823,683984.0,3.16,2.31,0.19,0.24
2003-07-09,600765,8.45,8.35,8.45,8.3,338,281178.0,1.78,-0.83,-0.07,0.1
2003-07-10,600765,8.31,8.54,8.58,8.26,1047,884484.0,3.83,2.28,0.19,0.3
2003-07-11,600765,8.36,8.53,8.54,8.36,525,444529.0,2.11,-0.12,-0.01,0.15
2003-07-14,600765,8.47,8.44,8.5,8.35,394,331102.0,1.76,-1.06,-0.09,0.11
2003-07-15,600765,8.44,8.35,8.44,8.3,424,353576.0,1.66,-1.07,-0.09,0.12
2003-07-16,600765,8.32,8.33,8.33,8.26,399,330903.0,0.84,-0.24,-0.02,0.12
2003-07-17,600765,8.3,8.32,8.35,8.26,998,829073.0,1.08,-0.12,-0.01,0.29
2003-07-18,600765,8.32,8.18,8.32,8.12,764,627660.0,2.4,-1.68,-0.14,0.22
2003-07-21,600765,8.0,7.91,8.1,7.88,1518,1203230.0,2.69,-3.3,-0.27,0.44
2003-07-22,600765,7.91,7.97,8.07,7.91,752,597738.0,2.02,0.76,0.06,0.22
2003-07-23,600765,7.94,7.99,8.03,7.87,611,485995.0,2.01,0.25,0.02,0.18
2003-07-24,600765,8.0,8.05,8.08,7.9,790,633893.0,2.25,0.75,0.06,0.23
2003-07-25,600765,7.94,8.2,8.24,7.94,2155,1755678.0,3.73,1.86,0.15,0.63
2003-07-28,600765,8.24,8.22,8.31,8.2,2729,2254930.0,1.34,0.24,0.02,0.79
2003-07-29,600765,8.25,8.11,8.26,8.1,1183,963341.0,1.95,-1.34,-0.11,0.34
2003-07-30,600765,8.19,8.01,8.19,7.96,594,478829.0,2.84,-1.23,-0.1,0.17
2003-07-31,600765,8.05,7.95,8.05,7.93,741,589669.0,1.5,-0.75,-0.06,0.21
2003-08-01,600765,7.92,7.86,7.98,7.8,660,519513.0,2.26,-1.13,-0.09,0.19
2003-08-04,600765,7.81,7.96,8.02,7.75,783,618160.0,3.44,1.27,0.1,0.23
2003-08-05,600765,7.96,8.03,8.05,7.91,757,602539.0,1.76,0.88,0.07,0.22
2003-08-06,600765,8.03,7.95,8.05,7.93,374,298520.0,1.49,-1.0,-0.08,0.11
2003-08-07,600765,8.0,7.9,8.0,7.9,766,607184.0,1.26,-0.63,-0.05,0.22
2003-08-08,600765,7.96,7.86,7.96,7.86,514,406118.0,1.27,-0.51,-0.04,0.15
2003-08-11,600765,7.9,7.88,7.9,7.83,423,332796.0,0.89,0.25,0.02,0.12
2003-08-12,600765,7.89,8.0,8.01,7.89,583,465030.0,1.52,1.52,0.12,0.17
2003-08-13,600765,8.0,7.9,8.0,7.87,296,234360.0,1.63,-1.25,-0.1,0.09
2003-08-14,600765,7.9,7.85,7.94,7.85,528,416539.0,1.14,-0.63,-0.05,0.15
2003-08-15,600765,7.87,7.96,7.97,7.84,691,544079.0,1.66,1.4,0.11,0.2
2003-08-18,600765,7.97,8.05,8.07,7.92,1024,820193.0,1.88,1.13,0.09,0.3
2003-08-19,600765,8.11,8.14,8.34,8.08,3474,2856949.0,3.23,1.12,0.09,1.01
2003-08-20,600765,8.25,8.04,8.28,7.95,776,623862.0,4.05,-1.23,-0.1,0.23
2003-08-21,600765,8.01,8.02,8.07,7.95,537,429634.0,1.49,-0.25,-0.02,0.16
2003-08-22,600765,8.0,7.96,8.02,7.96,396,316351.0,0.75,-0.75,-0.06,0.11
2003-08-25,600765,7.93,7.82,7.95,7.8,546,429560.0,1.88,-1.76,-0.14,0.16
2003-08-26,600765,7.82,7.88,7.92,7.8,450,352922.0,1.53,0.77,0.06,0.13
2003-08-27,600765,7.92,8.05,8.05,7.87,693,552441.0,2.28,2.16,0.17,0.2
2003-08-28,600765,8.13,8.2,8.45,8.13,9114,7542769.0,3.98,1.86,0.15,2.64
2003-08-29,600765,8.07,8.03,8.19,7.91,3719,2973440.0,3.41,-2.07,-0.17,1.08
2003-09-01,600765,8.03,8.17,8.18,7.92,1798,1447942.0,3.24,1.74,0.14,0.52
2003-09-02,600765,8.17,8.17,8.2,8.08,1257,1021505.0,1.47,0.0,0.0,0.36
2003-09-03,600765,8.1,8.23,8.25,8.1,1158,949003.0,1.84,0.73,0.06,0.34
2003-09-04,600765,8.24,8.16,8.25,8.15,1078,883708.0,1.22,-0.85,-0.07,0.31
2003-09-05,600765,8.16,8.13,8.16,8.02,796,641627.0,1.72,-0.37,-0.03,0.23
2003-09-08,600765,8.16,8.19,8.2,8.05,1272,1031964.0,1.85,0.74,0.06,0.37
2003-09-09,600765,8.18,8.32,8.33,8.15,2284,1884592.0,2.2,1.59,0.13,0.66
2003-09-10,600765,8.3,8.25,8.35,8.2,643,529752.0,1.8,-0.84,-0.07,0.19
2003-09-11,600765,8.25,8.18,8.25,8.15,555,455958.0,1.21,-0.85,-0.07,0.16
2003-09-12,600765,8.15,8.05,8.15,8.0,960,773004.0,1.83,-1.59,-0.13,0.28
2003-09-15,600765,8.0,8.17,8.18,7.81,1867,1493235.0,4.6,1.49,0.12,0.54
2003-09-16,600765,8.13,8.05,8.13,7.98,790,635440.0,1.84,-1.47,-0.12,0.23
2003-09-17,600765,8.02,7.9,8.09,7.86,719,571783.0,2.86,-1.86,-0.15,0.21
2003-09-18,600765,7.9,7.89,7.95,7.83,392,309014.0,1.52,-0.13,-0.01,0.11
2003-09-19,600765,7.89,8.04,8.05,7.81,1195,946986.0,3.04,1.9,0.15,0.35
2003-09-22,600765,7.93,7.99,8.0,7.91,275,218396.0,1.12,-0.62,-0.05,0.08
2003-09-23,600765,7.9,7.99,8.0,7.9,142,113174.0,1.25,0.0,0.0,0.04
2003-09-24,600765,7.96,8.16,8.17,7.96,4694,3805515.0,2.63,2.13,0.17,1.36
2003-09-25,600765,8.13,8.12,8.15,8.0,1535,1239373.0,1.84,-0.49,-0.04,0.45
2003-09-26,600765,8.1,8.03,8.12,7.9,1217,971547.0,2.71,-1.11,-0.09,0.35
2003-09-29,600765,7.95,7.84,7.97,7.84,662,521274.0,1.62,-2.37,-0.19,0.19
2003-09-30,600765,7.81,7.9,7.91,7.8,641,502239.0,1.4,0.77,0.06,0.19
2003-10-08,600765,7.83,7.93,7.94,7.8,937,737103.0,1.77,0.38,0.03,0.27
2003-10-09,600765,7.9,8.09,8.09,7.9,2168,1739325.0,2.4,2.02,0.16,0.63
2003-10-10,600765,8.1,8.2,8.24,8.06,3457,2821911.0,2.22,1.36,0.11,1.0
2003-10-13,600765,8.2,8.13,8.24,8.1,945,771870.0,1.71,-0.85,-0.07,0.27
2003-10-14,600765,8.13,8.12,8.16,8.06,466,377489.0,1.23,-0.12,-0.01,0.14
2003-10-15,600765,8.02,8.06,8.16,8.0,1418,1144188.0,1.97,-0.74,-0.06,0.41
2003-10-16,600765,8.05,8.03,8.1,7.92,752,601480.0,2.23,-0.37,-0.03,0.22
2003-10-17,600765,8.03,8.0,8.05,7.95,367,293184.0,1.25,-0.37,-0.03,0.11
2003-10-20,600765,7.92,7.82,7.92,7.8,465,364588.0,1.5,-2.25,-0.18,0.13
2003-10-21,600765,7.83,8.05,8.07,7.83,1649,1308993.0,3.07,2.94,0.23,0.48
2003-10-22,600765,8.05,8.17,8.38,8.05,2452,2009715.0,4.1,1.49,0.12,0.71
2003-10-23,600765,8.11,8.05,8.2,8.03,616,499887.0,2.08,-1.47,-0.12,0.18
2003-10-24,600765,8.05,8.03,8.1,7.92,412,330974.0,2.24,-0.25,-0.02,0.12
2003-10-27,600765,8.12,7.83,8.13,7.83,863,680004.0,3.74,-2.49,-0.2,0.25
2003-10-28,600765,7.83,7.94,7.95,7.79,1978,1552700.0,2.04,1.4,0.11,0.57
2003-10-29,600765,7.81,7.93,8.0,7.75,3911,3066878.0,3.15,-0.13,-0.01,1.13
2003-10-30,600765,7.93,7.9,7.94,7.76,1833,1441025.0,2.27,-0.38,-0.03,0.53
2003-10-31,600765,7.83,7.86,8.2,7.78,2169,1731292.0,5.32,-0.51,-0.04,0.63
2003-11-03,600765,7.82,7.85,7.91,7.8,770,604277.0,1.4,-0.13,-0.01,0.22
2003-11-04,600765,7.85,7.88,7.99,7.82,958,758234.0,2.17,0.38,0.03,0.28
2003-11-05,600765,7.92,7.86,8.0,7.8,779,613383.0,2.54,-0.25,-0.02,0.23
2003-11-06,600765,7.8,7.09,7.91,7.07,7291,5394794.0,10.69,-9.8,-0.77,2.12
2003-11-07,600765,6.88,6.56,6.93,6.38,3291,2154321.0,7.76,-7.48,-0.53,0.95
2003-11-10,600765,6.4,6.46,6.55,6.36,911,586678.0,2.9,-1.52,-0.1,0.26
2003-11-11,600765,6.46,6.41,6.55,6.37,780,500579.0,2.79,-0.77,-0.05,0.23
2003-11-12,600765,6.41,6.26,6.54,6.25,782,494286.0,4.52,-2.34,-0.15,0.23
2003-11-13,600765,6.23,6.23,6.3,6.1,762,472717.0,3.19,-0.48,-0.03,0.22
2003-11-14,600765,6.25,6.35,6.4,6.25,677,429556.0,2.41,1.93,0.12,0.2
2003-11-17,600765,6.36,6.29,6.38,6.28,287,181547.0,1.57,-0.94,-0.06,0.08
2003-11-18,600765,6.28,6.2,6.28,6.18,232,144557.0,1.59,-1.43,-0.09,0.07
2003-11-19,600765,6.15,6.29,6.35,6.12,950,596636.0,3.71,1.45,0.09,0.28
2003-11-20,600765,6.3,6.59,6.61,6.29,1939,1258683.0,5.09,4.77,0.3,0.56
2003-11-21,600765,6.65,6.46,6.73,6.42,1636,1072791.0,4.7,-1.97,-0.13,0.47
2003-11-24,600765,6.42,6.73,6.73,6.42,2501,1656045.0,4.8,4.18,0.27,0.73
2003-11-25,600765,6.77,6.8,6.95,6.65,2823,1929638.0,4.46,1.04,0.07,0.82
2003-11-26,600765,6.85,6.94,6.96,6.73,1823,1253017.0,3.38,2.06,0.14,0.53
2003-11-27,600765,6.88,6.67,6.9,6.52,1297,874134.0,5.48,-3.89,-0.27,0.38
2003-11-28,600765,6.7,6.66,6.74,6.61,474,315764.0,1.95,-0.15,-0.01,0.14
2003-12-01,600765,6.66,6.81,6.84,6.66,1267,859060.0,2.7,2.25,0.15,0.37
2003-12-02,600765,6.81,6.84,6.9,6.75,1371,935298.0,2.2,0.44,0.03,0.4
2003-12-03,600765,6.77,6.83,6.95,6.7,1901,1300252.0,3.65,-0.15,-0.01,0.55
2003-12-04,600765,6.8,6.77,6.8,6.7,1005,678899.0,1.46,-0.88,-0.06,0.29
2003-12-05,600765,6.77,6.87,6.89,6.77,1154,790745.0,1.77,1.48,0.1,0.33
2003-12-08,600765,6.9,6.71,6.9,6.7,909,613203.0,2.91,-2.33,-0.16,0.26
2003-12-09,600765,6.7,6.8,6.82,6.61,1089,731806.0,3.13,1.34,0.09,0.32
2003-12-10,600765,6.8,6.92,6.92,6.68,4551,3095421.0,3.53,1.76,0.12,1.32
2003-12-11,600765,6.95,7.06,7.09,6.87,6677,4682328.0,3.18,2.02,0.14,1.94
2003-12-12,600765,6.97,6.96,7.08,6.93,1182,828018.0,2.12,-1.42,-0.1,0.34
2003-12-15,600765,6.96,7.13,7.23,6.91,9146,6496949.0,4.6,2.44,0.17,2.65
2003-12-16,600765,7.13,7.1,7.19,6.96,3241,2291108.0,3.23,-0.42,-0.03,0.94
2003-12-17,600765,7.13,6.97,7.23,6.95,3007,2144748.0,3.94,-1.83,-0.13,0.87
2003-12-18,600765,6.9,6.71,6.97,6.63,1230,835157.0,4.88,-3.73,-0.26,0.36
2003-12-19,600765,6.75,6.46,6.89,6.25,3724,2399203.0,9.54,-3.73,-0.25,1.08
2003-12-22,600765,6.45,6.53,6.54,6.15,3981,2498342.0,6.04,1.08,0.07,1.15
2003-12-23,600765,6.5,6.45,6.5,6.35,3280,2095448.0,2.3,-1.23,-0.08,0.95
2003-12-24,600765,6.47,6.37,6.47,6.34,1635,1041802.0,2.02,-1.24,-0.08,0.47
2003-12-25,600765,6.37,6.27,6.37,6.23,1932,1213333.0,2.2,-1.57,-0.1,0.56
2003-12-26,600765,6.3,6.38,6.43,6.3,2783,1769745.0,2.07,1.75,0.11,0.81
2003-12-29,600765,6.31,6.24,6.47,6.18,1650,1033537.0,4.55,-2.19,-0.14,0.48
2003-12-30,600765,6.28,6.21,6.28,6.19,1054,655631.0,1.44,-0.48,-0.03,0.31
2003-12-31,600765,6.21,6.35,6.35,6.2,1171,733273.0,2.42,2.25,0.14,0.34
2004-01-02,600765,6.38,6.36,6.39,6.3,831,526828.0,1.42,0.16,0.01,0.24
2004-01-05,600765,6.26,6.28,6.38,6.13,3095,1923569.0,3.93,-1.26,-0.08,0.9
2004-01-06,600765,6.26,6.38,6.43,6.15,6629,4147383.0,4.46,1.59,0.1,1.92
2004-01-07,600765,6.37,6.44,6.48,6.3,5956,3830344.0,2.82,0.94,0.06,1.73
2004-01-08,600765,6.43,6.52,6.55,6.35,4908,3180243.0,3.11,1.24,0.08,1.42
2004-01-09,600765,6.54,6.42,6.63,6.41,3756,2454473.0,3.37,-1.53,-0.1,1.09
2004-01-12,600765,6.42,6.38,6.45,6.24,3132,1989466.0,3.27,-0.62,-0.04,0.91
2004-01-13,600765,6.38,6.47,6.49,6.35,3375,2166291.0,2.19,1.41,0.09,0.98
2004-01-14,600765,6.56,6.49,6.59,6.42,4228,2739031.0,2.63,0.31,0.02,1.23
2004-01-15,600765,6.55,6.57,6.66,6.47,8567,5611941.0,2.93,1.23,0.08,2.49
2004-01-16,600765,6.6,6.68,6.69,6.51,5511,3640701.0,2.74,1.67,0.11,1.6
2004-01-29,600765,6.67,6.88,6.88,6.65,9821,6658257.0,3.44,2.99,0.2,2.85
2004-01-30,600765,6.87,6.77,6.97,6.76,6561,4496899.0,3.05,-1.6,-0.11,1.9
2004-02-02,600765,6.8,6.91,6.95,6.75,6909,4740354.0,2.95,2.07,0.14,2.0
2004-02-03,600765,6.98,7.09,7.09,6.86,8501,5918674.0,3.33,2.6,0.18,2.47
2004-02-04,600765,7.05,7.2,7.21,7.0,11016,7861111.0,2.96,1.55,0.11,3.2
2004-02-05,600765,7.25,7.31,7.32,7.18,7286,5284665.0,1.94,1.53,0.11,2.11
2004-02-06,600765,7.31,7.17,7.34,7.1,9074,6564785.0,3.28,-1.92,-0.14,2.63
2004-02-09,600765,7.15,7.29,7.31,7.11,5817,4209682.0,2.79,1.67,0.12,1.69
2004-02-10,600765,7.35,7.35,7.46,7.29,7689,5677364.0,2.33,0.82,0.06,2.23
2004-02-11,600765,7.35,7.34,7.38,7.18,4852,3533280.0,2.72,-0.14,-0.01,1.41
2004-02-12,600765,7.32,7.48,7.5,7.32,7487,5558920.0,2.45,1.91,0.14,2.17
2004-02-13,600765,7.48,7.47,7.54,7.35,7942,5909387.0,2.54,-0.13,-0.01,2.3
2004-02-16,600765,7.45,7.63,7.7,7.2,12231,9198863.0,6.69,2.14,0.16,3.55
2004-02-17,600765,7.62,7.74,7.75,7.55,8676,6628597.0,2.62,1.44,0.11,2.52
2004-02-18,600765,7.74,7.7,7.78,7.63,5731,4410560.0,1.94,-0.52,-0.04,1.66
2004-02-19,600765,7.71,7.67,7.75,7.53,6785,5173884.0,2.86,-0.39,-0.03,1.97
2004-02-20,600765,7.6,7.75,7.75,7.5,6165,4703614.0,3.26,1.04,0.08,1.79
2004-02-23,600765,7.76,7.56,7.82,7.56,8628,6639936.0,3.35,-2.45,-0.19,2.5
2004-02-24,600765,7.5,7.48,7.55,7.21,6841,5050264.0,4.5,-1.06,-0.08,1.98
2004-02-25,600765,7.46,7.22,7.54,7.2,4297,3171615.0,4.55,-3.48,-0.26,1.25
2004-02-26,600765,7.24,7.13,7.24,7.0,5236,3715268.0,3.32,-1.25,-0.09,1.52
2004-02-27,600765,7.15,7.45,7.46,7.07,5932,4320820.0,5.47,4.49,0.32,1.72
2004-03-01,600765,7.39,7.43,7.44,7.27,3106,2278949.0,2.28,-0.27,-0.02,0.9
2004-03-02,600765,7.43,7.41,7.47,7.31,3098,2284312.0,2.15,-0.27,-0.02,0.9
2004-03-03,600765,7.4,7.24,7.41,7.2,2729,1991421.0,2.83,-2.29,-0.17,0.79
2004-03-04,600765,7.24,7.3,7.34,7.15,2403,1735978.0,2.62,0.83,0.06,0.7
2004-03-05,600765,7.27,7.3,7.42,7.2,2567,1878975.0,3.01,0.0,0.0,0.74
2004-03-08,600765,7.29,7.1,7.34,7.02,1941,1388787.0,4.38,-2.74,-0.2,0.56
2004-03-09,600765,7.1,6.94,7.15,6.9,2795,1965905.0,3.52,-2.25,-0.16,0.81
2004-03-10,600765,6.9,7.11,7.11,6.9,3612,2523289.0,3.03,2.45,0.17,1.05
2004-03-11,600765,7.06,7.15,7.2,7.02,3428,2439717.0,2.53,0.56,0.04,0.99
2004-03-12,600765,7.2,7.12,7.2,7.07,1802,1284312.0,1.82,-0.42,-0.03,0.52
2004-03-15,600765,7.13,7.22,7.25,7.08,3153,2260725.0,2.39,1.4,0.1,0.91
2004-03-16,600765,7.2,7.24,7.27,7.18,2432,1756067.0,1.25,0.28,0.02,0.71
2004-03-17,600765,7.25,7.25,7.28,7.19,2683,1939048.0,1.24,0.14,0.01,0.78
2004-03-18,600765,7.21,7.28,7.4,7.12,7694,5610369.0,3.86,0.41,0.03,2.23
2004-03-19,600765,7.21,7.37,7.39,7.18,4531,3308041.0,2.88,1.24,0.09,1.31
2004-03-22,600765,7.44,7.44,7.46,7.35,4551,3370135.0,1.49,0.95,0.07,1.32
2004-03-23,600765,7.28,7.35,7.4,7.22,4595,3356995.0,2.42,-1.21,-0.09,1.33
2004-03-24,600765,7.35,7.49,7.56,7.33,9295,6931863.0,3.13,1.9,0.14,2.7
2004-03-25,600765,7.48,7.35,7.54,7.25,5376,3940931.0,3.87,-1.87,-0.14,1.56
2004-03-26,600765,7.3,7.23,7.37,7.2,7399,5354608.0,2.31,-1.63,-0.12,2.15
2004-03-29,600765,7.22,7.22,7.31,7.16,4040,2924575.0,2.07,-0.14,-0.01,1.17
2004-03-30,600765,7.22,7.37,7.37,7.2,4195,3061220.0,2.35,2.08,0.15,1.22
2004-03-31,600765,7.37,7.43,7.5,7.32,7205,5360068.0,2.44,0.81,0.06,2.09
2004-04-01,600765,7.43,7.52,7.6,7.4,8163,6151911.0,2.69,1.21,0.09,2.37
2004-04-02,600765,7.55,7.58,7.6,7.48,7039,5304486.0,1.6,0.8,0.06,2.04
2004-04-05,600765,7.7,7.79,7.94,7.68,22615,17674674.0,3.43,2.77,0.21,6.56
2004-04-06,600765,7.83,7.87,7.89,7.69,7620,5948991.0,2.57,1.03,0.08,2.21
2004-04-07,600765,7.86,7.83,7.88,7.75,6046,4721963.0,1.65,-0.51,-0.04,1.75
2004-04-08,600765,7.75,7.97,8.14,7.75,13196,10488216.0,4.98,1.79,0.14,3.83
2004-04-09,600765,7.99,7.64,8.0,7.58,10308,7974689.0,5.27,-4.14,-0.33,2.99
2004-04-12,600765,7.6,7.57,7.64,7.43,4737,3567818.0,2.75,-0.92,-0.07,1.37
2004-04-13,600765,7.6,7.55,7.73,7.5,5837,4437861.0,3.04,-0.26,-0.02,1.69
2004-04-14,600765,7.64,7.41,7.64,7.35,3846,2861978.0,3.84,-1.85,-0.14,1.12
2004-04-15,600765,7.41,7.31,7.5,7.16,3917,2874810.0,4.59,-1.35,-0.1,1.14
2004-04-16,600765,7.23,7.31,7.36,7.12,3730,2703150.0,3.28,0.0,0.0,1.08
2004-04-19,600765,7.33,7.31,7.46,7.22,2864,2102681.0,3.28,0.0,0.0,0.83
2004-04-20,600765,7.27,7.42,7.48,7.19,2829,2082041.0,3.97,1.5,0.11,0.82
2004-04-21,600765,7.42,7.37,7.59,7.3,4241,3159297.0,3.91,-0.67,-0.05,1.23
2004-04-22,600765,7.45,7.4,7.45,7.3,1589,1171116.0,2.04,0.41,0.03,0.46
2004-04-23,600765,7.5,7.26,7.54,7.2,1955,1431924.0,4.59,-1.89,-0.14,0.57
2004-04-26,600765,7.26,7.07,7.3,7.02,2588,1847971.0,3.86,-2.62,-0.19,0.75
2004-04-27,600765,7.1,6.99,7.13,6.96,2758,1935012.0,2.4,-1.13,-0.08,0.8
2004-04-28,600765,6.99,7.09,7.09,6.89,2331,1625870.0,2.86,1.43,0.1,0.68
2004-04-29,600765,7.08,7.01,7.27,7.0,1514,1071493.0,3.81,-1.13,-0.08,0.44
2004-04-30,600765,7.0,7.01,7.13,6.94,1138,796680.0,2.71,0.0,0.0,0.33
2004-05-10,600765,7.05,6.78,7.07,6.78,1167,799814.0,4.14,-3.28,-0.23,0.34
2004-05-11,600765,6.81,6.78,6.86,6.75,1061,721020.0,1.62,0.0,0.0,0.31
2004-05-12,600765,6.79,6.96,6.97,6.78,1164,801875.0,2.8,2.65,0.18,0.34
2004-05-13,600765,6.92,6.85,6.92,6.81,1525,1045928.0,1.58,-1.58,-0.11,0.44
2004-05-14,600765,6.84,6.73,6.85,6.7,1150,779581.0,2.19,-1.75,-0.12,0.33
2004-05-17,600765,6.73,6.73,6.79,6.67,950,638288.0,1.78,0.0,0.0,0.28
2004-05-19,600765,6.85,7.07,7.3,6.83,11840,8463355.0,6.98,5.05,0.34,3.43
2004-05-20,600765,7.0,6.97,7.1,6.9,3653,2561562.0,2.83,-1.41,-0.1,1.06
2004-05-21,600765,7.0,7.07,7.08,6.91,1706,1192612.0,2.44,1.43,0.1,0.49
2004-05-24,600765,7.1,7.0,7.12,6.96,1527,1072846.0,2.26,-0.99,-0.07,0.44
2004-05-25,600765,6.97,6.78,7.02,6.76,2794,1918700.0,3.71,-3.14,-0.22,0.81
2004-05-26,600765,6.76,6.83,6.93,6.71,1806,1231037.0,3.24,0.74,0.05,0.52
2004-05-27,600765,6.75,7.0,7.05,6.7,2187,1515899.0,5.12,2.49,0.17,0.63
2004-05-28,600765,7.01,7.0,7.08,6.94,1402,982570.0,2.0,0.0,0.0,0.41
2004-05-31,600765,7.0,6.95,7.05,6.9,1238,862045.0,2.14,-0.71,-0.05,0.36
2004-06-01,600765,6.97,7.15,7.16,6.97,2345,1656239.0,2.73,2.88,0.2,0.68
2004-06-02,600765,7.13,7.18,7.23,7.08,3102,2223576.0,2.1,0.42,0.03,0.9
2004-06-03,600765,7.18,7.01,7.18,6.99,2457,1728621.0,2.65,-2.37,-0.17,0.71
2004-06-04,600765,6.98,7.09,7.1,6.98,1189,836509.0,1.71,1.14,0.08,0.34
2004-06-07,600765,7.04,6.89,7.04,6.85,967,669097.0,2.68,-2.82,-0.2,0.28
2004-06-08,600765,6.89,6.79,6.93,6.78,1457,993275.0,2.18,-1.45,-0.1,0.42
2004-06-09,600765,6.85,6.65,6.87,6.6,1389,935705.0,3.98,-2.06,-0.14,0.4
2004-06-10,600765,6.6,6.53,6.69,6.51,1549,1021991.0,2.71,-1.8,-0.12,0.45
2004-06-11,600765,6.5,6.56,6.75,6.5,1149,760712.0,3.83,0.46,0.03,0.33
2004-06-14,600765,6.47,6.32,6.5,6.28,1852,1178225.0,3.35,-3.66,-0.24,0.54
2004-06-15,600765,6.33,6.45,6.5,6.27,1207,768305.0,3.64,2.06,0.13,0.35
2004-06-16,600765,6.4,6.49,6.56,6.4,1055,684849.0,2.48,0.62,0.04,0.31
2004-06-17,600765,6.45,6.31,6.5,6.31,899,574203.0,2.93,-2.77,-0.18,0.26
2004-06-18,600765,6.31,6.22,6.35,6.18,1015,634622.0,2.69,-1.43,-0.09,0.29
2004-06-21,600765,6.32,6.41,6.42,6.23,627,396997.0,3.05,3.05,0.19,0.18
2004-06-22,600765,6.42,6.48,6.62,6.38,1797,1173504.0,3.74,1.09,0.07,0.52
2004-06-23,600765,6.46,6.42,6.5,6.39,404,260051.0,1.7,-0.93,-0.06,0.12
2004-06-24,600765,6.42,6.54,6.6,6.42,513,334298.0,2.8,1.87,0.12,0.15
2004-06-25,600765,6.51,6.29,6.51,6.2,866,553462.0,4.74,-3.82,-0.25,0.25
2004-06-28,600765,6.21,6.18,6.27,6.14,877,542766.0,2.07,-1.75,-0.11,0.25
2004-06-29,600765,6.28,6.28,6.3,6.14,785,488802.0,2.59,1.62,0.1,0.23
2004-06-30,600765,6.28,6.16,6.3,6.16,391,243692.0,2.23,-1.91,-0.12,0.11
2004-07-01,600765,6.2,6.38,6.39,6.2,892,563582.0,3.08,3.57,0.22,0.26
2004-07-02,600765,6.35,6.39,6.39,6.28,732,464513.0,1.72,0.16,0.01,0.21
2004-07-05,600765,6.39,6.33,6.39,6.25,362,227356.0,2.19,-0.94,-0.06,0.11
2004-07-06,600765,6.33,6.39,6.43,6.27,1079,687054.0,2.53,0.95,0.06,0.31
2004-07-07,600765,6.35,6.2,6.35,6.18,852,533002.0,2.66,-2.97,-0.19,0.25
2004-07-08,600765,6.23,6.22,6.23,6.12,1052,650733.0,1.77,0.32,0.02,0.31
2004-07-09,600765,6.26,6.19,6.26,6.15,802,495711.0,1.77,-0.48,-0.03,0.23
2004-07-12,600765,6.17,5.96,6.17,5.93,1398,842438.0,3.88,-3.72,-0.23,0.41
2004-07-13,600765,6.0,5.92,6.0,5.9,544,323058.0,1.68,-0.67,-0.04,0.16
2004-07-14,600765,5.96,5.8,6.04,5.6,1577,911292.0,7.43,-2.03,-0.12,0.46
2004-07-15,600765,5.82,5.81,5.9,5.71,845,493093.0,3.28,0.17,0.01,0.25
2004-07-16,600765,5.9,5.99,6.02,5.85,1220,727189.0,2.93,3.1,0.18,0.35
2004-07-19,600765,5.59,6.1,6.3,5.59,1160,707182.0,11.85,1.84,0.11,0.34
2004-07-20,600765,6.09,6.0,6.13,5.92,958,575310.0,3.44,-1.64,-0.1,0.28
2004-07-21,600765,5.97,5.98,6.04,5.88,718,425527.0,2.67,-0.33,-0.02,0.21
2004-07-22,600765,5.98,5.77,5.99,5.75,913,534075.0,4.01,-3.51,-0.21,0.26
2004-07-23,600765,5.75,5.8,5.85,5.69,1006,577364.0,2.77,0.52,0.03,0.29
2004-07-26,600765,5.62,5.7,5.73,5.62,836,472123.0,1.9,-1.72,-0.1,0.24
2004-07-27,600765,5.6,5.57,5.77,5.51,1154,645840.0,4.56,-2.28,-0.13,0.33
2004-07-28,600765,5.6,5.58,5.64,5.51,834,463640.0,2.33,0.18,0.01,0.24
2004-07-29,600765,5.58,5.72,5.72,5.56,1167,658103.0,2.87,2.51,0.14,0.34
2004-07-30,600765,5.72,5.65,5.75,5.6,774,440247.0,2.62,-1.22,-0.07,0.22
2004-08-02,600765,5.71,5.58,5.71,5.56,317,177218.0,2.65,-1.24,-0.07,0.09
2004-08-03,600765,5.6,5.63,5.64,5.55,337,188521.0,1.61,0.9,0.05,0.1
2004-08-04,600765,5.68,5.85,5.87,5.63,3157,1842358.0,4.26,3.91,0.22,0.92
2004-08-05,600765,5.83,5.74,5.85,5.72,773,445888.0,2.22,-1.88,-0.11,0.22
2004-08-06,600765,5.65,5.68,5.75,5.61,650,369543.0,2.44,-1.05,-0.06,0.19
2004-08-09,600765,5.74,5.67,5.74,5.66,280,158863.0,1.41,-0.18,-0.01,0.08
2004-08-10,600765,5.67,5.67,5.76,5.67,270,153752.0,1.59,0.0,0.0,0.08
2004-08-11,600765,5.68,5.63,5.69,5.59,500,282465.0,1.76,-0.71,-0.04,0.15
2004-08-12,600765,5.65,5.76,5.79,5.6,2197,1258477.0,3.37,2.31,0.13,0.64
2004-08-13,600765,5.76,5.77,5.8,5.72,1253,721632.0,1.39,0.17,0.01,0.36
2004-08-16,600765,5.73,5.6,5.73,5.56,591,333216.0,2.95,-2.95,-0.17,0.17
2004-08-17,600765,5.63,5.58,5.71,5.55,733,408437.0,2.86,-0.36,-0.02,0.21
2004-08-18,600765,5.64,5.51,5.64,5.5,1067,593437.0,2.51,-1.25,-0.07,0.31
2004-08-19,600765,5.52,5.32,5.52,5.21,1187,635329.0,5.63,-3.45,-0.19,0.34
2004-08-20,600765,5.28,5.37,5.38,5.21,732,387366.0,3.2,0.94,0.05,0.21
2004-08-23,600765,5.25,5.29,5.3,5.23,574,302086.0,1.3,-1.49,-0.08,0.17
2004-08-24,600765,5.31,5.42,5.52,5.25,1650,889464.0,5.1,2.46,0.13,0.48
2004-08-25,600765,5.41,5.38,5.45,5.3,431,231568.0,2.77,-0.74,-0.04,0.13
2004-08-26,600765,5.36,5.37,5.43,5.31,967,519823.0,2.23,-0.19,-0.01,0.28
2004-08-27,600765,5.4,5.35,5.42,5.3,475,253968.0,2.23,-0.37,-0.02,0.14
2004-08-30,600765,5.1,5.26,5.35,5.1,728,381397.0,4.67,-1.68,-0.09,0.21
2004-08-31,600765,5.45,5.4,5.45,5.35,1557,839631.0,1.9,2.66,0.14,0.45
2004-09-01,600765,5.4,5.26,5.4,5.17,505,267508.0,4.26,-2.59,-0.14,0.15
2004-09-02,600765,5.25,5.36,5.37,5.09,1882,983830.0,5.32,1.9,0.1,0.55
2004-09-03,600765,5.31,5.35,5.4,5.3,1251,667866.0,1.87,-0.19,-0.01,0.36
2004-09-06,600765,5.24,5.38,5.4,5.24,359,192185.0,2.99,0.56,0.03,0.1
2004-09-07,600765,5.39,5.39,5.39,5.31,388,207909.0,1.49,0.19,0.01,0.11
2004-09-08,600765,5.33,5.34,5.38,5.27,452,240298.0,2.04,-0.93,-0.05,0.13
2004-09-09,600765,5.34,5.24,5.39,5.2,1316,694163.0,3.56,-1.87,-0.1,0.38
2004-09-10,600765,5.22,5.24,5.29,5.19,513,268793.0,1.91,0.0,0.0,0.15
2004-09-13,600765,5.16,5.11,5.21,5.1,941,482796.0,2.1,-2.48,-0.13,0.27
2004-09-14,600765,5.11,5.26,5.39,5.11,1104,582794.0,5.48,2.94,0.15,0.32
2004-09-15,600765,5.31,5.53,5.68,5.28,4824,2666088.0,7.6,5.13,0.27,1.4
2004-09-16,600765,5.53,5.57,5.62,5.5,2468,1370912.0,2.17,0.72,0.04,0.72
2004-09-17,600765,5.58,5.78,5.8,5.57,4234,2412962.0,4.13,3.77,0.21,1.23
2004-09-20,600765,5.83,5.98,6.02,5.75,5718,3352466.0,4.67,3.46,0.2,1.66
2004-09-21,600765,6.0,5.86,6.06,5.81,4569,2700249.0,4.18,-2.01,-0.12,1.33
2004-09-22,600765,5.82,5.71,5.92,5.7,3712,2159580.0,3.75,-2.56,-0.15,1.08
2004-09-23,600765,5.7,5.9,5.92,5.67,3341,1923404.0,4.38,3.33,0.19,0.97
2004-09-24,600765,5.9,5.79,5.96,5.77,4927,2899527.0,3.22,-1.86,-0.11,1.43
2004-09-27,600765,5.75,5.68,5.9,5.64,2034,1168782.0,4.49,-1.9,-0.11,0.59
2004-09-28,600765,5.65,5.7,5.78,5.63,1517,861716.0,2.64,0.35,0.02,0.44
2004-09-29,600765,5.78,5.67,5.78,5.61,878,496641.0,2.98,-0.53,-0.03,0.25
2004-09-30,600765,5.67,5.53,5.67,5.51,1320,734942.0,2.82,-2.47,-0.14,0.38
2004-10-08,600765,5.5,5.65,5.65,5.42,925,511506.0,4.16,2.17,0.12,0.27
2004-10-11,600765,5.66,5.69,5.78,5.6,2172,1238002.0,3.19,0.71,0.04,0.63
2004-10-12,600765,5.68,5.57,5.69,5.56,1276,715414.0,2.28,-2.11,-0.12,0.37
2004-10-13,600765,5.61,5.59,5.64,5.48,1320,733361.0,2.87,0.36,0.02,0.38
2004-10-14,600765,5.57,5.22,5.58,5.17,1818,974018.0,7.33,-6.62,-0.37,0.53
2004-10-15,600765,5.2,5.17,5.28,5.13,1656,861741.0,2.87,-0.96,-0.05,0.48
2004-10-18,600765,5.22,5.23,5.25,5.12,792,410548.0,2.51,1.16,0.06,0.23
2004-10-19,600765,5.22,5.21,5.3,5.16,1256,658947.0,2.68,-0.38,-0.02,0.36
2004-10-20,600765,5.28,5.1,5.28,5.09,1025,527643.0,3.65,-2.11,-0.11,0.3
2004-10-21,600765,5.13,4.76,5.14,4.7,4406,2175284.0,8.63,-6.67,-0.34,1.28
2004-10-22,600765,4.74,4.83,4.88,4.6,3240,1530686.0,5.88,1.47,0.07,0.94
2004-10-25,600765,4.85,4.58,4.89,4.52,1241,594135.0,7.66,-5.18,-0.25,0.36
2004-10-26,600765,4.6,4.78,4.78,4.59,1628,760215.0,4.15,4.37,0.2,0.47
2004-10-27,600765,4.76,4.94,4.94,4.7,2231,1078766.0,5.02,3.35,0.16,0.65
2004-10-28,600765,5.38,5.08,5.38,5.03,4395,2257999.0,7.09,2.83,0.14,1.27
2004-10-29,600765,4.95,4.99,5.06,4.81,2174,1080771.0,4.92,-1.77,-0.09,0.63
2004-11-01,600765,5.0,4.99,5.0,4.93,1003,497492.0,1.4,0.0,0.0,0.29
2004-11-02,600765,5.09,5.15,5.18,4.96,2316,1181312.0,4.41,3.21,0.16,0.67
2004-11-03,600765,5.1,5.17,5.2,5.09,1661,853498.0,2.14,0.39,0.02,0.48
2004-11-04,600765,5.15,5.0,5.19,4.96,1370,697146.0,4.45,-3.29,-0.17,0.4
2004-11-05,600765,5.08,4.96,5.08,4.93,1034,517162.0,3.0,-0.8,-0.04,0.3
2004-11-08,600765,4.96,4.96,4.98,4.92,651,322032.0,1.21,0.0,0.0,0.19
2004-11-09,600765,4.94,4.95,5.01,4.92,703,350171.0,1.81,-0.2,-0.01,0.2
2004-11-10,600765,4.96,5.14,5.15,4.95,2377,1211890.0,4.04,3.84,0.19,0.69
2004-11-11,600765,5.13,5.11,5.26,5.11,3946,2042739.0,2.92,-0.58,-0.03,1.14
2004-11-12,600765,5.11,5.09,5.17,5.08,1357,694366.0,1.76,-0.39,-0.02,0.39
2004-11-15,600765,5.1,5.2,5.25,5.1,1995,1030234.0,2.95,2.16,0.11,0.58
2004-11-16,600765,5.2,5.21,5.23,5.15,1438,747169.0,1.54,0.19,0.01,0.42
2004-11-17,600765,5.21,5.17,5.25,5.13,1509,782937.0,2.3,-0.77,-0.04,0.44
2004-11-18,600765,5.16,5.24,5.24,5.13,1493,775739.0,2.13,1.35,0.07,0.43
2004-11-19,600765,5.24,5.38,5.47,5.23,6985,3746671.0,4.58,2.67,0.14,2.03
2004-11-22,600765,5.39,5.46,5.47,5.37,4459,2415440.0,1.86,1.49,0.08,1.29
2004-11-23,600765,5.45,5.6,5.63,5.39,7438,4130223.0,4.4,2.56,0.14,2.16
2004-11-24,600765,5.6,5.39,5.65,5.38,4610,2557665.0,4.82,-3.75,-0.21,1.34
2004-11-25,600765,5.48,5.5,5.59,5.39,4830,2662547.0,3.71,2.04,0.11,1.4
2004-11-26,600765,5.5,5.58,5.59,5.45,2675,1478811.0,2.55,1.45,0.08,0.78
2004-11-29,600765,5.6,5.47,5.7,5.46,6609,3673103.0,4.3,-1.97,-0.11,1.92
2004-11-30,600765,5.42,5.38,5.5,5.32,2230,1199576.0,3.29,-1.65,-0.09,0.65
2004-12-01,600765,5.35,5.36,5.4,5.3,1346,717918.0,1.86,-0.37,-0.02,0.39
2004-12-02,600765,5.37,5.48,5.5,5.3,1667,901567.0,3.73,2.24,0.12,0.48
2004-12-03,600765,5.48,5.51,5.58,5.45,2702,1491076.0,2.37,0.55,0.03,0.78
2004-12-06,600765,5.59,5.62,5.64,5.52,2403,1337737.0,2.18,2.0,0.11,0.7
2004-12-07,600765,5.62,5.45,5.66,5.4,1468,811417.0,4.63,-3.02,-0.17,0.43
2004-12-08,600765,5.48,5.53,5.55,5.46,1247,685256.0,1.65,1.47,0.08,0.36
2004-12-09,600765,5.6,5.52,5.6,5.46,1409,777822.0,2.53,-0.18,-0.01,0.41
2004-12-10,600765,5.58,5.33,5.58,5.32,1429,767460.0,4.71,-3.44,-0.19,0.41
2004-12-13,600765,5.3,5.23,5.32,5.18,886,464736.0,2.63,-1.88,-0.1,0.26
2004-12-14,600765,5.25,5.22,5.32,5.2,362,189721.0,2.29,-0.19,-0.01,0.11
2004-12-15,600765,5.24,5.18,5.27,5.14,1006,520469.0,2.49,-0.77,-0.04,0.29
2004-12-16,600765,5.16,5.16,5.2,5.1,581,298952.0,1.93,-0.39,-0.02,0.17
2004-12-17,600765,5.2,5.14,5.2,5.12,573,295287.0,1.55,-0.39,-0.02,0.17
2004-12-20,600765,5.06,5.07,5.15,5.05,947,480626.0,1.95,-1.36,-0.07,0.27
2004-12-21,600765,5.1,5.13,5.17,5.06,262,133972.0,2.17,1.18,0.06,0.08
2004-12-22,600765,5.12,5.34,5.35,5.1,1651,862624.0,4.87,4.09,0.21,0.48
2004-12-23,600765,5.3,5.2,5.34,5.18,721,377389.0,3.0,-2.62,-0.14,0.21
2004-12-24,600765,5.16,5.22,5.27,5.12,457,237176.0,2.88,0.38,0.02,0.13
2004-12-27,600765,5.2,5.16,5.22,5.12,261,134423.0,1.92,-1.15,-0.06,0.08
2004-12-28,600765,5.13,5.15,5.16,5.02,609,310367.0,2.71,-0.19,-0.01,0.18
2004-12-29,600765,5.19,5.07,5.19,5.05,669,340075.0,2.72,-1.55,-0.08,0.19
2004-12-30,600765,5.05,5.01,5.1,4.98,669,335322.0,2.37,-1.18,-0.06,0.19
2004-12-31,600765,5.02,4.96,5.1,4.93,715,356283.0,3.39,-1.0,-0.05,0.21
2005-01-04,600765,4.87,4.9,4.95,4.8,384,187469.0,3.02,-1.21,-0.06,0.11
2005-01-05,600765,4.95,5.03,5.09,4.9,601,300104.0,3.88,2.65,0.13,0.17
2005-01-06,600765,5.0,4.93,5.0,4.91,528,261837.0,1.79,-1.99,-0.1,0.15
2005-01-07,600765,4.93,4.95,5.04,4.93,584,290669.0,2.23,0.41,0.02,0.17
2005-01-10,600765,4.96,5.02,5.02,4.94,243,121184.0,1.62,1.41,0.07,0.07
2005-01-11,600765,5.02,5.0,5.05,4.96,366,183229.0,1.79,-0.4,-0.02,0.11
2005-01-12,600765,5.0,5.01,5.03,4.95,615,307241.0,1.6,0.2,0.01,0.18
2005-01-13,600765,5.0,5.06,5.07,4.99,553,278509.0,1.6,1.0,0.05,0.16
2005-01-14,600765,5.05,5.14,5.29,5.05,2877,1489242.0,4.74,1.58,0.08,0.83
2005-01-17,600765,5.05,4.97,5.07,4.9,883,439311.0,3.31,-3.31,-0.17,0.26
2005-01-18,600765,4.96,5.09,5.1,4.96,702,353791.0,2.82,2.41,0.12,0.2
2005-01-19,600765,5.25,5.12,5.25,5.07,737,376772.0,3.54,0.59,0.03,0.21
2005-01-20,600765,5.06,5.01,5.06,4.93,1231,615613.0,2.54,-2.15,-0.11,0.36
2005-01-21,600765,5.0,5.36,5.51,4.85,4135,2178021.0,13.17,6.99,0.35,1.2
2005-01-24,600765,5.35,5.41,5.45,5.35,5854,3150210.0,1.87,0.93,0.05,1.7
2005-01-25,600765,5.4,5.4,5.41,5.25,2057,1096981.0,2.96,-0.18,-0.01,0.6
2005-01-26,600765,5.38,5.23,5.38,5.23,1130,598407.0,2.78,-3.15,-0.17,0.33
2005-01-27,600765,5.18,5.15,5.2,5.12,1086,559820.0,1.53,-1.53,-0.08,0.32
2005-01-28,600765,5.15,5.07,5.22,5.04,743,379855.0,3.5,-1.55,-0.08,0.22
2005-01-31,600765,5.02,4.88,5.02,4.85,1527,751022.0,3.35,-3.75,-0.19,0.44
2005-02-01,600765,5.01,4.91,5.09,4.9,1228,610946.0,3.89,0.61,0.03,0.36
2005-02-02,600765,4.85,5.19,5.2,4.85,1657,841657.0,7.13,5.7,0.28,0.48
2005-02-03,600765,5.21,5.1,5.24,5.09,1621,835514.0,2.89,-1.73,-0.09,0.47
2005-02-04,600765,5.1,5.21,5.25,5.05,1546,798064.0,3.92,2.16,0.11,0.45
2005-02-16,600765,5.21,5.25,5.32,5.21,1159,611979.0,2.11,0.77,0.04,0.34
2005-02-17,600765,5.25,5.41,5.43,5.24,3991,2140171.0,3.62,3.05,0.16,1.16
2005-02-18,600765,5.3,5.3,5.36,5.24,1519,803484.0,2.22,-2.03,-0.11,0.44
2005-02-21,600765,5.3,5.41,5.43,5.25,1406,754015.0,3.4,2.08,0.11,0.41
2005-02-22,600765,5.41,5.49,5.54,5.31,4415,2414993.0,4.25,1.48,0.08,1.28
2005-02-23,600765,5.49,5.5,5.55,5.41,2776,1523149.0,2.55,0.18,0.01,0.81
2005-02-24,600765,5.49,5.43,5.5,5.38,2624,1423693.0,2.18,-1.27,-0.07,0.76
2005-02-25,600765,5.44,5.44,5.57,5.43,2743,1506431.0,2.58,0.18,0.01,0.8
2005-02-28,600765,5.41,5.39,5.43,5.37,1782,961673.0,1.1,-0.92,-0.05,0.52
2005-03-01,600765,5.38,5.56,5.71,5.38,7571,4232134.0,6.12,3.15,0.17,2.2
2005-03-02,600765,5.6,5.42,5.6,5.39,2763,1512716.0,3.78,-2.52,-0.14,0.8
2005-03-03,600765,5.39,5.42,5.45,5.35,1474,795334.0,1.85,0.0,0.0,0.43
2005-03-04,600765,5.4,5.37,5.48,5.35,1234,665749.0,2.4,-0.92,-0.05,0.36
2005-03-07,600765,5.39,5.42,5.43,5.36,1344,725656.0,1.3,0.93,0.05,0.39
2005-03-08,600765,5.42,5.51,5.52,5.35,1985,1077927.0,3.14,1.66,0.09,0.58
2005-03-09,600765,5.52,5.54,5.55,5.45,2473,1359385.0,1.81,0.54,0.03,0.72
2005-03-10,600765,5.51,5.65,5.8,5.49,18360,10417347.0,5.6,1.99,0.11,5.33
2005-03-11,600765,5.66,5.88,5.97,5.63,24140,14123541.0,6.02,4.07,0.23,7.0
2005-03-14,600765,5.91,5.91,5.95,5.72,11927,6965699.0,3.91,0.51,0.03,3.46
2005-03-15,600765,5.89,5.66,5.89,5.63,9335,5347081.0,4.4,-4.23,-0.25,2.71
2005-03-16,600765,5.64,5.64,5.76,5.54,4189,2368574.0,3.89,-0.35,-0.02,1.22
2005-03-17,600765,5.61,5.37,5.64,5.3,7907,4260687.0,6.03,-4.79,-0.27,2.29
2005-03-18,600765,5.36,5.24,5.4,5.13,3718,1958199.0,5.03,-2.42,-0.13,1.08
2005-03-21,600765,5.18,5.2,5.3,5.18,1464,767183.0,2.29,-0.76,-0.04,0.42
2005-03-22,600765,5.22,4.95,5.24,4.91,3452,1745061.0,6.35,-4.81,-0.25,1.0
2005-03-23,600765,4.9,4.98,5.13,4.9,2252,1132553.0,4.65,0.61,0.03,0.65
2005-03-24,600765,4.98,5.04,5.09,4.93,1121,561652.0,3.21,1.2,0.06,0.33
2005-03-25,600765,5.02,5.08,5.14,5.02,1275,648025.0,2.38,0.79,0.04,0.37
2005-03-28,600765,5.03,4.96,5.03,4.9,1277,631496.0,2.56,-2.36,-0.12,0.37
2005-03-29,600765,5.0,5.05,5.11,4.96,1171,590665.0,3.02,1.81,0.09,0.34
2005-03-30,600765,5.02,4.86,5.03,4.83,1996,977926.0,3.96,-3.76,-0.19,0.58
2005-03-31,600765,4.81,4.77,4.91,4.62,3139,1478349.0,5.97,-1.85,-0.09,0.91
2005-04-01,600765,4.75,4.94,4.99,4.65,2078,1006452.0,7.13,3.56,0.17,0.6
2005-04-04,600765,4.95,4.86,4.95,4.85,1521,745079.0,2.02,-1.62,-0.08,0.44
2005-04-05,600765,4.86,4.81,4.88,4.77,1156,555764.0,2.26,-1.03,-0.05,0.34
2005-04-06,600765,4.85,4.9,4.93,4.7,2261,1088000.0,4.78,1.87,0.09,0.66
2005-04-07,600765,4.92,5.0,5.05,4.9,3411,1702700.0,3.06,2.04,0.1,0.99
2005-04-08,600765,5.0,5.05,5.05,4.92,1983,989952.0,2.6,1.0,0.05,0.58
2005-04-11,600765,5.06,5.04,5.08,4.96,1886,947193.0,2.38,-0.2,-0.01,0.55
2005-04-12,600765,5.02,4.9,5.08,4.9,1424,708264.0,3.57,-2.78,-0.14,0.41
2005-04-13,600765,4.9,5.12,5.13,4.9,2780,1395679.0,4.69,4.49,0.22,0.81
2005-04-14,600765,5.12,4.88,5.12,4.87,2253,1116279.0,4.88,-4.69,-0.24,0.65
2005-04-15,600765,4.86,4.7,4.86,4.66,2298,1087358.0,4.1,-3.69,-0.18,0.67
2005-04-18,600765,4.7,4.51,4.7,4.32,2067,936673.0,8.09,-4.04,-0.19,0.6
2005-04-19,600765,4.54,4.5,4.54,4.37,1230,548774.0,3.77,-0.22,-0.01,0.36
2005-04-20,600765,4.49,4.45,4.5,4.37,993,437404.0,2.89,-1.11,-0.05,0.29
2005-04-21,600765,4.42,4.41,4.65,4.31,1145,504362.0,7.64,-0.9,-0.04,0.33
2005-04-22,600765,4.43,4.2,4.43,4.17,1324,563603.0,5.9,-4.76,-0.21,0.38
2005-04-25,600765,4.25,4.04,4.25,3.98,2178,880808.0,6.43,-3.81,-0.16,0.63
2005-04-26,600765,3.92,4.07,4.1,3.91,1593,640624.0,4.7,0.74,0.03,0.46
2005-04-27,600765,4.08,4.05,4.11,4.0,1093,442895.0,2.7,-0.49,-0.02,0.32
2005-04-28,600765,4.11,4.19,4.2,4.01,1822,753451.0,4.69,3.46,0.14,0.53
2005-04-29,600765,4.19,4.09,4.2,4.01,2049,840647.0,4.53,-2.39,-0.1,0.59
2005-05-09,600765,4.01,3.85,4.07,3.78,1312,513702.0,7.09,-5.87,-0.24,0.38
2005-05-10,600765,3.82,3.86,3.89,3.73,883,336384.0,4.16,0.26,0.01,0.26
2005-05-11,600765,3.84,3.79,3.89,3.75,856,325923.0,3.63,-1.81,-0.07,0.25
2005-05-12,600765,3.81,4.16,4.17,3.74,5026,2003144.0,11.35,9.76,0.37,1.46
2005-05-13,600765,4.57,4.58,4.58,4.28,26352,11789667.0,7.21,10.1,0.42,7.64
2005-05-16,600765,4.65,4.72,4.85,4.59,27254,12962675.0,5.68,3.06,0.14,7.91
2005-05-17,600765,4.7,4.51,4.7,4.34,11459,5122442.0,7.63,-4.45,-0.21,3.32
2005-05-19,600765,4.45,4.5,4.65,4.42,8081,3664894.0,5.1,-0.22,-0.01,2.34
2005-05-20,600765,4.4,4.47,4.5,4.38,4428,1964688.0,2.67,-0.67,-0.03,1.28
2005-05-23,600765,4.43,4.49,4.52,4.37,3598,1598452.0,3.36,0.45,0.02,1.04
2005-05-24,600765,4.42,4.58,4.59,4.4,5880,2650449.0,4.23,2.0,0.09,1.71
2005-05-25,600765,4.53,4.37,4.56,4.3,5987,2651559.0,5.68,-4.59,-0.21,1.74
2005-05-26,600765,4.34,4.35,4.41,4.3,3737,1625219.0,2.52,-0.46,-0.02,1.08
2005-05-27,600765,4.3,4.14,4.4,4.05,8302,3482756.0,8.05,-4.83,-0.21,2.41
2005-05-30,600765,4.14,4.19,4.23,4.1,3511,1466753.0,3.14,1.21,0.05,1.02
2005-05-31,600765,4.21,4.18,4.28,4.15,3515,1481939.0,3.1,-0.24,-0.01,1.02
2005-06-01,600765,4.18,4.11,4.21,4.08,2494,1028260.0,3.11,-1.67,-0.07,0.72
2005-06-02,600765,4.12,4.17,4.17,4.05,3032,1248686.0,2.92,1.46,0.06,0.88
2005-06-03,600765,4.11,4.07,4.2,4.06,2475,1023913.0,3.36,-2.4,-0.1,0.72
2005-06-06,600765,4.07,4.12,4.13,3.91,2799,1121873.0,5.41,1.23,0.05,0.81
2005-06-07,600765,4.08,4.12,4.22,4.05,3814,1578407.0,4.13,0.0,0.0,1.11
2005-06-08,600765,4.12,4.43,4.44,4.12,8998,3890894.0,7.77,7.52,0.31,2.61
2005-06-09,600765,4.4,4.39,4.49,4.31,8949,3910221.0,4.06,-0.9,-0.04,2.6
2005-06-10,600765,4.43,4.32,4.45,4.28,3459,1496894.0,3.87,-1.59,-0.07,1.0
2005-06-13,600765,4.3,4.36,4.38,4.26,1939,839551.0,2.78,0.93,0.04,0.56
2005-06-14,600765,4.37,4.28,4.38,4.25,2181,941903.0,2.98,-1.83,-0.08,0.63
2005-06-15,600765,4.19,4.1,4.2,4.1,2048,848459.0,2.34,-4.21,-0.18,0.59
2005-06-16,600765,4.05,4.1,4.14,4.01,1894,772496.0,3.17,0.0,0.0,0.55
2005-06-17,600765,4.15,4.09,4.2,4.05,1628,666359.0,3.66,-0.24,-0.01,0.47
2005-06-20,600765,4.09,4.19,4.25,3.81,3337,1352254.0,10.76,2.44,0.1,0.97
2005-06-21,600765,4.18,4.19,4.2,4.1,2524,1049168.0,2.39,0.0,0.0,0.73
2005-06-22,600765,4.19,4.2,4.22,4.13,1860,777170.0,2.15,0.24,0.01,0.54
2005-06-23,600765,4.2,4.33,4.41,4.17,6746,2907282.0,5.71,3.1,0.13,1.96
2005-06-24,600765,4.4,4.43,4.5,4.38,17076,7584056.0,2.77,2.31,0.1,4.95
2005-06-27,600765,4.48,4.48,4.58,4.4,8513,3804431.0,4.06,1.13,0.05,2.47
2005-06-28,600765,4.44,4.31,4.44,4.3,3036,1319418.0,3.13,-3.79,-0.17,0.88
2005-06-29,600765,4.31,4.32,4.37,4.28,1804,778927.0,2.09,0.23,0.01,0.52
2005-06-30,600765,4.32,4.09,4.32,4.08,2604,1089075.0,5.56,-5.32,-0.23,0.76
2005-07-01,600765,4.09,3.92,4.09,3.9,3024,1204359.0,4.65,-4.16,-0.17,0.88
2005-07-04,600765,3.83,3.92,3.93,3.68,2629,999192.0,6.38,0.0,0.0,0.76
2005-07-05,600765,3.9,3.92,3.93,3.82,2145,832278.0,2.81,0.0,0.0,0.62
2005-07-06,600765,4.01,4.17,4.31,4.01,11928,5003441.0,7.65,6.38,0.25,3.46
2005-07-07,600765,4.08,4.14,4.17,4.06,2512,1032921.0,2.64,-0.72,-0.03,0.73
2005-07-08,600765,4.08,3.83,4.08,3.82,2382,929468.0,6.28,-7.49,-0.31,0.69
2005-07-11,600765,4.01,3.85,4.05,3.83,2044,799858.0,5.74,0.52,0.02,0.59
2005-07-12,600765,3.68,3.98,4.0,3.68,2807,1093518.0,8.31,3.38,0.13,0.81
2005-07-13,600765,3.98,3.91,3.98,3.82,1299,506330.0,4.02,-1.76,-0.07,0.38
2005-07-14,600765,3.89,3.87,3.95,3.84,1415,549587.0,2.81,-1.02,-0.04,0.41
2005-07-15,600765,3.87,3.92,3.93,3.72,2399,923044.0,5.43,1.29,0.05,0.7
2005-07-18,600765,3.9,3.75,3.9,3.75,1465,562619.0,3.83,-4.34,-0.17,0.42
2005-07-19,600765,3.75,3.8,3.86,3.7,1667,625855.0,4.27,1.33,0.05,0.48
2005-07-20,600765,3.8,3.78,3.81,3.71,1140,430933.0,2.63,-0.53,-0.02,0.33
2005-07-21,600765,3.75,3.75,3.76,3.7,880,328296.0,1.59,-0.79,-0.03,0.26
2005-07-22,600765,3.72,3.85,3.94,3.72,2803,1076229.0,5.87,2.67,0.1,0.81
2005-07-25,600765,3.84,3.85,3.86,3.81,644,246904.0,1.3,0.0,0.0,0.19
2005-07-26,600765,3.86,4.0,4.02,3.84,3392,1334835.0,4.68,3.9,0.15,0.98
2005-07-27,600765,4.0,4.01,4.04,3.92,3765,1495159.0,3.0,0.25,0.01,1.09
2005-07-28,600765,4.0,3.94,4.06,3.94,3647,1459774.0,2.99,-1.75,-0.07,1.06
2005-07-29,600765,3.9,3.96,3.96,3.9,1956,768474.0,1.52,0.51,0.02,0.57
2005-08-01,600765,3.98,4.13,4.28,3.94,6511,2697834.0,8.59,4.29,0.17,1.89
2005-08-02,600765,4.06,4.17,4.17,4.06,3388,1394710.0,2.66,0.97,0.04,0.98
2005-08-03,600765,4.17,4.3,4.44,4.11,14779,6378800.0,7.91,3.12,0.13,4.29
2005-08-04,600765,4.29,4.17,4.29,4.16,4976,2089024.0,3.02,-3.02,-0.13,1.44
2005-08-05,600765,4.15,4.25,4.25,4.1,5163,2169990.0,3.6,1.92,0.08,1.5
2005-08-08,600765,4.25,4.24,4.3,4.21,4542,1937797.0,2.12,-0.24,-0.01,1.32
2005-08-09,600765,4.22,4.33,4.34,4.21,3301,1407614.0,3.07,2.12,0.09,0.96
2005-08-10,600765,4.33,4.35,4.35,4.21,4832,2071368.0,3.23,0.46,0.02,1.4
2005-08-11,600765,4.34,4.38,4.39,4.29,5896,2568379.0,2.3,0.69,0.03,1.71
2005-08-12,600765,4.38,4.22,4.45,4.22,5797,2514302.0,5.25,-3.65,-0.16,1.68
2005-08-15,600765,4.22,4.35,4.36,4.21,4536,1954814.0,3.55,3.08,0.13,1.32
2005-08-16,600765,4.35,4.4,4.42,4.3,4368,1904495.0,2.76,1.15,0.05,1.27
2005-08-17,600765,4.36,4.46,4.55,4.26,8419,3709391.0,6.59,1.36,0.06,2.44
2005-08-18,600765,4.5,4.27,4.66,4.2,10822,4886725.0,10.31,-4.26,-0.19,3.14
2005-08-19,600765,4.22,4.3,4.37,4.17,5543,2369697.0,4.68,0.7,0.03,1.61
2005-08-22,600765,4.22,4.37,4.38,4.22,4079,1766280.0,3.72,1.63,0.07,1.18
2005-08-23,600765,4.37,4.25,4.37,4.22,2860,1225011.0,3.43,-2.75,-0.12,0.83
2005-08-24,600765,4.2,4.31,4.34,4.2,2991,1278303.0,3.29,1.41,0.06,0.87
2005-08-25,600765,4.32,4.4,4.41,4.26,5843,2536784.0,3.48,2.09,0.09,1.7
2005-08-26,600765,4.4,4.42,4.46,4.34,5077,2235058.0,2.73,0.45,0.02,1.47
2005-08-29,600765,4.36,4.3,4.43,4.27,4005,1733115.0,3.62,-2.71,-0.12,1.16
2005-08-30,600765,4.29,4.49,4.62,4.29,9215,4126615.0,7.67,4.42,0.19,2.67
2005-08-31,600765,4.44,4.52,4.53,4.37,6327,2829523.0,3.56,0.67,0.03,1.84
2005-09-01,600765,4.51,4.59,4.7,4.5,9079,4176643.0,4.42,1.55,0.07,2.63
2005-09-02,600765,4.6,4.71,4.81,4.56,12692,5961816.0,5.45,2.61,0.12,3.68
2005-09-05,600765,4.72,4.88,4.96,4.67,16419,7931581.0,6.16,3.61,0.17,4.76
2005-09-06,600765,4.88,4.78,5.02,4.76,25048,12287201.0,5.33,-2.05,-0.1,7.27
2005-09-07,600765,4.75,4.82,4.83,4.62,13448,6362350.0,4.39,0.84,0.04,3.9
2005-09-08,600765,4.81,4.73,4.84,4.65,7104,3359758.0,3.94,-1.87,-0.09,2.06
2005-09-09,600765,4.73,4.63,4.75,4.6,4523,2103664.0,3.17,-2.11,-0.1,1.31
2005-09-12,600765,4.61,4.7,4.75,4.61,2329,1091742.0,3.02,1.51,0.07,0.68
2005-09-13,600765,4.73,4.78,4.82,4.66,4151,1969433.0,3.4,1.7,0.08,1.2
2005-09-14,600765,4.8,4.92,4.99,4.74,15421,7544691.0,5.23,2.93,0.14,4.47
2005-09-15,600765,4.93,4.93,4.95,4.85,6061,2974937.0,2.03,0.2,0.01,1.76
2005-09-16,600765,4.92,4.87,4.92,4.82,3897,1894031.0,2.03,-1.22,-0.06,1.13
2005-09-19,600765,4.86,4.94,4.96,4.86,3659,1801691.0,2.05,1.44,0.07,1.06
2005-09-20,600765,4.95,5.15,5.28,4.77,18322,9188173.0,10.32,4.25,0.21,5.31
2005-09-21,600765,5.08,5.06,5.15,5.0,11422,5789064.0,2.91,-1.75,-0.09,3.31
2005-09-22,600765,5.05,4.88,5.05,4.77,7562,3710772.0,5.53,-3.56,-0.18,2.19
2005-09-23,600765,4.89,4.97,5.2,4.8,16137,8125065.0,8.2,1.84,0.09,4.68
2005-09-26,600765,4.96,5.18,5.18,4.96,14752,7544954.0,4.43,4.23,0.21,4.28
2005-09-27,600765,5.18,5.09,5.37,5.05,22690,11816075.0,6.18,-1.74,-0.09,6.58
2005-09-28,600765,5.04,4.58,5.04,4.58,17506,8323121.0,9.04,-10.02,-0.51,5.08
2005-09-29,600765,4.55,4.63,4.65,4.46,9644,4393701.0,4.15,1.09,0.05,2.8
2005-09-30,600765,4.6,4.55,4.66,4.53,4649,2134803.0,2.81,-1.73,-0.08,1.35
2005-10-10,600765,4.55,4.42,4.59,4.4,3859,1732359.0,4.18,-2.86,-0.13,1.12
2005-10-11,600765,4.42,4.54,4.54,4.38,3998,1788808.0,3.62,2.71,0.12,1.16
2005-10-12,600765,4.49,4.56,4.62,4.49,4454,2023561.0,2.86,0.44,0.02,1.29
2005-10-13,600765,4.55,4.51,4.6,4.5,3010,1372503.0,2.19,-1.1,-0.05,0.87
2005-10-14,600765,4.52,4.42,4.53,4.38,3556,1585010.0,3.33,-2.0,-0.09,1.03
2005-10-17,600765,4.4,4.51,4.53,4.4,3188,1424499.0,2.94,2.04,0.09,0.92
2005-10-18,600765,4.55,4.59,4.62,4.5,3481,1585505.0,2.66,1.77,0.08,1.01
2005-10-19,600765,4.59,4.63,4.69,4.54,7306,3388424.0,3.27,0.87,0.04,2.12
2005-10-20,600765,4.66,4.64,4.78,4.55,4676,2167684.0,4.97,0.22,0.01,1.36
2005-10-21,600765,4.62,4.67,4.7,4.57,4149,1929201.0,2.8,0.65,0.03,1.2
2005-10-24,600765,4.6,4.61,4.67,4.52,2997,1375631.0,3.21,-1.28,-0.06,0.87
2005-10-25,600765,4.58,4.39,4.59,4.39,5899,2625927.0,4.34,-4.77,-0.22,1.71
2005-10-26,600765,4.38,4.45,4.52,4.38,5641,2499623.0,3.19,1.37,0.06,1.64
2005-10-27,600765,4.5,4.33,4.5,4.26,7937,3463898.0,5.39,-2.7,-0.12,2.3
2005-10-28,600765,4.29,4.09,4.33,4.03,6029,2509412.0,6.93,-5.54,-0.24,1.75
2005-10-31,600765,4.06,4.16,4.17,4.01,3368,1383204.0,3.91,1.71,0.07,0.98
2005-11-01,600765,4.19,4.11,4.22,4.0,6062,2500352.0,5.29,-1.2,-0.05,1.76
2005-11-02,600765,4.11,4.22,4.25,4.08,4589,1915733.0,4.14,2.68,0.11,1.33
2005-11-03,600765,4.19,4.14,4.26,4.12,2961,1236697.0,3.32,-1.9,-0.08,0.86
2005-11-04,600765,4.1,4.17,4.19,4.06,2174,899256.0,3.14,0.72,0.03,0.63
2005-11-07,600765,4.12,4.18,4.23,4.1,2168,902322.0,3.12,0.24,0.01,0.63
2005-11-08,600765,4.16,4.27,4.28,4.15,3281,1387420.0,3.11,2.15,0.09,0.95
2005-11-09,600765,4.27,4.26,4.34,4.23,5635,2419294.0,2.58,-0.23,-0.01,1.63
2005-11-10,600765,4.26,4.2,4.26,4.1,3300,1381906.0,3.76,-1.41,-0.06,0.96
2005-11-11,600765,4.16,4.22,4.24,4.09,2790,1165943.0,3.57,0.48,0.02,0.81
2005-11-14,600765,4.19,4.39,4.44,4.19,12935,5635685.0,5.92,4.03,0.17,3.75
2005-11-15,600765,4.45,4.29,4.45,4.28,4053,1757863.0,3.87,-2.28,-0.1,1.18
2005-11-16,600765,4.32,4.38,4.4,4.18,2618,1123512.0,5.13,2.1,0.09,0.76
2005-11-17,600765,4.54,4.39,4.54,4.32,4874,2144939.0,5.02,0.23,0.01,1.41
2005-11-18,600765,4.39,4.58,4.66,4.32,11316,5117000.0,7.74,4.33,0.19,3.28
2005-11-21,600765,4.53,4.49,4.56,4.44,6621,2964382.0,2.62,-1.97,-0.09,1.92
2005-11-22,600765,4.46,4.31,4.47,4.3,4358,1910311.0,3.79,-4.01,-0.18,1.26
2005-11-23,600765,4.42,4.39,4.42,4.36,2104,924428.0,1.39,1.86,0.08,0.61
2005-11-24,600765,4.35,4.36,4.43,4.34,3378,1476381.0,2.05,-0.68,-0.03,0.98
2005-11-25,600765,4.35,4.53,4.64,4.34,18752,8532982.0,6.88,3.9,0.17,5.44
2005-11-28,600765,4.55,4.54,4.56,4.42,4877,2179962.0,3.09,0.22,0.01,1.41
2005-11-29,600765,4.55,4.44,4.55,4.43,1654,739611.0,2.64,-2.2,-0.1,0.48
2005-11-30,600765,4.48,4.44,4.49,4.38,2447,1082848.0,2.48,0.0,0.0,0.71
2005-12-01,600765,4.39,4.51,4.52,4.39,2996,1339556.0,2.93,1.58,0.07,0.87
2005-12-02,600765,4.47,4.55,4.58,4.44,5911,2673856.0,3.1,0.89,0.04,1.71
2005-12-05,600765,4.5,4.61,4.64,4.48,13329,6132739.0,3.52,1.32,0.06,3.87
2005-12-06,600765,4.6,4.33,4.77,4.31,22362,10235298.0,9.98,-6.07,-0.28,6.49
2005-12-07,600765,4.3,4.19,4.3,4.1,10232,4254785.0,4.62,-3.23,-0.14,2.97
2005-12-08,600765,4.19,4.18,4.26,4.13,4931,2059208.0,3.1,-0.24,-0.01,1.43
2005-12-09,600765,4.18,4.21,4.24,4.15,4307,1802965.0,2.15,0.72,0.03,1.25
2005-12-12,600765,4.18,4.25,4.27,4.16,3508,1484282.0,2.61,0.95,0.04,1.02
2005-12-13,600765,4.25,4.28,4.34,4.25,4086,1753227.0,2.12,0.71,0.03,1.19
2005-12-14,600765,4.26,4.26,4.28,4.17,4595,1945842.0,2.57,-0.47,-0.02,1.33
2005-12-15,600765,4.25,4.22,4.3,4.2,2244,952292.0,2.35,-0.94,-0.04,0.65
2005-12-16,600765,4.22,4.24,4.27,4.2,2046,867548.0,1.66,0.47,0.02,0.59
2005-12-19,600765,4.54,4.48,4.54,4.4,21903,9808675.0,3.3,5.66,0.24,6.35
2005-12-20,600765,4.44,4.47,4.5,4.38,4797,2130368.0,2.68,-0.22,-0.01,1.39
2005-12-21,600765,4.47,4.42,4.5,4.36,3592,1584493.0,3.13,-1.12,-0.05,1.04
2005-12-22,600765,4.37,4.35,4.42,4.34,2988,1305520.0,1.81,-1.58,-0.07,0.87
2005-12-23,600765,4.32,4.37,4.43,4.32,4231,1853784.0,2.53,0.46,0.02,1.23
2005-12-26,600765,4.45,4.4,4.45,4.36,3547,1557146.0,2.06,0.69,0.03,1.03
2005-12-27,600765,4.4,4.39,4.43,4.37,1767,776958.0,1.36,-0.23,-0.01,0.51
2005-12-28,600765,4.38,4.38,4.43,4.32,1975,864456.0,2.51,-0.23,-0.01,0.57
2005-12-29,600765,4.35,4.41,4.43,4.34,3836,1684239.0,2.05,0.68,0.03,1.11
2005-12-30,600765,4.44,4.38,4.44,4.36,3329,1457168.0,1.81,-0.68,-0.03,0.97
2006-01-04,600765,4.4,4.43,4.43,4.34,4954,2179746.0,2.05,1.14,0.05,1.44
2006-01-05,600765,4.41,4.47,4.47,4.4,4660,2065788.0,1.58,0.9,0.04,1.35
2006-01-06,600765,4.48,4.5,4.54,4.43,5737,2576597.0,2.46,0.67,0.03,1.66
2006-01-09,600765,4.5,4.57,4.61,4.46,6512,2961413.0,3.33,1.56,0.07,1.89
2006-01-10,600765,4.57,4.54,4.57,4.5,3831,1734869.0,1.53,-0.66,-0.03,1.11
2006-01-11,600765,4.55,4.64,4.65,4.47,7417,3377118.0,3.96,2.2,0.1,2.15
2006-01-12,600765,4.61,4.67,4.7,4.56,8430,3913025.0,3.02,0.65,0.03,2.45
2006-01-13,600765,4.69,4.62,4.71,4.57,5507,2551032.0,3.0,-1.07,-0.05,1.6
2006-01-16,600765,4.62,4.56,4.62,4.55,4466,2044013.0,1.52,-1.3,-0.06,1.3
2006-01-17,600765,4.57,4.53,4.57,4.5,2418,1097096.0,1.54,-0.66,-0.03,0.7
2006-01-18,600765,4.53,4.6,4.63,4.52,3867,1774824.0,2.43,1.55,0.07,1.12
2006-01-19,600765,4.65,4.65,4.68,4.58,7066,3276664.0,2.17,1.09,0.05,2.05
2006-01-20,600765,4.65,4.66,4.71,4.64,4454,2078808.0,1.51,0.22,0.01,1.29
2006-01-23,600765,4.66,4.74,4.77,4.62,5400,2543231.0,3.22,1.72,0.08,1.57
2006-01-24,600765,4.76,4.64,4.76,4.62,5197,2436477.0,2.95,-2.11,-0.1,1.51
2006-01-25,600765,4.63,4.6,4.67,4.56,5226,2407095.0,2.37,-0.86,-0.04,1.52
2006-02-06,600765,4.6,4.7,4.72,4.58,4752,2215313.0,3.04,2.17,0.1,1.38
2006-02-07,600765,4.77,4.77,4.9,4.71,20917,10070899.0,4.04,1.49,0.07,6.07
2006-02-08,600765,4.8,4.79,4.81,4.67,6839,3234467.0,2.94,0.42,0.02,1.98
2006-02-09,600765,4.83,4.73,4.83,4.7,4278,2020922.0,2.71,-1.25,-0.06,1.24
2006-02-10,600765,4.72,4.74,4.74,4.68,3523,1663402.0,1.27,0.21,0.01,1.02
2006-02-13,600765,4.75,4.68,4.77,4.64,3887,1819317.0,2.74,-1.27,-0.06,1.13
2006-02-14,600765,4.68,4.72,4.73,4.63,2904,1364892.0,2.14,0.85,0.04,0.84
2006-02-15,600765,4.71,4.73,4.77,4.71,4463,2113728.0,1.27,0.21,0.01,1.29
2006-02-16,600765,4.75,4.51,4.75,4.5,4735,2171366.0,5.29,-4.65,-0.22,1.37
2006-02-17,600765,4.52,4.47,4.56,4.47,3235,1458928.0,2.0,-0.89,-0.04,0.94
2006-02-20,600765,4.47,4.45,4.51,4.42,2120,945856.0,2.01,-0.45,-0.02,0.61
2006-02-21,600765,4.5,4.5,4.52,4.38,2929,1303914.0,3.15,1.12,0.05,0.85
2006-02-22,600765,4.51,4.54,4.56,4.5,2585,1171707.0,1.33,0.89,0.04,0.75
2006-02-23,600765,4.54,4.54,4.57,4.47,2555,1154267.0,2.2,0.0,0.0,0.74
2006-02-24,600765,4.55,4.56,4.59,4.54,2417,1101305.0,1.1,0.44,0.02,0.7
2006-02-27,600765,4.55,4.53,4.58,4.48,1642,745585.0,2.19,-0.66,-0.03,0.48
2006-02-28,600765,4.53,4.51,4.53,4.4,2986,1325631.0,2.87,-0.44,-0.02,0.87
2006-03-01,600765,4.48,4.51,4.55,4.47,2681,1208695.0,1.77,0.0,0.0,0.78
2006-03-02,600765,4.52,4.4,4.53,4.38,3171,1416285.0,3.33,-2.44,-0.11,0.92
2006-03-03,600765,4.45,4.4,4.45,4.33,1906,834672.0,2.73,0.0,0.0,0.55
2006-03-06,600765,4.4,4.38,4.42,4.35,1204,527656.0,1.59,-0.45,-0.02,0.35
2006-03-07,600765,4.37,4.24,4.4,4.24,3178,1371002.0,3.65,-3.2,-0.14,0.92
2006-03-08,600765,4.2,4.24,4.3,4.18,2108,892281.0,2.83,0.0,0.0,0.61
2006-03-09,600765,4.23,4.26,4.27,4.21,1543,654389.0,1.42,0.47,0.02,0.45
2006-03-10,600765,4.27,4.26,4.28,4.22,1056,448333.0,1.41,0.0,0.0,0.31
2006-03-13,600765,4.28,4.29,4.3,4.23,1103,470553.0,1.64,0.7,0.03,0.32
2006-03-14,600765,4.33,4.35,4.36,4.22,2210,954963.0,3.26,1.4,0.06,0.64
2006-03-15,600765,4.35,4.32,4.38,4.31,1415,617211.0,1.61,-0.69,-0.03,0.41
2006-03-16,600765,4.38,4.38,4.42,4.32,2253,988178.0,2.31,1.39,0.06,0.65
2006-03-17,600765,4.32,4.35,4.38,4.3,1127,488905.0,1.83,-0.68,-0.03,0.33
2006-03-20,600765,4.39,4.51,4.52,4.37,6310,2817009.0,3.45,3.68,0.16,1.83
2006-03-21,600765,4.56,4.57,4.59,4.49,5929,2698964.0,2.22,1.33,0.06,1.72
2006-03-22,600765,5.03,5.03,5.03,5.03,19914,10016777.0,0.0,10.07,0.46,5.78
2006-03-23,600765,5.53,5.53,5.53,5.53,14109,7802050.0,0.0,9.94,0.5,4.09
2006-03-24,600765,6.08,5.34,6.08,5.33,73979,42154574.0,13.56,-3.44,-0.19,21.46
2006-03-27,600765,4.81,5.69,5.8,4.81,35250,18759135.0,18.54,6.55,0.35,10.23
2006-03-28,600765,5.5,5.5,5.72,5.35,25091,13843407.0,6.5,-3.34,-0.19,7.28
2006-03-29,600765,5.43,5.34,5.5,5.34,13577,7318459.0,2.91,-2.91,-0.16,3.94
2006-03-30,600765,5.28,5.13,5.3,5.12,9855,5115284.0,3.37,-3.93,-0.21,2.86
2006-03-31,600765,5.05,5.2,5.26,5.05,5161,2691631.0,4.09,1.36,0.07,1.5
2006-04-03,600765,5.2,5.2,5.26,5.08,8348,4307084.0,3.46,0.0,0.0,2.42
2006-04-04,600765,5.2,5.36,5.54,5.1,13555,7260001.0,8.46,3.08,0.16,3.93
2006-04-05,600765,5.3,5.35,5.49,5.25,8582,4586006.0,4.48,-0.19,-0.01,2.49
2006-04-06,600765,5.35,5.77,5.89,5.28,32609,18368554.0,11.4,7.85,0.42,9.46
2006-04-07,600765,5.77,5.9,6.02,5.47,34191,19806866.0,9.53,2.25,0.13,9.92
2006-04-10,600765,5.86,5.77,5.86,5.63,14374,8281581.0,3.9,-2.2,-0.13,4.17
2006-04-11,600765,5.77,5.63,5.8,5.62,12985,7428240.0,3.12,-2.43,-0.14,3.77
2006-04-12,600765,5.6,5.66,5.77,5.5,6957,3954857.0,4.8,0.53,0.03,2.02
2006-04-13,600765,5.66,5.32,5.7,5.32,8197,4484428.0,6.71,-6.01,-0.34,2.38
2006-04-14,600765,5.3,5.45,5.48,5.26,5815,3110640.0,4.14,2.44,0.13,1.69
2006-04-17,600765,5.45,5.45,5.6,5.39,4494,2463154.0,3.85,0.0,0.0,1.3
2006-04-18,600765,5.44,5.48,5.57,5.43,4687,2575035.0,2.57,0.55,0.03,1.36
2006-04-19,600765,5.45,5.35,5.5,5.29,5809,3097064.0,3.83,-2.37,-0.13,1.68
2006-04-20,600765,5.37,5.19,5.37,5.17,5398,2829640.0,3.74,-2.99,-0.16,1.57
2006-04-21,600765,5.18,5.45,5.55,5.18,8248,4466087.0,7.13,5.01,0.26,2.39
2006-04-24,600765,5.44,5.26,5.45,5.21,5869,3096849.0,4.4,-3.49,-0.19,1.7
2006-04-25,600765,5.23,5.1,5.23,5.01,5040,2569631.0,4.18,-3.04,-0.16,1.46
2006-04-26,600765,5.1,5.2,5.28,5.08,4503,2329565.0,3.92,1.96,0.1,1.31
2006-04-27,600765,5.2,5.31,5.38,5.1,5429,2822762.0,5.38,2.12,0.11,1.57
2006-04-28,600765,5.2,5.38,5.42,5.12,7629,4083904.0,5.65,1.32,0.07,2.21
2006-05-18,600765,5.92,5.92,5.92,5.92,1221,722743.0,0.0,10.04,0.54,0.35
2006-05-19,600765,6.51,6.51,6.51,6.3,23159,15003959.0,3.55,9.97,0.59,6.72
2006-05-22,600765,6.51,6.89,7.05,6.45,33643,22997302.0,9.22,5.84,0.38,9.76
2006-05-23,600765,6.85,6.67,6.95,6.41,18584,12488193.0,7.84,-3.19,-0.22,5.39
2006-05-24,600765,6.77,6.4,6.92,6.1,13232,8586257.0,12.29,-4.05,-0.27,3.84
2006-05-25,600765,6.29,6.71,6.75,6.29,11823,7772262.0,7.19,4.84,0.31,3.43
2006-05-26,600765,6.75,7.34,7.38,6.65,21758,15188837.0,10.88,9.39,0.63,6.31
2006-05-29,600765,7.32,7.45,7.77,7.05,18802,13813349.0,9.81,1.5,0.11,5.45
2006-05-30,600765,7.46,7.68,7.82,7.3,20885,15932519.0,6.98,3.09,0.23,6.06
2006-05-31,600765,7.65,7.9,8.06,7.45,18128,14219160.0,7.94,2.86,0.22,5.26
2006-06-01,600765,7.91,8.19,8.5,7.91,33280,27374132.0,7.47,3.67,0.29,9.65
2006-06-20,600765,5.35,6.19,6.58,5.35,34437,21320254.0,15.02,-24.42,-2.0,7.68
2006-06-21,600765,6.09,5.82,6.09,5.66,23998,14097051.0,6.95,-5.98,-0.37,5.35
2006-06-22,600765,5.79,5.87,5.95,5.76,11211,6529330.0,3.26,0.86,0.05,2.5
2006-06-23,600765,5.85,5.83,5.94,5.53,9831,5694202.0,6.98,-0.68,-0.04,2.19
2006-06-26,600765,5.78,5.83,5.9,5.73,10592,6150152.0,2.92,0.0,0.0,2.36
2006-06-27,600765,5.87,6.27,6.38,5.78,22677,13607403.0,10.29,7.55,0.44,5.06
2006-06-28,600765,6.37,6.15,6.37,6.09,20539,12851492.0,4.47,-1.91,-0.12,4.58
2006-06-29,600765,6.2,6.45,6.48,6.18,30569,19404835.0,4.88,4.88,0.3,6.82
2006-06-30,600765,6.55,6.64,6.68,6.4,32522,21229183.0,4.34,2.95,0.19,7.25
2006-07-03,600765,6.69,6.93,6.98,6.6,34462,23539427.0,5.72,4.37,0.29,7.68
2006-07-04,600765,7.05,6.78,7.14,6.71,28021,19270013.0,6.2,-2.16,-0.15,6.25
2006-07-05,600765,6.81,6.57,6.85,6.35,17980,11735965.0,7.37,-3.1,-0.21,4.01
2006-07-06,600765,6.5,6.94,6.97,6.48,17398,11858836.0,7.46,5.63,0.37,3.88
2006-07-07,600765,7.22,6.98,7.22,6.74,28990,20283288.0,6.92,0.58,0.04,6.46
2006-07-10,600765,6.96,7.16,7.3,6.78,24119,17109596.0,7.45,2.58,0.18,5.38
2006-07-11,600765,7.11,7.26,7.35,7.05,15194,11010115.0,4.19,1.4,0.1,3.39
2006-07-12,600765,7.28,7.3,7.44,7.09,21175,15346055.0,4.82,0.55,0.04,4.72
2006-07-13,600765,7.3,6.57,7.3,6.57,17363,11837880.0,10.0,-10.0,-0.73,3.87
2006-07-14,600765,6.47,6.32,6.58,6.05,17004,10761719.0,8.07,-3.81,-0.25,3.79
2006-07-17,600765,6.1,6.57,6.58,6.1,9574,6136645.0,7.59,3.96,0.25,2.13
2006-07-18,600765,6.55,6.45,6.57,6.3,10709,6864409.0,4.11,-1.83,-0.12,2.39
2006-07-19,600765,6.45,6.19,6.45,6.12,8847,5494318.0,5.12,-4.03,-0.26,1.97
2006-07-20,600765,6.19,6.24,6.32,6.08,4825,2993789.0,3.88,0.81,0.05,1.08
2006-07-21,600765,6.34,6.22,6.34,6.16,2983,1852676.0,2.88,-0.32,-0.02,0.67
2006-07-24,600765,6.17,6.21,6.25,6.05,5425,3305414.0,3.22,-0.16,-0.01,1.21
2006-07-25,600765,6.21,6.27,6.35,6.21,3462,2176528.0,2.25,0.97,0.06,0.77
2006-07-26,600765,6.35,6.3,6.35,6.18,5479,3426186.0,2.71,0.48,0.03,1.22
2006-07-27,600765,6.3,6.15,6.31,6.11,5208,3220262.0,3.17,-2.38,-0.15,1.16
2006-07-28,600765,6.16,6.0,6.2,5.86,7384,4416754.0,5.53,-2.44,-0.15,1.65
2006-07-31,600765,6.0,5.73,6.01,5.62,5362,3073981.0,6.5,-4.5,-0.27,1.2
2006-08-01,600765,5.78,5.88,5.94,5.5,15038,8729249.0,7.68,2.62,0.15,3.35
2006-08-02,600765,6.05,6.36,6.45,6.05,33923,21302613.0,6.8,8.16,0.48,7.56
2006-08-03,600765,6.27,6.12,6.39,6.06,11365,7065430.0,5.19,-3.77,-0.24,2.53
2006-08-04,600765,6.06,5.68,6.17,5.62,10622,6217692.0,8.99,-7.19,-0.44,2.37
2006-08-07,600765,5.65,5.15,5.65,5.11,8378,4479671.0,9.51,-9.33,-0.53,1.87
2006-08-08,600765,5.03,5.35,5.42,5.03,6607,3444571.0,7.57,3.88,0.2,1.47
2006-08-09,600765,5.35,5.14,5.35,5.1,5172,2700708.0,4.67,-3.93,-0.21,1.15
2006-08-10,600765,5.25,5.38,5.41,5.18,7700,4077899.0,4.47,4.67,0.24,1.72
2006-08-11,600765,5.36,5.38,5.5,5.28,7028,3762106.0,4.09,0.0,0.0,1.57
2006-08-14,600765,5.35,5.14,5.39,5.06,5942,3090280.0,6.13,-4.46,-0.24,1.32
2006-08-15,600765,5.13,5.2,5.22,5.09,4279,2208262.0,2.53,1.17,0.06,0.95
2006-08-16,600765,5.2,5.35,5.36,5.16,4300,2270981.0,3.85,2.88,0.15,0.96
2006-08-17,600765,5.45,5.89,5.89,5.4,10243,5924570.0,9.16,10.09,0.54,2.28
2006-08-18,600765,6.13,6.02,6.3,5.92,38902,23732803.0,6.45,2.21,0.13,8.67
2006-08-21,600765,5.61,5.99,6.05,5.6,10224,5956189.0,7.48,-0.5,-0.03,2.28
2006-08-22,600765,5.87,6.06,6.15,5.85,12364,7451298.0,5.01,1.17,0.07,2.76
2006-08-23,600765,6.16,5.9,6.16,5.9,5565,3325014.0,4.29,-2.64,-0.16,1.24
2006-08-24,600765,5.85,5.95,5.96,5.76,7587,4439026.0,3.39,0.85,0.05,1.69
2006-08-25,600765,6.0,6.07,6.1,5.85,11635,6971766.0,4.2,2.02,0.12,2.59
2006-08-28,600765,6.37,6.59,6.68,6.37,50708,33411684.0,5.11,8.57,0.52,11.31
2006-08-29,600765,6.35,6.41,6.62,6.35,30873,19970376.0,4.1,-2.73,-0.18,6.88
2006-08-30,600765,6.31,6.45,6.6,6.31,12922,8354591.0,4.52,0.62,0.04,2.88
2006-08-31,600765,6.4,6.93,7.09,6.38,35707,23904006.0,11.01,7.44,0.48,7.96
2006-09-01,600765,6.91,6.71,6.95,6.59,18423,12346606.0,5.19,-3.17,-0.22,4.11
2006-09-04,600765,6.65,6.86,7.07,6.65,22013,15173920.0,6.26,2.24,0.15,4.91
2006-09-05,600765,6.83,6.78,6.92,6.75,13235,9012228.0,2.48,-1.17,-0.08,2.95
2006-09-06,600765,6.75,6.65,6.8,6.58,10728,7144841.0,3.24,-1.92,-0.13,2.39
2006-09-07,600765,6.7,6.38,6.7,6.31,8968,5767136.0,5.86,-4.06,-0.27,2.0
2006-09-08,600765,6.35,6.54,6.7,6.35,10527,6930636.0,5.49,2.51,0.16,2.35
2006-09-11,600765,6.52,6.51,6.65,6.39,4645,3020177.0,3.98,-0.46,-0.03,1.04
2006-09-12,600765,6.51,6.5,6.59,6.49,5706,3720746.0,1.54,-0.15,-0.01,1.27
2006-09-13,600765,6.56,6.47,6.65,6.42,4986,3248234.0,3.54,-0.46,-0.03,1.11
2006-09-14,600765,6.43,6.62,6.65,6.31,10239,6604132.0,5.26,2.32,0.15,2.28
2006-09-15,600765,6.57,6.87,6.92,6.53,18427,12497383.0,5.89,3.78,0.25,4.11
2006-09-18,600765,6.82,6.96,7.07,6.81,19898,13845319.0,3.78,1.31,0.09,4.44
2006-09-19,600765,7.03,7.66,7.66,7.03,65203,48608621.0,9.05,10.06,0.7,14.54
2006-09-20,600765,7.65,7.9,8.35,7.58,38535,30330496.0,10.05,3.13,0.24,8.59
2006-09-21,600765,7.83,7.81,7.93,7.66,17445,13587280.0,3.42,-1.14,-0.09,3.89
2006-09-22,600765,7.88,8.41,8.58,7.88,37941,31628043.0,8.96,7.68,0.6,8.46
2006-09-25,600765,8.5,8.74,8.78,8.15,28925,24780202.0,7.49,3.92,0.33,6.45
2006-09-26,600765,8.68,9.22,9.31,8.5,46639,41551572.0,9.27,5.49,0.48,10.4
2006-09-27,600765,9.09,10.14,10.14,9.09,72091,71624242.0,11.39,9.98,0.92,16.07
2006-09-28,600765,10.2,10.0,10.64,9.87,41777,43052269.0,7.59,-1.38,-0.14,9.31
2006-09-29,600765,10.0,10.66,10.72,10.0,30920,32382133.0,7.2,6.6,0.66,6.89
2006-10-09,600765,11.73,11.73,11.73,11.1,40083,46728824.0,5.91,10.04,1.07,8.94
2006-10-10,600765,12.17,12.9,12.9,11.8,63274,77430157.0,9.38,9.97,1.17,14.11
2006-11-08,600765,14.19,12.5,14.19,11.82,39427,50428790.0,18.37,-3.1,-0.4,8.79
2006-11-09,600765,12.21,11.87,12.21,11.4,33006,38959403.0,6.48,-5.04,-0.63,7.36
2006-11-10,600765,11.96,11.77,11.96,11.43,17252,20119443.0,4.47,-0.84,-0.1,3.85
2006-11-13,600765,11.56,11.67,12.35,11.2,20982,24849275.0,9.77,-0.85,-0.1,4.68
2006-11-14,600765,11.5,10.79,11.59,10.5,26262,28594602.0,9.34,-7.54,-0.88,5.86
2006-11-15,600765,10.73,10.79,10.95,10.6,12198,13159686.0,3.24,0.0,0.0,2.72
2006-11-16,600765,10.73,10.35,10.77,10.25,15658,16307065.0,4.82,-4.08,-0.44,3.49
2006-11-17,600765,10.33,10.37,10.68,10.2,17209,17913831.0,4.64,0.19,0.02,3.84
2006-11-20,600765,10.39,10.48,10.51,9.91,17744,18012088.0,5.79,1.06,0.11,3.96
2006-11-21,600765,10.39,10.58,10.7,10.1,14079,14746105.0,5.73,0.95,0.1,3.14
2006-11-22,600765,10.51,10.52,10.9,10.43,13613,14424662.0,4.44,-0.57,-0.06,3.04
2006-11-23,600765,10.33,10.36,10.5,10.15,8847,9103769.0,3.33,-1.52,-0.16,1.97
2006-11-24,600765,10.3,10.39,10.45,10.15,6806,7010031.0,2.9,0.29,0.03,1.52
2006-11-27,600765,10.39,11.35,11.43,10.25,29863,32948005.0,11.36,9.24,0.96,6.66
2006-11-28,600765,11.37,11.16,11.46,11.0,18736,20928868.0,4.05,-1.67,-0.19,4.18
2006-11-29,600765,11.0,11.22,11.34,10.78,12746,14239118.0,5.02,0.54,0.06,2.84
2006-11-30,600765,11.22,11.65,11.65,10.98,14955,17135654.0,5.97,3.83,0.43,3.33
2006-12-01,600765,11.6,12.0,12.0,11.48,17826,21092013.0,4.46,3.0,0.35,3.97
2006-12-04,600765,12.01,12.08,12.5,11.86,21661,26343409.0,5.33,0.67,0.08,4.83
2006-12-05,600765,12.09,11.63,12.24,11.5,20338,23896427.0,6.13,-3.73,-0.45,4.53
2006-12-06,600765,11.54,11.0,11.63,10.75,22974,25410000.0,7.57,-5.42,-0.63,5.12
2006-12-07,600765,11.0,10.69,11.0,10.37,15721,16699961.0,5.73,-2.82,-0.31,3.51
2006-12-08,600765,10.21,10.38,10.7,10.2,4425,4648875.0,4.68,-2.9,-0.31,0.99
2006-12-11,600765,10.38,10.81,10.82,10.02,4182,4438102.0,7.71,4.14,0.43,0.93
2006-12-12,600765,10.82,10.87,10.99,10.53,3842,4145121.0,4.26,0.56,0.06,0.86
2006-12-13,600765,10.88,10.68,10.88,10.38,4314,4557279.0,4.6,-1.75,-0.19,0.96
2006-12-15,600765,10.78,11.17,11.29,10.7,15338,16910424.0,5.52,4.59,0.49,3.42
2006-12-18,600765,11.2,11.27,11.4,10.96,13710,15350334.0,3.94,0.9,0.1,3.06
2006-12-19,600765,11.35,11.1,11.63,10.98,13226,14863451.0,5.77,-1.51,-0.17,2.95
2006-12-20,600765,10.99,11.33,11.58,10.9,16999,19296200.0,6.13,2.07,0.23,3.79
2006-12-21,600765,11.3,10.61,11.48,10.6,17480,18981722.0,7.77,-6.35,-0.72,3.9
2006-12-22,600765,10.47,10.65,10.68,10.38,5797,6076000.0,2.83,0.38,0.04,1.29
2006-12-25,600765,10.6,10.49,10.75,10.38,6859,7211426.0,3.47,-1.5,-0.16,1.53
2006-12-26,600765,10.42,10.3,10.49,10.25,4813,4970548.0,2.29,-1.81,-0.19,1.07
2006-12-27,600765,10.2,10.3,10.79,9.99,5891,6108035.0,7.77,0.0,0.0,1.31
2006-12-28,600765,10.3,10.31,10.66,10.25,7153,7500107.0,3.98,0.1,0.01,1.59
2006-12-29,600765,10.32,10.31,10.57,10.24,6381,6582297.0,3.2,0.0,0.0,1.42
2007-01-04,600765,10.28,9.76,10.35,9.71,13349,13232107.0,6.21,-5.33,-0.55,2.98
2007-01-05,600765,9.7,10.0,10.4,9.55,8003,7981176.0,8.71,2.46,0.24,1.78
2007-01-08,600765,9.88,10.43,10.45,9.88,17955,18505390.0,5.7,4.3,0.43,4.0
2007-01-09,600765,10.5,10.76,10.78,10.2,15758,16770521.0,5.56,3.16,0.33,3.51
2007-01-10,600765,10.8,11.31,11.5,10.71,30315,34070026.0,7.34,5.11,0.55,6.76
2007-01-11,600765,11.31,11.7,11.99,11.31,29167,34183629.0,6.01,3.45,0.39,6.5
2007-01-12,600765,11.8,10.94,11.9,10.9,21438,24621103.0,8.55,-6.5,-0.76,4.78
2007-01-15,600765,10.93,11.49,11.5,10.72,11746,13252681.0,7.13,5.03,0.55,2.62
2007-01-16,600765,11.69,12.5,12.5,11.51,45383,54613945.0,8.62,8.79,1.01,10.12
2007-01-17,600765,12.56,13.2,13.5,12.56,40605,53255133.0,7.52,5.6,0.7,9.05
2007-01-18,600765,13.3,13.23,13.65,12.68,23413,31127951.0,7.35,0.23,0.03,5.22
2007-01-19,600765,13.3,13.34,13.88,13.21,18597,25133941.0,5.06,0.83,0.11,4.15
2007-01-22,600765,13.5,13.52,13.69,12.8,29066,38460838.0,6.67,1.35,0.18,6.48
2007-01-23,600765,13.52,13.08,13.52,12.5,15893,20726932.0,7.54,-3.25,-0.44,3.54
2007-01-24,600765,13.13,13.14,13.4,12.6,19738,25914597.0,6.12,0.46,0.06,4.4
2007-01-25,600765,13.12,12.28,13.12,12.25,15977,20050833.0,6.62,-6.54,-0.86,3.56
2007-01-26,600765,12.2,12.5,12.59,11.87,15614,19176380.0,5.86,1.79,0.22,3.48
2007-01-29,600765,12.7,13.01,13.04,12.42,17985,23012303.0,4.96,4.08,0.51,4.01
2007-01-30,600765,12.96,14.31,14.31,12.73,45092,62278842.0,12.14,9.99,1.3,10.05
2007-01-31,600765,14.55,14.5,15.68,14.09,41018,61564101.0,11.11,1.33,0.19,9.15
2007-02-01,600765,14.2,14.36,14.59,13.4,18042,25407127.0,8.21,-0.97,-0.14,4.02
2007-02-02,600765,14.3,14.52,15.0,14.12,20699,30465785.0,6.13,1.11,0.16,4.62
2007-02-05,600765,14.72,15.56,15.65,14.6,21968,33211784.0,7.23,7.16,1.04,4.9
2007-02-06,600765,15.6,15.78,16.18,15.02,18859,29434775.0,7.46,1.41,0.22,4.2
2007-02-07,600765,16.08,15.99,16.1,15.28,25662,40300861.0,5.2,1.33,0.21,5.72
2007-02-08,600765,15.8,16.55,17.3,15.8,29476,49474710.0,9.38,3.5,0.56,6.57
2007-02-09,600765,16.89,18.2,18.21,16.3,33919,59145102.0,11.54,9.97,1.65,7.56
2007-02-12,600765,18.7,17.85,18.7,17.5,22654,40494999.0,6.59,-1.92,-0.35,5.05
2007-02-13,600765,17.35,17.55,17.99,17.18,16643,29041572.0,4.54,-1.68,-0.3,3.71
2007-02-14,600765,17.6,17.43,17.6,17.19,13740,23863996.0,2.34,-0.68,-0.12,3.06
2007-02-15,600765,17.44,17.53,17.79,17.1,24280,42343009.0,3.96,0.57,0.1,5.41
2007-02-16,600765,17.65,17.7,18.39,17.23,16679,29741338.0,6.62,0.97,0.17,3.72
2007-02-26,600765,17.7,18.5,18.66,17.1,19992,35975752.0,8.81,4.52,0.8,4.46
2007-02-27,600765,18.45,16.65,19.4,16.65,22625,40533628.0,14.86,-10.0,-1.85,5.04
2007-02-28,600765,16.0,17.25,17.3,15.95,15298,25506895.0,8.11,3.6,0.6,3.41
2007-03-01,600765,17.28,16.69,17.56,16.3,13798,22966758.0,7.3,-3.25,-0.56,3.08
2007-03-02,600765,16.67,17.86,17.89,16.65,19841,34538292.0,7.43,7.01,1.17,4.42
2007-03-05,600765,17.65,17.33,18.17,16.45,15669,27020460.0,9.63,-2.97,-0.53,3.49
2007-03-06,600765,17.05,17.03,17.5,16.68,7756,13248578.0,4.73,-1.73,-0.3,1.73
2007-03-07,600765,17.0,17.05,17.48,17.0,9035,15498554.0,2.82,0.12,0.02,2.01
2007-03-08,600765,17.07,17.67,18.16,17.07,13200,23484213.0,6.39,3.64,0.62,2.94
2007-03-09,600765,17.9,16.95,17.99,16.7,18497,31583454.0,7.3,-4.07,-0.72,4.12
2007-03-12,600765,16.94,16.6,17.25,16.35,21806,36138160.0,5.31,-2.06,-0.35,4.86
2007-03-13,600765,16.6,16.69,16.7,16.32,12002,19799687.0,2.29,0.54,0.09,2.68
2007-03-14,600765,16.65,16.9,17.14,16.08,12449,20631181.0,6.35,1.26,0.21,2.78
2007-03-15,600765,16.9,16.83,17.5,16.47,10288,17402228.0,6.09,-0.41,-0.07,2.29
2007-03-16,600765,16.9,17.16,17.69,16.8,19595,33777745.0,5.29,1.96,0.33,4.37
2007-03-19,600765,16.7,17.4,17.53,16.5,14318,24677917.0,6.0,1.4,0.24,3.19
2007-03-20,600765,17.59,17.51,17.59,17.06,15012,25980928.0,3.05,0.63,0.11,3.35
2007-03-21,600765,17.52,18.22,18.38,17.21,20222,35982637.0,6.68,4.05,0.71,4.51
2007-03-22,600765,18.29,18.56,19.4,17.87,25926,48864935.0,8.4,1.87,0.34,5.78
2007-03-23,600765,18.5,18.37,19.0,18.1,12771,23611856.0,4.85,-1.02,-0.19,2.85
2007-03-26,600765,18.45,18.95,19.0,18.45,14331,26860961.0,2.99,3.16,0.58,3.2
2007-03-27,600765,19.0,18.93,19.5,18.71,12723,24287886.0,4.17,-0.11,-0.02,2.84
2007-03-28,600765,18.91,18.45,19.49,17.1,16635,30576378.0,12.63,-2.54,-0.48,3.71
2007-03-29,600765,18.2,18.0,18.98,17.91,11998,21999020.0,5.8,-2.44,-0.45,2.68
2007-03-30,600765,17.9,17.69,18.1,17.5,8901,15850046.0,3.33,-1.72,-0.31,1.98
2007-04-02,600765,17.4,17.73,17.9,17.4,6603,11672162.0,2.83,0.23,0.04,1.47
2007-04-03,600765,17.73,18.14,18.3,17.73,8846,15920038.0,3.21,2.31,0.41,1.97
2007-04-04,600765,18.02,18.66,18.9,18.0,11753,21763246.0,4.96,2.87,0.52,2.62
2007-04-05,600765,18.28,18.67,18.8,18.28,8424,15677082.0,2.79,0.05,0.01,1.88
2007-04-06,600765,18.67,18.43,18.68,18.38,9313,17181076.0,1.61,-1.29,-0.24,2.08
2007-04-09,600765,18.45,20.27,20.27,18.45,36450,73052138.0,9.88,9.98,1.84,8.13
2007-04-10,600765,20.5,21.49,22.0,20.0,35272,74043324.0,9.87,6.02,1.22,7.86
2007-04-11,600765,21.75,23.64,23.64,21.21,29644,67111572.0,11.31,10.0,2.15,6.61
2007-04-13,600765,26.0,26.0,26.0,23.64,15742,40910990.0,9.98,9.98,2.36,3.51
2007-04-16,600765,27.98,27.26,28.6,26.3,45862,125645590.0,8.85,4.85,1.26,10.23
2007-04-17,600765,27.3,26.21,27.5,25.45,36479,95044287.0,7.52,-3.85,-1.05,8.13
2007-04-18,600765,26.0,27.14,28.0,25.82,23236,61914155.0,8.32,3.55,0.93,5.18
2007-04-19,600765,27.0,28.26,29.07,27.0,26180,73580407.0,7.63,4.13,1.12,5.84
2007-04-20,600765,29.0,31.09,31.09,29.0,8751,27074089.0,7.4,10.01,2.83,1.95
2007-04-23,600765,34.18,33.84,34.2,31.67,31380,104570025.0,8.14,8.85,2.75,7.0
2007-04-26,600765,36.68,31.69,36.68,31.0,27007,88543493.0,16.78,-6.35,-2.15,6.02
2007-04-27,600765,31.45,31.93,32.19,30.85,14887,46690502.0,4.23,0.76,0.24,3.32
2007-04-30,600765,31.93,31.28,32.25,31.0,11969,37906501.0,3.91,-2.04,-0.65,2.67
2007-05-08,600765,31.29,32.24,33.8,28.97,18775,56738221.0,15.44,3.07,0.96,4.19
2007-05-09,600765,31.21,31.4,32.8,30.28,9205,28799912.0,7.82,-2.61,-0.84,2.05
2007-05-10,600765,31.0,30.04,31.52,28.5,9699,29091362.0,9.62,-4.33,-1.36,2.16
2007-05-11,600765,29.9,30.6,30.79,29.01,14579,43847104.0,5.93,1.86,0.56,3.25
2007-05-15,600765,30.61,29.32,32.0,29.15,10550,31965384.0,9.31,-4.18,-1.28,2.35
2007-05-16,600765,28.82,29.1,30.02,28.0,8002,23093434.0,6.89,-0.75,-0.22,1.78
2007-05-17,600765,29.0,30.3,30.99,28.95,9335,28367587.0,7.01,4.12,1.2,2.08
2007-05-18,600765,30.3,33.33,33.33,30.3,19463,63713521.0,10.0,10.0,3.03,4.34
2007-05-21,600765,33.4,34.33,35.87,32.5,17070,58736574.0,10.11,3.0,1.0,3.81
2007-05-22,600765,34.18,33.0,34.45,32.6,13826,46003516.0,5.39,-3.87,-1.33,3.08
2007-05-23,600765,33.0,32.99,33.86,32.9,10786,35835035.0,2.91,-0.03,-0.01,2.41
2007-05-24,600765,33.05,34.49,34.96,32.8,23049,77061023.0,6.55,4.55,1.5,5.14
2007-05-25,600765,34.3,37.9,37.94,33.5,23680,86765898.0,12.87,9.89,3.41,5.28
2007-05-28,600765,38.28,38.12,40.0,37.6,22155,86393321.0,6.33,0.58,0.22,4.94
2007-05-29,600765,38.38,38.67,38.83,36.6,21933,82221705.0,5.85,1.44,0.55,4.89
2007-05-30,600765,35.6,34.76,38.1,34.76,24212,87818828.0,8.64,-10.11,-3.91,5.4
2007-05-31,600765,34.0,35.93,36.79,34.0,23771,83610677.0,8.03,3.37,1.17,5.3
2007-06-01,600765,37.0,35.28,37.38,34.2,11412,41400659.0,8.85,-1.81,-0.65,2.54
2007-06-04,600765,35.28,33.0,35.61,32.3,19291,64247406.0,9.38,-6.46,-2.28,4.3
2007-06-05,600765,32.05,33.24,34.0,29.91,14906,47957224.0,12.39,0.73,0.24,3.32
2007-06-06,600765,33.4,34.78,35.4,32.5,7277,24788456.0,8.72,4.63,1.54,1.62
2007-06-07,600765,34.95,37.13,37.9,34.81,10804,39786480.0,8.88,6.76,2.35,2.41
2007-06-08,600765,38.0,38.09,38.55,37.11,11191,42544366.0,3.88,2.59,0.96,2.5
2007-06-11,600765,38.09,38.6,41.01,38.09,10552,41351781.0,7.67,1.34,0.51,2.35
2007-06-12,600765,39.0,38.29,39.0,37.0,11142,42318663.0,5.18,-0.8,-0.31,2.48
2007-06-13,600765,38.1,38.9,39.98,37.8,7823,30621128.0,5.69,1.59,0.61,1.74
2007-06-14,600765,39.0,38.1,39.0,38.0,7264,27827234.0,2.57,-2.06,-0.8,1.62
2007-06-15,600765,37.52,38.0,39.0,37.52,5406,20656492.0,3.88,-0.26,-0.1,1.21
2007-06-18,600765,38.5,40.6,40.99,38.1,13247,52880885.0,7.61,6.84,2.6,2.95
2007-06-19,600765,40.59,40.2,41.9,39.51,7251,29512084.0,5.89,-0.99,-0.4,1.62
2007-06-20,600765,40.15,38.29,40.57,38.08,7604,29758663.0,6.19,-4.75,-1.91,1.7
2007-06-21,600765,38.41,38.68,39.85,38.0,4326,16639681.0,4.83,1.02,0.39,0.96
2007-06-22,600765,38.25,37.74,39.0,36.5,4917,18503627.0,6.46,-2.43,-0.94,1.1
2007-06-25,600765,38.49,37.82,40.0,37.01,9365,36351824.0,7.92,0.21,0.08,2.09
2007-06-26,600765,36.77,38.5,38.96,36.0,6078,23198557.0,7.83,1.8,0.68,1.36
2007-06-27,600765,38.48,38.91,38.99,37.9,6801,26253121.0,2.83,1.06,0.41,1.52
2007-06-28,600765,39.84,38.59,41.0,38.56,9337,37320826.0,6.27,-0.82,-0.32,2.08
2007-06-29,600765,36.9,35.25,37.99,35.0,9521,34507449.0,7.75,-8.66,-3.34,2.12
2007-07-02,600765,35.0,33.44,35.95,32.04,6173,20806273.0,11.09,-5.13,-1.81,1.38
2007-07-03,600765,33.7,34.51,35.2,33.7,5879,20458020.0,4.49,3.2,1.07,1.31
2007-07-04,600765,34.5,34.44,35.19,34.0,2064,7114424.0,3.45,-0.2,-0.07,0.46
2007-07-05,600765,33.5,31.0,34.25,31.0,3892,12547034.0,9.44,-9.99,-3.44,0.87
2007-07-06,600765,30.5,31.85,32.0,29.29,9133,27795346.0,8.74,2.74,0.85,2.04
2007-07-09,600765,32.0,35.04,35.04,32.0,7239,24334216.0,9.54,10.02,3.19,1.61
2007-07-10,600765,35.97,35.26,36.68,34.51,8223,29373151.0,6.19,0.63,0.22,1.83
2007-07-11,600765,35.1,35.96,36.5,34.45,3706,13261784.0,5.81,1.99,0.7,0.83
2007-07-12,600765,36.8,36.08,36.8,35.51,1985,7128755.0,3.59,0.33,0.12,0.44
2007-07-13,600765,35.08,35.8,36.4,35.06,1350,4811688.0,3.71,-0.78,-0.28,0.3
2007-07-16,600765,36.58,35.18,39.0,35.0,9665,35507115.0,11.17,-1.73,-0.62,2.16
2007-07-17,600765,35.25,34.9,35.25,32.88,4406,15110523.0,6.74,-0.8,-0.28,0.98
2007-07-18,600765,35.0,35.25,35.5,34.51,2512,8814907.0,2.84,1.0,0.35,0.56
2007-07-19,600765,34.8,34.95,35.6,34.8,1749,6151364.0,2.27,-0.85,-0.3,0.39
2007-07-20,600765,35.3,35.4,36.08,34.4,5259,18627742.0,4.81,1.29,0.45,1.17
2007-07-23,600765,35.2,37.1,37.1,35.2,6987,25587452.0,5.37,4.8,1.7,1.56
2007-07-24,600765,37.9,36.56,38.0,36.53,6114,22700308.0,3.96,-1.46,-0.54,1.36
2007-07-25,600765,36.5,37.45,37.58,36.0,6567,24379643.0,4.32,2.43,0.89,1.46
2007-07-26,600765,37.66,38.23,38.5,37.0,9779,37027217.0,4.01,2.08,0.78,2.18
2007-07-27,600765,37.99,37.56,38.5,35.78,7596,28472472.0,7.11,-1.75,-0.67,1.69
2007-07-30,600765,37.4,38.01,38.33,37.0,7670,28918996.0,3.54,1.2,0.45,1.71
2007-07-31,600765,37.76,38.82,39.49,37.75,10825,42203253.0,4.58,2.13,0.81,2.41
2007-08-01,600765,39.15,37.29,39.88,36.8,8572,32882005.0,7.93,-3.94,-1.53,1.91
2007-08-02,600765,37.95,38.2,38.5,37.18,7904,30011675.0,3.54,2.44,0.91,1.76
2007-08-03,600765,38.42,42.02,42.02,38.05,19330,78930744.0,10.39,10.0,3.82,4.31
2007-08-06,600765,43.0,40.99,44.0,40.64,16605,70035939.0,8.0,-2.45,-1.03,3.7
2007-08-07,600765,40.91,43.74,44.8,40.9,15593,66558440.0,9.51,6.71,2.75,3.48
2007-08-08,600765,42.5,44.28,45.88,42.5,11616,51414524.0,7.73,1.23,0.54,2.59
2007-08-09,600765,43.88,44.43,45.6,43.5,8755,39340405.0,4.74,0.34,0.15,1.95
2007-08-10,600765,44.06,40.83,44.3,40.5,11459,47864964.0,8.55,-8.1,-3.6,2.55
2007-08-13,600765,39.95,38.53,39.98,37.2,16448,63208625.0,6.81,-5.63,-2.3,3.67
2007-08-14,600765,40.0,39.59,40.09,38.7,4709,18559076.0,3.61,2.75,1.06,1.05
2007-08-15,600765,39.59,39.12,40.18,38.6,4950,19412437.0,3.99,-1.19,-0.47,1.1
2007-08-16,600765,39.0,40.76,40.8,38.45,4946,19758267.0,6.01,4.19,1.64,1.1
2007-08-17,600765,39.8,40.7,41.6,39.8,6226,25612432.0,4.42,-0.15,-0.06,1.39
2007-08-20,600765,41.69,42.5,43.0,41.01,5134,21400164.0,4.89,4.42,1.8,1.14
2007-08-21,600765,42.5,41.75,43.39,41.6,3745,15671060.0,4.21,-1.76,-0.75,0.83
2007-08-22,600765,41.31,41.16,42.59,41.0,4124,17113947.0,3.81,-1.41,-0.59,0.92
2007-08-23,600765,41.0,42.34,42.48,38.0,12945,51919718.0,10.88,2.87,1.18,2.89
2007-08-24,600765,41.98,43.23,43.8,41.51,8016,34357593.0,5.41,2.1,0.89,1.79
2007-08-27,600765,43.5,41.6,43.8,41.27,7681,32174913.0,5.85,-3.77,-1.63,1.71
2007-08-28,600765,41.0,40.0,41.8,40.0,9199,37193846.0,4.33,-3.85,-1.6,2.05
2007-08-29,600765,40.0,41.03,41.77,39.0,5389,22040722.0,6.93,2.58,1.03,1.2
2007-08-30,600765,40.12,41.49,41.98,40.12,5874,24223595.0,4.53,1.12,0.46,1.31
2007-08-31,600765,42.32,40.94,42.32,40.66,4538,18611092.0,4.0,-1.33,-0.55,1.01
2007-09-03,600765,40.94,41.2,41.6,40.41,5003,20507265.0,2.91,0.64,0.26,1.12
2007-09-04,600765,41.2,44.2,45.0,40.65,11860,51110017.0,10.56,7.28,3.0,2.64
2007-09-05,600765,44.05,45.7,45.77,42.8,11805,52864407.0,6.72,3.39,1.5,2.63
2007-09-06,600765,45.9,48.5,49.96,45.0,9375,45122195.0,10.85,6.13,2.8,2.09
2007-09-07,600765,48.0,48.91,49.9,47.51,8372,40474391.0,4.93,0.85,0.41,1.87
2007-09-10,600765,48.0,49.66,53.8,48.0,4949,24636524.0,11.86,1.53,0.75,1.1
2007-09-11,600765,50.0,47.69,51.0,45.0,7917,38824142.0,12.08,-3.97,-1.97,1.77
2007-09-12,600765,47.49,46.73,52.0,45.5,7865,36590669.0,13.63,-2.01,-0.96,1.75
2007-09-13,600765,46.7,47.5,48.0,46.7,2794,13234906.0,2.78,1.65,0.77,0.62
2007-09-14,600765,47.5,48.98,49.6,47.0,7902,38166315.0,5.47,3.12,1.48,1.76
2007-09-17,600765,48.5,50.2,50.99,48.0,6785,33807110.0,6.1,2.49,1.22,1.51
2007-09-18,600765,50.1,46.92,51.12,46.35,13414,64809111.0,9.5,-6.53,-3.28,2.99
2007-09-19,600765,46.92,47.09,49.0,45.0,7729,35935350.0,8.53,0.36,0.17,1.72
2007-09-20,600765,46.78,45.96,47.51,45.3,3568,16406300.0,4.69,-2.4,-1.13,0.8
2007-09-21,600765,46.2,45.39,46.2,44.5,4107,18484359.0,3.7,-1.24,-0.57,0.92
2007-09-24,600765,46.45,46.31,47.35,44.5,4684,21467010.0,6.28,2.03,0.92,1.04
2007-09-25,600765,46.5,43.86,46.5,43.0,6780,30283921.0,7.56,-5.29,-2.45,1.51
2007-09-26,600765,43.88,43.35,44.88,42.6,3218,13933471.0,5.2,-1.16,-0.51,0.72
2007-09-27,600765,43.02,43.44,43.98,43.02,2144,9301466.0,2.21,0.21,0.09,0.48
2007-09-28,600765,45.0,44.97,45.02,44.03,3268,14622371.0,2.28,3.52,1.53,0.73
2007-10-08,600765,46.0,44.61,46.0,43.02,6479,29234208.0,6.63,-0.8,-0.36,1.44
2007-10-09,600765,44.05,44.61,45.02,43.5,3807,16794911.0,3.41,0.0,0.0,0.85
2007-10-10,600765,45.76,47.0,48.49,45.76,11508,54270099.0,6.12,5.36,2.39,2.57
2007-10-11,600765,46.2,46.12,48.0,46.0,3578,16762688.0,4.26,-1.87,-0.88,0.8
2007-10-12,600765,46.12,45.2,46.85,42.18,4921,21788155.0,10.13,-1.99,-0.92,1.1
2007-10-15,600765,45.19,43.94,45.19,43.0,3153,13843811.0,4.85,-2.79,-1.26,0.7
2007-10-16,600765,43.72,44.14,45.15,43.72,1906,8460788.0,3.25,0.46,0.2,0.42
2007-10-17,600765,44.97,43.93,44.97,42.83,5609,24577161.0,4.85,-0.48,-0.21,1.25
2007-10-18,600765,44.0,42.57,44.2,41.02,5504,23391297.0,7.24,-3.1,-1.36,1.23
2007-10-19,600765,42.68,44.21,45.02,42.2,7766,34217566.0,6.62,3.85,1.64,1.73
2007-10-22,600765,44.21,44.52,47.19,44.21,6957,31963658.0,6.74,0.7,0.31,1.55
2007-10-23,600765,44.02,44.0,45.04,43.0,1873,8256953.0,4.58,-1.17,-0.52,0.42
2007-10-24,600765,44.0,44.04,44.58,43.35,1692,7432975.0,2.8,0.09,0.04,0.38
2007-10-25,600765,44.4,41.2,45.4,41.03,3253,14116287.0,9.92,-6.45,-2.84,0.73
2007-10-26,600765,40.55,39.8,42.8,38.0,2817,11284415.0,11.65,-3.4,-1.4,0.63
2007-10-29,600765,40.17,42.25,43.25,40.1,7115,30130253.0,7.91,6.16,2.45,1.59
2007-10-31,600765,46.48,43.62,46.48,43.58,7576,34171150.0,6.86,3.24,1.37,1.69
2007-11-01,600765,43.3,41.0,44.0,40.0,7430,30509151.0,9.17,-6.01,-2.62,1.66
2007-11-02,600765,40.12,39.04,40.4,38.6,5719,22329208.0,4.39,-4.78,-1.96,1.28
2007-11-05,600765,38.06,38.22,39.58,36.0,3588,13685582.0,9.17,-2.1,-0.82,0.8
2007-11-06,600765,38.22,37.0,38.39,36.1,2864,10578773.0,5.99,-3.19,-1.22,0.64
2007-11-07,600765,37.0,36.01,37.21,34.44,4546,16225395.0,7.49,-2.68,-0.99,1.01
2007-11-08,600765,35.8,35.0,35.98,34.8,1456,5131714.0,3.28,-2.8,-1.01,0.32
2007-11-09,600765,34.13,36.2,36.7,34.13,2689,9591995.0,7.34,3.43,1.2,0.6
2007-11-12,600765,36.19,35.83,36.41,34.5,2947,10413012.0,5.28,-1.02,-0.37,0.66
2007-11-13,600765,35.92,35.63,36.64,35.51,1561,5656217.0,3.15,-0.56,-0.2,0.35
2007-11-14,600765,36.81,36.9,37.11,35.71,3378,12331732.0,3.93,3.56,1.27,0.75
2007-11-15,600765,36.5,36.99,37.16,36.15,1697,6262797.0,2.74,0.24,0.09,0.38
2007-11-16,600765,36.56,37.26,39.0,36.56,3041,11423747.0,6.6,0.73,0.27,0.68
2007-11-19,600765,36.8,35.86,36.95,35.5,3910,14043967.0,3.89,-3.76,-1.4,0.87
2007-11-20,600765,35.7,36.0,36.15,35.3,3399,12168362.0,2.37,0.39,0.14,0.76
2007-11-21,600765,36.05,36.2,37.0,35.6,2963,10756398.0,3.89,0.56,0.2,0.66
2007-11-22,600765,36.0,35.57,37.2,35.53,2116,7674801.0,4.61,-1.74,-0.63,0.47
2007-11-23,600765,35.35,36.06,36.58,35.35,1333,4779260.0,3.46,1.38,0.49,0.3
2007-11-26,600765,36.6,36.2,36.87,35.87,2466,8995298.0,2.77,0.39,0.14,0.55
2007-11-27,600765,36.59,35.82,36.59,35.6,771,2767091.0,2.73,-1.05,-0.38,0.17
2007-11-28,600765,36.2,36.4,36.49,35.73,4163,15057113.0,2.12,1.62,0.58,0.93
2007-11-29,600765,37.19,37.18,37.4,36.4,2472,9133610.0,2.75,2.14,0.78,0.55
2007-11-30,600765,37.03,37.24,38.01,36.51,2263,8478244.0,4.03,0.16,0.06,0.5
2007-12-03,600765,37.6,37.95,38.5,36.0,3672,13823307.0,6.71,1.91,0.71,0.82
2007-12-04,600765,37.94,38.43,39.6,36.68,4087,15700528.0,7.69,1.26,0.48,0.91
2007-12-05,600765,37.57,37.85,39.36,37.02,1918,7240478.0,6.09,-1.51,-0.58,0.43
2007-12-06,600765,37.0,37.78,38.12,37.0,1579,5928283.0,2.96,-0.18,-0.07,0.35
2007-12-07,600765,37.61,37.85,38.1,37.6,1655,6268838.0,1.32,0.19,0.07,0.37
2007-12-10,600765,37.8,40.02,40.36,37.5,5149,20127121.0,7.56,5.73,2.17,1.15
2007-12-11,600765,40.1,39.7,40.38,39.18,2863,11413924.0,3.0,-0.8,-0.32,0.64
2007-12-12,600765,39.31,39.7,39.84,39.31,1142,4522894.0,1.34,0.0,0.0,0.25
2007-12-13,600765,39.68,38.27,39.97,38.01,1194,4655217.0,4.94,-3.6,-1.43,0.27
2007-12-14,600765,38.3,38.21,38.6,37.0,3774,14252873.0,4.18,-0.16,-0.06,0.84
2007-12-17,600765,38.1,36.13,38.2,35.0,10914,39359397.0,8.37,-5.44,-2.08,2.43
2007-12-18,600765,36.45,34.48,36.45,34.37,5311,18536244.0,5.76,-4.57,-1.65,1.18
2007-12-19,600765,34.65,35.29,35.68,34.31,4773,16680736.0,3.97,2.35,0.81,1.06
2007-12-20,600765,35.35,35.8,36.15,34.2,4679,16631892.0,5.53,1.45,0.51,1.04
2007-12-21,600765,35.0,37.93,37.99,35.0,6532,24279397.0,8.35,5.95,2.13,1.46
2007-12-24,600765,38.05,39.25,40.3,38.01,11687,46522061.0,6.04,3.48,1.32,2.61
2007-12-25,600765,40.0,39.6,40.18,39.18,4820,19179486.0,2.55,0.89,0.35,1.07
2007-12-26,600765,40.03,40.13,40.2,39.5,4786,19088008.0,1.77,1.34,0.53,1.07
2007-12-27,600765,40.16,41.99,43.1,39.9,7624,31976321.0,7.97,4.63,1.86,1.7
2007-12-28,600765,42.25,41.67,42.86,40.99,5702,23934022.0,4.45,-0.76,-0.32,1.27
2008-01-02,600765,41.67,44.07,44.98,41.4,12074,51927308.0,8.59,5.76,2.4,2.69
2008-01-03,600765,44.08,45.15,45.6,42.1,9648,43475602.0,7.94,2.45,1.08,2.15
2008-01-04,600765,44.28,44.34,45.5,43.5,3208,14151479.0,4.43,-1.79,-0.81,0.72
2008-01-07,600765,44.81,42.99,44.81,42.51,8254,35507080.0,5.19,-3.04,-1.35,1.84
2008-01-08,600765,43.3,42.93,45.0,42.52,7515,33032192.0,5.77,-0.14,-0.06,1.68
2008-01-09,600765,42.5,43.37,44.0,42.5,4314,18605532.0,3.49,1.02,0.44,0.96
2008-01-10,600765,43.8,44.55,44.85,42.98,4485,19845120.0,4.31,2.72,1.18,1.0
2008-01-11,600765,44.5,42.9,44.5,42.88,5242,22739340.0,3.64,-3.7,-1.65,1.17
2008-01-14,600765,44.0,43.03,44.0,42.8,7834,33944710.0,2.8,0.3,0.13,1.75
2008-01-15,600765,43.13,41.75,43.96,40.9,18162,75920504.0,7.11,-2.97,-1.28,4.05
2008-01-16,600765,41.74,40.61,42.4,40.35,7586,31222061.0,4.91,-2.73,-1.14,1.69
2008-01-17,600765,40.8,39.99,41.48,38.26,8626,34287676.0,7.93,-1.53,-0.62,1.92
2008-01-18,600765,39.65,40.1,40.27,39.58,4077,16258594.0,1.73,0.28,0.11,0.91
2008-01-21,600765,40.02,39.9,41.25,38.56,4631,18601084.0,6.71,-0.5,-0.2,1.03
2008-01-22,600765,38.7,36.24,39.8,36.0,6085,23053354.0,9.52,-9.17,-3.66,1.36
2008-01-23,600765,36.2,37.32,38.49,36.2,3249,12082055.0,6.32,2.98,1.08,0.72
2008-01-24,600765,37.0,38.99,39.86,36.8,4037,15377648.0,8.2,4.47,1.67,0.9
2008-01-25,600765,39.0,38.2,39.87,38.15,2970,11504958.0,4.41,-2.03,-0.79,0.66
2008-01-28,600765,38.35,36.68,38.9,36.28,6335,23804198.0,6.86,-3.98,-1.52,1.41
2008-01-29,600765,36.01,37.4,38.0,36.01,1399,5184224.0,5.43,1.96,0.72,0.31
2008-01-30,600765,38.4,39.12,39.49,38.05,5482,21234405.0,3.85,4.6,1.72,1.22
2008-01-31,600765,39.17,38.66,39.5,38.01,5789,22635648.0,3.81,-1.18,-0.46,1.29
2008-02-01,600765,37.88,38.7,38.89,36.38,3426,13003927.0,6.49,0.1,0.04,0.76
2008-02-04,600765,39.99,40.63,40.9,39.2,8750,35430764.0,4.39,4.99,1.93,1.95
2008-02-05,600765,40.01,39.77,40.67,39.12,2500,9992269.0,3.81,-2.12,-0.86,0.56
2008-02-13,600765,39.6,38.58,39.6,38.3,1805,6957106.0,3.27,-2.99,-1.19,0.4
2008-02-14,600765,39.3,38.8,39.6,37.78,830,3202944.0,4.72,0.57,0.22,0.19
2008-02-15,600765,38.8,38.84,38.86,38.12,1237,4771247.0,1.91,0.1,0.04,0.28
2008-02-18,600765,38.84,39.5,40.39,38.84,2249,8903156.0,3.99,1.7,0.66,0.5
2008-02-19,600765,39.6,40.65,40.8,39.01,4996,20162718.0,4.53,2.91,1.15,1.11
2008-02-20,600765,40.57,40.82,41.95,40.57,4408,18242191.0,3.39,0.42,0.17,0.98
2008-02-21,600765,40.6,41.4,41.66,40.5,3881,16033905.0,2.84,1.42,0.58,0.87
2008-02-22,600765,41.05,38.29,41.45,37.5,13956,55194291.0,9.54,-7.51,-3.11,3.11
2008-02-25,600765,38.5,35.48,38.5,35.0,4596,16738127.0,9.14,-7.34,-2.81,1.02
2008-02-26,600765,35.8,34.5,37.0,33.88,5836,20354795.0,8.79,-2.76,-0.98,1.3
2008-02-27,600765,34.5,34.86,35.25,34.2,5676,19674171.0,3.04,1.04,0.36,1.27
2008-02-28,600765,34.0,34.58,34.98,31.88,5111,17630441.0,8.89,-0.8,-0.28,1.14
2008-02-29,600765,34.58,34.52,35.0,34.0,3645,12544668.0,2.89,-0.17,-0.06,0.81
2008-03-03,600765,34.9,35.75,35.95,34.36,10612,37569257.0,4.61,3.56,1.23,2.37
2008-03-04,600765,36.87,34.7,36.87,34.5,11336,40439954.0,6.63,-2.94,-1.05,2.53
2008-03-05,600765,34.7,35.0,35.82,34.4,4928,17270821.0,4.09,0.86,0.3,1.1
2008-03-06,600765,35.3,34.7,35.89,34.4,4247,14752408.0,4.26,-0.86,-0.3,0.95
2008-03-07,600765,34.3,33.37,35.0,32.9,6858,22979134.0,6.05,-3.83,-1.33,1.53
2008-03-10,600765,33.37,31.4,33.37,30.94,7612,24289343.0,7.28,-5.9,-1.97,1.7
2008-03-11,600765,31.15,32.99,33.28,30.79,6275,19930165.0,7.93,5.06,1.59,1.4
2008-03-12,600765,33.4,33.1,33.76,32.5,6724,22311771.0,3.82,0.33,0.11,1.5
2008-03-13,600765,33.15,31.16,33.15,31.0,4275,13594113.0,6.5,-5.86,-1.94,0.95
2008-03-14,600765,31.38,31.5,31.98,30.15,3979,12284279.0,5.87,1.09,0.34,0.89
2008-03-17,600765,31.02,28.37,31.39,28.36,3952,11707944.0,9.62,-9.94,-3.13,0.88
2008-03-18,600765,28.3,25.53,28.3,25.53,4948,12937957.0,9.76,-10.01,-2.84,1.1
2008-03-19,600765,25.68,26.15,26.93,24.1,4080,10609391.0,11.08,2.43,0.62,0.91
2008-03-21,600765,28.77,28.77,28.77,28.77,3041,8748295.0,0.0,10.02,2.62,0.68
2008-03-24,600765,31.58,31.65,31.65,30.05,13700,43053484.0,5.56,10.01,2.88,3.05
2008-03-26,600765,33.0,32.06,33.1,31.0,6448,20749638.0,6.64,1.3,0.41,1.44
2008-03-27,600765,30.59,28.9,31.6,28.85,4840,14442716.0,8.58,-9.86,-3.16,1.08
2008-03-28,600765,28.01,29.59,29.78,28.01,5336,15557241.0,6.12,2.39,0.69,1.19
2008-03-31,600765,28.59,28.0,28.97,27.0,3576,10035178.0,6.66,-5.37,-1.59,0.8
2008-04-01,600765,27.65,25.9,28.0,25.8,1517,4024676.0,7.86,-7.5,-2.1,0.34
2008-04-02,600765,25.8,24.2,26.99,23.51,6313,15902782.0,13.44,-6.56,-1.7,1.41
2008-04-03,600765,24.3,26.62,26.62,23.23,7031,18049291.0,14.01,10.0,2.42,1.57
2008-04-09,600765,29.28,29.28,29.28,29.28,903,2644687.0,0.0,9.99,2.66,0.2
2008-04-10,600765,31.38,29.99,31.38,28.62,7916,23898892.0,9.43,2.42,0.71,1.76
2008-04-11,600765,29.5,29.84,30.49,29.01,2614,7759328.0,4.93,-0.5,-0.15,0.58
2008-04-14,600765,29.0,27.73,29.0,27.5,3365,9516906.0,5.03,-7.07,-2.11,0.75
2008-04-15,600765,27.3,27.94,28.3,26.9,3260,8953929.0,5.05,0.76,0.21,0.73
2008-04-16,600765,28.0,26.56,28.0,26.28,3838,10334417.0,6.16,-4.94,-1.38,0.86
2008-04-17,600765,26.56,25.12,27.5,25.0,4692,12193319.0,9.41,-5.42,-1.44,1.05
2008-04-18,600765,25.08,24.52,25.5,24.25,6666,16563349.0,4.98,-2.39,-0.6,1.49
2008-04-21,600765,26.97,24.47,26.97,24.0,4562,11545211.0,12.11,-0.2,-0.05,1.02
2008-04-22,600765,23.8,24.79,25.0,23.5,2925,7091085.0,6.13,1.31,0.32,0.65
2008-04-23,600765,24.79,25.68,26.0,24.41,5556,14115569.0,6.41,3.59,0.89,1.24
2008-04-24,600765,28.25,28.25,28.25,26.8,17673,48751838.0,5.65,10.01,2.57,3.94
2008-04-25,600765,27.69,27.55,28.97,27.08,9910,27853549.0,6.69,-2.48,-0.7,2.21
2008-04-28,600765,26.3,27.02,28.14,26.21,4343,11915309.0,7.01,-1.92,-0.53,0.97
2008-04-30,600765,29.68,27.8,29.68,27.54,8350,23443421.0,7.92,2.89,0.78,1.86
2008-05-05,600765,28.2,29.1,29.4,27.8,9835,28323210.0,5.76,4.68,1.3,2.19
2008-05-06,600765,29.01,29.02,29.69,28.3,7270,21170851.0,4.78,-0.27,-0.08,1.62
2008-05-07,600765,29.05,30.8,31.58,29.05,20585,63039523.0,8.72,6.13,1.78,4.59
2008-05-08,600765,30.03,31.8,32.2,29.41,25409,77740855.0,9.06,3.25,1.0,5.67
2008-05-09,600765,31.98,31.94,32.98,30.78,13515,43395060.0,6.92,0.44,0.14,3.01
2008-05-12,600765,31.91,32.61,34.45,31.01,14295,47305335.0,10.77,2.1,0.67,3.19
2008-05-13,600765,30.9,29.61,31.8,29.6,13747,42214746.0,6.75,-9.2,-3.0,3.07
2008-05-14,600765,29.02,30.64,31.26,29.0,9212,27912540.0,7.63,3.48,1.03,2.05
2008-05-16,600765,30.11,29.84,31.75,29.31,4164,12552345.0,7.96,-2.61,-0.8,0.93
2008-05-19,600765,30.2,29.97,30.39,29.55,2203,6604807.0,2.82,0.44,0.13,0.49
2008-05-20,600765,29.55,27.68,30.36,27.39,4701,13532655.0,9.91,-7.64,-2.29,1.05
2008-05-21,600765,27.02,27.99,28.0,26.18,5158,13854273.0,6.58,1.12,0.31,1.15
2008-05-22,600765,27.65,28.8,30.08,26.33,6471,18551662.0,13.4,2.89,0.81,1.44
2008-05-23,600765,28.05,27.8,29.18,27.7,2117,5968584.0,5.14,-3.47,-1.0,0.47
2008-05-26,600765,27.8,30.58,30.58,26.5,28861,87263943.0,14.68,10.0,2.78,6.44
2008-05-27,600765,30.88,32.76,33.1,30.0,31295,97880527.0,10.14,7.13,2.18,6.98
2008-05-28,600765,32.3,32.72,33.59,31.5,19139,62428793.0,6.38,-0.12,-0.04,4.27
2008-05-29,600765,32.66,30.4,33.5,30.3,10805,34392290.0,9.78,-7.09,-2.32,2.41
2008-05-30,600765,31.0,31.9,32.49,30.3,11496,36156221.0,7.2,4.93,1.5,2.56
2008-06-02,600765,31.9,32.38,32.9,31.52,10037,32470661.0,4.33,1.5,0.48,2.24
2008-06-03,600765,32.75,32.94,33.5,32.15,10219,33559955.0,4.17,1.73,0.56,2.28
2008-06-04,600765,32.38,32.86,33.88,31.61,11273,36855997.0,6.89,-0.24,-0.08,2.51
2008-06-05,600765,32.3,31.7,33.0,31.66,5314,17127449.0,4.08,-3.53,-1.16,1.18
2008-06-06,600765,31.03,31.06,32.3,30.91,6206,19631000.0,4.38,-2.02,-0.64,1.38
2008-06-10,600765,30.0,27.95,30.0,27.95,11526,32676506.0,6.6,-10.01,-3.11,2.57
2008-06-11,600765,28.0,26.41,28.03,25.81,9238,24485932.0,7.94,-5.51,-1.54,2.06
2008-06-12,600765,26.45,26.18,26.8,25.5,6822,17808291.0,4.92,-0.87,-0.23,1.52
2008-06-13,600765,26.25,25.08,26.48,25.02,3723,9586232.0,5.58,-4.2,-1.1,0.83
2008-06-16,600765,25.0,24.06,25.4,23.55,6573,15907251.0,7.38,-4.07,-1.02,1.47
2008-06-17,600765,24.2,25.89,26.47,24.2,13292,34034983.0,9.43,7.61,1.83,2.96
2008-06-18,600765,26.0,26.62,27.1,23.98,11732,30190838.0,12.05,2.82,0.73,2.62
2008-06-19,600765,26.0,23.96,26.45,23.96,6843,17062132.0,9.35,-9.99,-2.66,1.53
2008-06-20,600765,23.94,23.92,25.35,22.51,7025,16856152.0,11.85,-0.17,-0.04,1.57
2008-06-23,600765,23.3,22.94,24.15,22.8,3755,8771059.0,5.64,-4.1,-0.98,0.84
2008-06-24,600765,23.96,23.91,24.24,23.11,2766,6546956.0,4.93,4.23,0.97,0.62
2008-06-25,600765,24.19,25.42,25.62,24.1,4902,12242039.0,6.36,6.32,1.51,1.09
2008-06-26,600765,25.48,25.96,26.14,25.05,9732,24979527.0,4.29,2.12,0.54,2.17
2008-06-27,600765,25.3,23.56,25.3,23.4,6500,15721065.0,7.32,-9.24,-2.4,1.45
2008-06-30,600765,23.01,23.87,24.3,23.01,3364,7940544.0,5.48,1.32,0.31,0.75
2008-07-01,600765,23.92,23.03,23.92,22.95,3503,8143802.0,4.06,-3.52,-0.84,0.78
2008-07-02,600765,22.95,23.08,23.39,22.71,4773,10989706.0,2.95,0.22,0.05,1.06
2008-07-03,600765,22.61,24.02,24.49,21.99,10573,24710977.0,10.83,4.07,0.94,2.36
2008-07-04,600765,24.13,23.63,24.5,23.5,5875,14120014.0,4.16,-1.62,-0.39,1.31
2008-07-07,600765,23.3,24.63,24.86,23.3,11470,28124322.0,6.6,4.23,1.0,2.56
2008-07-08,600765,24.71,25.52,25.7,24.28,10074,25165311.0,5.77,3.61,0.89,2.25
2008-07-09,600765,25.4,25.72,25.89,25.39,7638,19585734.0,1.96,0.78,0.2,1.7
2008-07-10,600765,25.6,26.75,27.44,25.0,14726,38654297.0,9.49,4.0,1.03,3.28
2008-07-11,600765,26.3,26.03,26.59,25.76,4505,11733767.0,3.1,-2.69,-0.72,1.0
2008-07-14,600765,26.0,26.28,26.4,25.51,4730,12314265.0,3.42,0.96,0.25,1.05
2008-07-15,600765,26.0,25.1,26.58,25.1,4377,11205585.0,5.63,-4.49,-1.18,0.98
2008-07-16,600765,24.78,24.01,25.39,23.38,4021,9817023.0,8.01,-4.34,-1.09,0.9
2008-07-17,600765,24.5,24.16,25.0,23.71,3406,8312037.0,5.37,0.62,0.15,0.76
2008-07-18,600765,24.55,24.82,25.0,23.58,2972,7252430.0,5.88,2.73,0.66,0.66
2008-07-21,600765,24.82,25.5,25.78,24.36,6202,15602719.0,5.72,2.74,0.68,1.38
2008-07-22,600765,25.15,25.76,26.06,25.15,5103,13154693.0,3.57,1.02,0.26,1.14
2008-07-23,600765,26.01,25.68,26.01,25.18,6508,16706934.0,3.22,-0.31,-0.08,1.45
2008-07-24,600765,25.71,26.46,26.6,25.55,6807,17711692.0,4.09,3.04,0.78,1.52
2008-07-25,600765,25.9,26.28,26.39,25.8,3488,9102837.0,2.23,-0.68,-0.18,0.78
2008-07-28,600765,26.28,26.53,26.7,26.16,3361,8888408.0,2.05,0.95,0.25,0.75
2008-07-29,600765,25.5,25.67,26.37,25.5,2969,7638155.0,3.28,-3.24,-0.86,0.66
2008-07-30,600765,25.98,26.37,26.97,25.85,3560,9433191.0,4.36,2.73,0.7,0.79
2008-08-01,600765,26.2,26.44,26.55,24.18,3253,8446298.0,8.99,0.27,0.07,0.73
2008-08-04,600765,26.74,26.85,27.36,26.5,6324,17064521.0,3.25,1.55,0.41,1.41
2008-08-05,600765,27.28,27.15,27.28,26.65,5466,14796415.0,2.35,1.12,0.3,1.22
2008-08-06,600765,27.35,25.8,27.44,25.51,6933,18230344.0,7.11,-4.97,-1.35,1.55
2008-08-07,600765,25.39,25.59,26.09,25.3,1285,3300654.0,3.06,-0.81,-0.21,0.29
2008-08-08,600765,26.6,23.52,26.6,23.38,2824,6936872.0,12.58,-8.09,-2.07,0.63
2008-08-11,600765,23.4,21.82,23.59,21.75,5247,11707999.0,7.82,-7.23,-1.7,1.17
2008-08-12,600765,21.51,21.2,22.32,21.11,2151,4661044.0,5.55,-2.84,-0.62,0.48
2008-08-13,600765,21.88,23.32,23.32,21.51,5838,13144581.0,8.54,10.0,2.12,1.3
2008-08-14,600765,23.3,23.56,24.2,22.83,3778,8927612.0,5.87,1.03,0.24,0.84
2008-08-15,600765,23.0,22.84,23.7,22.81,1931,4482517.0,3.78,-3.06,-0.72,0.43
2008-08-18,600765,23.0,22.1,23.61,22.1,3546,8096103.0,6.61,-3.24,-0.74,0.79
2008-08-19,600765,22.28,22.34,22.59,21.3,2634,5846166.0,5.84,1.09,0.24,0.59
2008-08-20,600765,21.9,24.04,24.15,21.9,4490,10636846.0,10.07,7.61,1.7,1.0
2008-08-21,600765,25.87,24.46,25.87,24.0,7622,18831809.0,7.78,1.75,0.42,1.7
2008-08-22,600765,24.45,23.28,24.6,22.68,5670,13169702.0,7.85,-4.82,-1.18,1.26
2008-08-25,600765,23.4,22.58,23.4,22.52,2823,6447041.0,3.78,-3.01,-0.7,0.63
2008-08-26,600765,22.58,22.06,22.58,21.81,4709,10377422.0,3.41,-2.3,-0.52,1.05
2008-08-27,600765,22.06,22.04,22.5,21.69,3078,6793847.0,3.67,-0.09,-0.02,0.69
2008-08-28,600765,22.0,21.4,22.24,21.15,4109,8856258.0,4.95,-2.9,-0.64,0.92
2008-08-29,600765,21.47,22.03,22.45,21.44,3569,7853685.0,4.72,2.94,0.63,0.8
2008-09-01,600765,21.88,21.82,22.61,21.7,2428,5334132.0,4.13,-0.95,-0.21,0.54
2008-09-02,600765,21.8,21.35,21.88,21.23,3418,7348991.0,2.98,-2.15,-0.47,0.76
2008-09-03,600765,21.35,21.24,21.89,21.0,2503,5330294.0,4.17,-0.52,-0.11,0.56
2008-09-04,600765,21.15,20.91,21.39,20.58,2592,5421748.0,3.81,-1.55,-0.33,0.58
2008-09-08,600765,20.19,18.82,20.91,18.82,4791,9268123.0,10.0,-10.0,-2.09,1.07
2008-09-09,600765,18.16,18.14,18.65,17.8,3764,6802588.0,4.52,-3.61,-0.68,0.84
2008-09-10,600765,18.0,18.13,18.51,17.25,2474,4450652.0,6.95,-0.06,-0.01,0.55
2008-09-11,600765,18.0,17.96,18.36,17.68,1216,2179019.0,3.75,-0.94,-0.17,0.27
2008-09-12,600765,18.16,17.65,18.3,17.32,3169,5629919.0,5.46,-1.73,-0.31,0.71
2008-09-16,600765,17.21,17.69,17.7,16.93,3851,6636818.0,4.36,0.23,0.04,0.86
2008-09-17,600765,17.45,17.83,18.05,17.45,1902,3386727.0,3.39,0.79,0.14,0.42
2008-09-18,600765,17.84,17.91,18.0,16.67,4770,8414087.0,7.46,0.45,0.08,1.06
2008-09-19,600765,9.86,9.86,9.86,9.51,20961,20638249.0,1.95,-44.95,-8.05,2.34
2008-09-22,600765,10.5,10.43,10.8,9.66,41296,42513634.0,11.56,5.78,0.57,4.6
2008-09-23,600765,10.2,9.98,10.2,9.61,20987,20902161.0,5.66,-4.31,-0.45,2.34
2008-09-24,600765,9.8,9.58,9.84,9.3,17388,16440689.0,5.41,-4.01,-0.4,1.94
2008-09-25,600765,9.5,9.96,10.0,9.45,20151,19818141.0,5.74,3.97,0.38,2.25
2008-09-26,600765,10.01,9.89,10.2,9.49,23383,22657681.0,7.13,-0.7,-0.07,2.61
2008-10-06,600765,9.55,8.9,9.55,8.9,14036,12827202.0,6.57,-10.01,-0.99,1.56
2008-10-07,600765,8.11,8.49,8.79,8.11,12166,10370476.0,7.64,-4.61,-0.41,1.36
2008-10-08,600765,8.15,7.92,8.4,7.78,11971,9617191.0,7.3,-6.71,-0.57,1.33
2008-10-09,600765,8.08,8.04,8.22,7.91,8827,7114771.0,3.91,1.52,0.12,0.98
2008-10-10,600765,7.95,7.61,7.95,7.45,11671,8880514.0,6.22,-5.35,-0.43,1.3
2008-10-13,600765,7.41,7.54,7.59,6.9,13589,9811785.0,9.07,-0.92,-0.07,1.51
2008-10-14,600765,7.74,7.91,8.18,7.6,30528,24094125.0,7.69,4.91,0.37,3.4
2008-10-15,600765,7.85,8.01,8.16,7.66,19493,15590974.0,6.32,1.26,0.1,2.17
2008-10-16,600765,7.77,7.21,7.85,7.21,14210,10645511.0,7.99,-9.99,-0.8,1.58
2008-10-17,600765,7.38,6.91,7.49,6.7,12707,8755788.0,10.96,-4.16,-0.3,1.42
2008-10-20,600765,6.78,7.14,7.24,6.63,11264,7748461.0,8.83,3.33,0.23,1.26
2008-10-21,600765,7.15,7.1,7.27,6.95,16729,11875701.0,4.48,-0.56,-0.04,1.87
2008-10-22,600765,7.08,6.89,7.15,6.82,5916,4107678.0,4.65,-2.96,-0.21,0.66
2008-10-23,600765,6.71,6.88,6.97,6.61,5105,3461383.0,5.22,-0.15,-0.01,0.57
2008-10-24,600765,6.91,7.09,7.2,6.91,10970,7790957.0,4.22,3.05,0.21,1.22
2008-10-27,600765,7.0,7.2,7.79,6.7,41908,30423145.0,15.37,1.55,0.11,4.67
2008-10-28,600765,6.95,7.68,7.78,6.95,42540,31515636.0,11.53,6.67,0.48,4.74
2008-10-29,600765,7.83,7.94,8.25,7.68,63136,50402263.0,7.42,3.39,0.26,7.04
2008-10-30,600765,7.8,7.58,8.15,7.4,50512,39180958.0,9.45,-4.53,-0.36,5.63
2008-10-31,600765,7.6,8.04,8.06,7.31,38439,29465272.0,9.89,6.07,0.46,4.29
2008-11-03,600765,7.81,8.0,8.45,7.81,61756,50443775.0,7.96,-0.5,-0.04,6.88
2008-11-04,600765,8.05,8.18,8.25,7.56,44996,35383219.0,8.63,2.25,0.18,5.02
2008-11-05,600765,8.15,8.27,8.36,8.08,68909,56821577.0,3.42,1.1,0.09,7.68
2008-11-06,600765,8.05,8.42,8.67,7.66,62120,51765083.0,12.21,1.81,0.15,6.93
2008-11-07,600765,8.15,8.59,8.72,8.15,54504,46429686.0,6.77,2.02,0.17,6.08
2008-11-10,600765,8.78,9.43,9.45,8.5,93894,84237852.0,11.06,9.78,0.84,10.47
2008-11-11,600765,9.35,9.16,9.71,9.09,85382,80670231.0,6.57,-2.86,-0.27,9.52
2008-11-12,600765,9.14,9.32,9.36,8.9,47539,43224907.0,5.02,1.75,0.16,5.3
2008-11-13,600765,9.21,9.4,9.7,9.05,64790,61518014.0,6.97,0.86,0.08,7.22
2008-11-14,600765,9.55,10.34,10.34,9.4,80814,80677603.0,10.0,10.0,0.94,9.01
2008-11-17,600765,10.3,11.37,11.37,10.12,79030,86654847.0,12.09,9.96,1.03,8.81
2008-11-18,600765,11.49,11.07,12.36,10.31,123324,142699341.0,18.03,-2.64,-0.3,13.75
2008-11-19,600765,10.91,12.18,12.18,10.91,102102,121356001.0,11.47,10.03,1.11,11.38
2008-11-20,600765,12.0,12.33,12.8,11.9,100045,123767045.0,7.39,1.23,0.15,11.15
2008-11-21,600765,11.98,11.99,12.63,11.63,82008,99875482.0,8.11,-2.76,-0.34,9.14
2008-11-24,600765,12.0,10.79,12.3,10.79,71153,80697264.0,12.59,-10.01,-1.2,7.93
2008-11-25,600765,10.92,10.42,11.19,9.91,66632,68810488.0,11.86,-3.43,-0.37,7.43
2008-11-26,600765,10.44,10.31,10.44,10.03,42926,44022135.0,3.93,-1.06,-0.11,4.79
2008-11-27,600765,11.0,10.54,11.25,10.44,70932,77038738.0,7.86,2.23,0.23,7.91
2008-11-28,600765,10.39,10.05,10.64,9.9,40729,41471029.0,7.02,-4.65,-0.49,4.54
2008-12-01,600765,10.03,11.01,11.03,9.58,62209,64531200.0,14.43,9.55,0.96,6.94
2008-12-02,600765,10.7,11.21,11.47,10.55,65884,73727343.0,8.36,1.82,0.2,7.34
2008-12-03,600765,11.35,12.0,12.05,11.3,49961,58045112.0,6.69,7.05,0.79,5.57
2008-12-04,600765,12.07,11.65,12.26,11.56,78543,93729747.0,5.83,-2.92,-0.35,8.76
2008-12-05,600765,11.46,11.81,11.82,11.4,37052,43079470.0,3.61,1.37,0.16,4.13
2008-12-08,600765,11.9,12.15,12.35,11.82,53702,65014748.0,4.49,2.88,0.34,5.99
2008-12-09,600765,12.13,11.54,12.29,11.41,43366,51435076.0,7.24,-5.02,-0.61,4.83
2008-12-10,600765,11.5,12.14,12.22,11.43,48061,57408079.0,6.85,5.2,0.6,5.36
2008-12-12,600765,11.78,10.94,11.78,10.93,34472,38783133.0,7.0,-9.88,-1.2,3.84
2008-12-15,600765,11.08,10.82,11.28,10.4,23133,25197570.0,8.04,-1.1,-0.12,2.58
2008-12-16,600765,10.81,11.04,11.08,10.45,19443,20856951.0,5.82,2.03,0.22,2.17
2008-12-17,600765,11.13,11.07,11.34,11.0,24012,26760682.0,3.08,0.27,0.03,2.68
2008-12-18,600765,11.03,12.18,12.18,10.7,69594,82414804.0,13.37,10.03,1.11,7.76
2008-12-19,600765,12.38,12.0,12.52,11.98,53768,65442755.0,4.43,-1.48,-0.18,5.99
2008-12-22,600765,11.99,12.57,12.65,11.9,64673,79492267.0,6.25,4.75,0.57,7.21
2008-12-23,600765,12.6,11.71,12.76,11.61,60935,75299212.0,9.15,-6.84,-0.86,6.79
2008-12-24,600765,11.62,11.8,12.19,11.45,48705,57946903.0,6.32,0.77,0.09,5.43
2008-12-25,600765,11.88,11.52,12.31,11.15,39680,46490777.0,9.83,-2.37,-0.28,4.42
2008-12-26,600765,11.52,10.92,11.6,10.8,36009,40081261.0,6.94,-5.21,-0.6,4.01
2008-12-29,600765,10.81,10.73,11.0,10.18,28691,30359052.0,7.51,-1.74,-0.19,3.2
2008-12-30,600765,10.75,10.71,11.1,10.65,21288,23160466.0,4.19,-0.19,-0.02,2.37
2008-12-31,600765,10.75,10.74,11.0,10.7,18337,19931839.0,2.8,0.28,0.03,2.04
2009-01-05,600765,10.98,11.37,11.4,10.97,23531,26290783.0,4.0,5.87,0.63,2.62
2009-01-06,600765,11.25,11.91,12.1,11.23,43322,51127009.0,7.65,4.75,0.54,4.83
2009-01-07,600765,12.2,12.26,12.49,11.9,61552,75170916.0,4.95,2.94,0.35,6.86
2009-01-08,600765,12.03,12.91,13.1,11.9,89642,112362726.0,9.79,5.3,0.65,9.99
2009-01-09,600765,12.8,12.98,13.29,12.72,59650,77712075.0,4.42,0.54,0.07,6.65
2009-01-12,600765,12.94,12.81,13.21,12.76,44357,57530567.0,3.47,-1.31,-0.17,4.95
2009-01-13,600765,12.6,11.96,12.66,11.9,46059,56418679.0,5.93,-6.64,-0.85,5.13
2009-01-14,600765,11.94,12.44,12.51,11.72,43289,52873035.0,6.61,4.01,0.48,4.83
2009-01-15,600765,12.4,13.49,13.68,12.3,113558,150350034.0,11.09,8.44,1.05,12.66
2009-01-16,600765,13.75,13.73,14.54,13.3,123377,173010372.0,9.19,1.78,0.24,13.75
2009-01-19,600765,14.25,14.7,15.0,13.93,91140,132034960.0,7.79,7.06,0.97,10.16
2009-01-20,600765,14.6,14.94,14.97,14.07,47398,69117794.0,6.12,1.63,0.24,5.28
2009-01-21,600765,14.7,15.7,16.13,14.5,88226,137610806.0,10.91,5.09,0.76,9.84
2009-01-22,600765,15.89,16.29,16.4,15.5,55867,89905482.0,5.73,3.76,0.59,6.23
2009-01-23,600765,16.5,16.3,16.5,15.86,44769,72278267.0,3.93,0.06,0.01,4.99
2009-02-02,600765,16.54,16.18,16.58,15.8,50111,81178856.0,4.79,-0.74,-0.12,5.59
2009-02-03,600765,16.32,16.42,16.85,16.22,74966,123817507.0,3.89,1.48,0.24,8.36
2009-02-04,600765,16.43,16.41,16.5,15.88,69315,112026221.0,3.78,-0.06,-0.01,7.73
2009-02-05,600765,16.44,16.69,17.26,16.25,104096,174570811.0,6.15,1.71,0.28,11.6
2009-02-06,600765,16.5,17.04,17.19,16.43,52022,87703607.0,4.55,2.1,0.35,5.8
2009-02-09,600765,17.1,18.71,18.74,16.88,84362,150345994.0,10.92,9.8,1.67,9.4
2009-02-10,600765,18.3,18.61,18.75,17.81,41074,75160571.0,5.02,-0.53,-0.1,4.58
2009-02-11,600765,18.2,17.79,19.2,17.2,52822,96388407.0,10.75,-4.41,-0.82,5.89
2009-02-12,600765,18.0,18.29,18.55,17.05,48090,85681807.0,8.43,2.81,0.5,5.36
2009-02-13,600765,18.0,18.34,18.53,17.9,63996,116273199.0,3.44,0.27,0.05,7.13
2009-02-16,600765,18.35,18.1,18.47,17.8,53664,97059678.0,3.65,-1.31,-0.24,5.98
2009-02-17,600765,18.1,18.28,18.89,18.0,68433,126632353.0,4.92,0.99,0.18,7.63
2009-02-18,600765,18.0,16.69,18.0,16.67,54761,94804386.0,7.28,-8.7,-1.59,6.1
2009-02-19,600765,16.6,16.01,17.3,15.45,85261,138032408.0,11.08,-4.07,-0.68,9.51
2009-02-20,600765,15.93,17.22,17.5,15.63,70329,115851301.0,11.68,7.56,1.21,7.84
2009-02-23,600765,16.94,17.29,17.49,16.75,58741,100534370.0,4.3,0.41,0.07,6.55
2009-02-24,600765,17.0,16.32,17.4,16.2,45231,76050813.0,6.94,-5.61,-0.97,5.04
2009-02-25,600765,16.53,16.87,16.9,16.1,42714,70818921.0,4.9,3.37,0.55,4.76
2009-02-26,600765,16.85,16.44,17.82,15.93,87379,150205432.0,11.2,-2.55,-0.43,9.74
2009-02-27,600765,16.1,14.8,16.2,14.8,61919,92996789.0,8.52,-9.98,-1.64,6.9
2009-03-02,600765,14.17,14.69,14.95,14.02,28327,41399640.0,6.28,-0.74,-0.11,3.16
2009-03-03,600765,14.25,15.27,15.37,14.0,44804,67778854.0,9.33,3.95,0.58,4.99
2009-03-04,600765,15.46,16.38,16.42,15.42,41138,65778652.0,6.55,7.27,1.11,4.59
2009-03-05,600765,16.48,16.04,16.78,15.7,43767,71038093.0,6.59,-2.08,-0.34,4.88
2009-03-06,600765,15.79,15.48,15.88,15.33,42619,66427868.0,3.43,-3.49,-0.56,4.75
2009-03-09,600765,15.69,14.81,15.72,14.63,29074,44113531.0,7.04,-4.33,-0.67,3.24
2009-03-10,600765,14.8,15.53,15.59,14.8,25046,38369536.0,5.33,4.86,0.72,2.79
2009-03-11,600765,16.0,15.21,16.05,15.2,22594,35207138.0,5.47,-2.06,-0.32,2.52
2009-03-12,600765,15.1,15.14,15.47,14.87,20984,31704994.0,3.94,-0.46,-0.07,2.34
2009-03-13,600765,15.3,15.53,15.73,15.08,33524,52091025.0,4.29,2.58,0.39,3.74
2009-03-16,600765,15.48,16.25,16.3,15.3,31502,49976671.0,6.44,4.64,0.72,3.51
2009-03-17,600765,16.25,16.92,17.12,16.11,46848,78715986.0,6.22,4.12,0.67,5.22
2009-03-18,600765,16.99,16.89,17.35,16.75,46336,79178670.0,3.55,-0.18,-0.03,5.17
2009-03-19,600765,16.91,17.64,17.73,16.78,50645,88128546.0,5.62,4.44,0.75,5.65
2009-03-20,600765,17.62,17.27,17.62,16.97,41772,72029236.0,3.68,-2.1,-0.37,4.66
2009-03-23,600765,17.2,17.42,17.7,16.83,51364,88748655.0,5.04,0.87,0.15,5.73
2009-03-24,600765,17.46,17.46,17.82,17.41,43361,76366166.0,2.35,0.23,0.04,4.83
2009-03-25,600765,17.46,16.56,17.46,16.5,35605,60489756.0,5.5,-5.15,-0.9,3.97
2009-03-26,600765,16.5,16.95,17.0,16.4,26749,44793518.0,3.62,2.36,0.39,2.98
2009-03-27,600765,17.12,18.23,18.5,16.95,79875,143546196.0,9.14,7.55,1.28,8.9
2009-03-30,600765,18.43,18.58,19.19,17.98,66284,123489686.0,6.64,1.92,0.35,7.39
2009-03-31,600765,17.92,18.3,18.48,17.72,33637,60900315.0,4.09,-1.51,-0.28,3.75
2009-04-01,600765,18.3,18.25,18.73,18.01,42763,78194778.0,3.93,-0.27,-0.05,4.77
2009-04-02,600765,18.26,17.96,18.49,17.88,41828,75892430.0,3.34,-1.59,-0.29,4.66
2009-04-03,600765,18.25,17.83,18.28,17.58,35176,63022344.0,3.9,-0.72,-0.13,3.92
2009-04-07,600765,17.95,18.98,19.0,17.95,68507,127817343.0,5.89,6.45,1.15,7.64
2009-04-08,600765,19.16,18.94,19.98,18.85,88469,172442951.0,5.95,-0.21,-0.04,9.86
2009-04-09,600765,18.94,19.82,19.87,18.65,76135,148106296.0,6.44,4.65,0.88,8.49
2009-04-10,600765,20.09,20.43,20.88,19.55,81597,165294677.0,6.71,3.08,0.61,9.1
2009-04-13,600765,20.6,20.59,20.89,19.91,60812,124028419.0,4.8,0.78,0.16,6.78
2009-04-14,600765,20.5,20.53,20.76,20.11,42173,85850255.0,3.16,-0.29,-0.06,4.7
2009-04-15,600765,20.49,19.97,20.49,19.51,42408,84730386.0,4.77,-2.73,-0.56,4.73
2009-04-16,600765,19.99,20.05,20.85,19.88,40508,82548823.0,4.86,0.4,0.08,4.52
2009-04-17,600765,19.76,19.12,20.0,19.05,43483,83942535.0,4.74,-4.64,-0.93,4.85
2009-04-20,600765,18.91,19.6,19.9,18.9,31182,61277969.0,5.23,2.51,0.48,3.48
2009-04-21,600765,19.5,18.43,19.5,17.98,96408,178287404.0,7.76,-5.97,-1.17,10.75
2009-04-22,600765,18.63,17.62,18.7,17.39,78698,141681769.0,7.11,-4.4,-0.81,8.77
2009-04-23,600765,17.65,17.82,17.9,17.37,46042,81604481.0,3.01,1.14,0.2,5.13
2009-04-24,600765,17.9,17.86,18.04,17.61,34016,60712506.0,2.41,0.22,0.04,3.79
2009-04-27,600765,17.95,16.41,17.98,16.26,46127,77686948.0,9.63,-8.12,-1.45,5.14
2009-04-28,600765,16.2,16.56,17.05,16.18,34452,57493271.0,5.3,0.91,0.15,3.84
2009-04-29,600765,16.68,16.93,17.1,16.62,27813,47035115.0,2.9,2.23,0.37,3.1
2009-04-30,600765,17.01,17.26,17.67,16.95,35144,60650256.0,4.25,1.95,0.33,3.92
2009-05-04,600765,17.53,17.9,17.9,17.1,39483,69174125.0,4.63,3.71,0.64,4.4
2009-05-05,600765,18.5,18.7,19.27,18.03,83823,155945748.0,6.93,4.47,0.8,9.34
2009-05-06,600765,18.8,19.19,19.37,18.8,72770,139203417.0,3.05,2.62,0.49,8.11
2009-05-07,600765,19.5,18.69,19.5,18.33,56290,105591512.0,6.1,-2.61,-0.5,6.28
2009-05-08,600765,18.69,18.08,18.78,17.97,41858,76322899.0,4.33,-3.26,-0.61,4.67
2009-05-11,600765,18.16,17.8,18.69,17.8,34632,62978435.0,4.92,-1.55,-0.28,3.86
2009-05-12,600765,17.79,18.38,18.4,17.61,27174,49324425.0,4.44,3.26,0.58,3.03
2009-05-13,600765,18.46,18.11,18.51,17.9,29338,53080729.0,3.32,-1.47,-0.27,3.27
2009-05-14,600765,18.09,18.2,18.52,17.91,27656,50436726.0,3.37,0.5,0.09,3.08
2009-05-15,600765,18.24,17.95,18.45,17.8,23232,41851861.0,3.57,-1.37,-0.25,2.59
2009-05-18,600765,17.83,17.7,17.85,17.25,25924,45569554.0,3.34,-1.39,-0.25,2.89
2009-05-19,600765,17.8,18.21,18.29,17.8,35123,63603922.0,2.77,2.88,0.51,3.92
2009-05-20,600765,18.21,18.62,18.96,17.9,49742,91646082.0,5.82,2.25,0.41,5.55
2009-05-22,600765,18.6,19.15,19.3,18.21,69628,132395771.0,5.85,2.85,0.53,7.76
2009-05-25,600765,18.75,19.35,19.68,18.51,66011,127410291.0,6.11,1.04,0.2,7.36
2009-05-26,600765,19.3,18.89,19.64,18.73,49471,95154464.0,4.7,-2.38,-0.46,5.52
2009-05-27,600765,18.98,18.75,19.11,18.56,30864,57788337.0,2.91,-0.74,-0.14,3.44
2009-06-01,600765,18.9,18.88,19.38,18.76,29950,56892374.0,3.31,0.69,0.13,3.34
2009-06-03,600765,18.77,18.65,19.37,18.5,40057,75247157.0,4.61,-1.22,-0.23,4.47
2009-06-04,600765,18.59,18.5,18.8,18.01,39861,73069074.0,4.24,-0.8,-0.15,4.44
2009-06-05,600765,18.5,18.15,18.66,17.98,55457,100407871.0,3.68,-1.89,-0.35,6.18
2009-06-08,600765,18.15,18.7,18.8,18.12,44351,82324618.0,3.75,3.03,0.55,4.94
2009-06-09,600765,18.7,18.39,18.75,17.98,28201,51486758.0,4.12,-1.66,-0.31,3.14
2009-06-10,600765,18.44,18.26,18.45,18.03,23375,42539458.0,2.28,-0.71,-0.13,2.61
2009-06-11,600765,18.15,18.04,18.33,18.0,23054,41827156.0,1.81,-1.2,-0.22,2.57
2009-06-12,600765,18.0,17.42,18.02,17.35,37073,65231504.0,3.71,-3.44,-0.62,4.13
2009-06-15,600765,17.5,17.86,17.87,17.3,18121,31770596.0,3.27,2.53,0.44,2.02
2009-06-16,600765,17.78,17.5,17.78,17.38,18907,33123351.0,2.24,-2.02,-0.36,2.11
2009-06-17,600765,17.48,17.54,17.6,17.2,27906,48406320.0,2.29,0.23,0.04,3.11
2009-06-18,600765,17.65,17.8,18.08,17.6,28124,50192865.0,2.74,1.48,0.26,3.14
2009-06-19,600765,17.85,17.38,17.95,17.32,34724,60683716.0,3.54,-2.36,-0.42,3.87
2009-06-22,600765,17.5,17.35,17.63,17.28,17262,30064634.0,2.01,-0.17,-0.03,1.92
2009-06-23,600765,17.28,17.28,17.35,17.1,15861,27296549.0,1.44,-0.4,-0.07,1.77
2009-06-24,600765,17.3,17.5,17.61,17.19,22167,38691397.0,2.43,1.27,0.22,2.47
2009-06-25,600765,17.6,17.11,17.63,16.91,61390,104981266.0,4.11,-2.23,-0.39,6.84
2009-06-26,600765,17.19,17.15,17.27,17.01,19634,33624081.0,1.52,0.23,0.04,2.19
2009-06-29,600765,17.25,17.09,17.25,17.0,20645,35275537.0,1.46,-0.35,-0.06,2.3
2009-06-30,600765,17.15,16.83,17.15,16.68,31176,52395823.0,2.75,-1.52,-0.26,3.48
2009-07-01,600765,16.82,16.9,17.06,16.68,23355,39399204.0,2.26,0.42,0.07,2.6
2009-07-02,600765,17.0,17.5,17.58,16.88,51577,89163847.0,4.14,3.55,0.6,5.75
2009-07-03,600765,17.48,17.37,17.74,17.3,58931,103267071.0,2.51,-0.74,-0.13,6.57
2009-07-06,600765,17.26,17.14,17.29,16.79,40392,68801822.0,2.88,-1.32,-0.23,4.5
2009-07-07,600765,17.19,17.05,17.2,16.86,22985,39152062.0,1.98,-0.53,-0.09,2.56
2009-07-08,600765,16.98,17.46,17.68,16.91,39099,67818295.0,4.52,2.4,0.41,4.36
2009-07-09,600765,17.4,18.41,18.5,17.21,92210,166786674.0,7.39,5.44,0.95,10.28
2009-07-10,600765,18.35,18.67,19.0,18.26,104692,196070345.0,4.02,1.41,0.26,11.67
2009-07-13,600765,18.48,18.84,19.13,18.31,84645,159069903.0,4.39,0.91,0.17,9.44
2009-07-14,600765,18.9,18.65,18.9,18.56,49348,92247575.0,1.8,-1.01,-0.19,5.5
2009-07-15,600765,18.8,18.57,18.88,18.27,81764,151632421.0,3.27,-0.43,-0.08,9.12
2009-07-16,600765,18.55,18.63,18.87,18.37,55180,102507175.0,2.69,0.32,0.06,6.15
2009-07-17,600765,18.88,18.97,19.46,18.65,89680,170684474.0,4.35,1.83,0.34,10.0
2009-07-20,600765,19.3,19.86,20.0,19.16,108344,211742845.0,4.43,4.69,0.89,12.08
2009-07-21,600765,19.86,19.5,19.9,19.23,58984,114898654.0,3.37,-1.81,-0.36,6.58
2009-07-22,600765,19.52,19.28,19.98,19.0,61036,117709612.0,5.03,-1.13,-0.22,6.8
2009-07-23,600765,19.27,19.3,19.45,18.75,58195,110929723.0,3.63,0.1,0.02,6.49
2009-07-24,600765,19.38,18.55,19.4,18.26,47544,88976632.0,5.91,-3.89,-0.75,5.3
2009-07-27,600765,18.53,18.79,19.15,18.5,44545,83780723.0,3.5,1.29,0.24,4.97
2009-07-28,600765,18.8,19.24,19.5,18.56,63007,120285295.0,5.0,2.39,0.45,7.02
2009-07-29,600765,19.15,17.84,19.4,17.32,59138,110200714.0,10.81,-7.28,-1.4,6.59
2009-07-30,600765,17.84,18.18,18.22,17.22,37968,67569546.0,5.61,1.91,0.34,4.23
2009-07-31,600765,18.47,18.73,18.88,18.18,44096,81498046.0,3.85,3.03,0.55,4.92
2009-08-03,600765,18.7,18.99,19.19,18.67,46646,88447991.0,2.78,1.39,0.26,5.2
2009-08-04,600765,19.15,18.75,19.25,18.34,41747,78663692.0,4.79,-1.26,-0.24,4.65
2009-08-05,600765,18.65,19.58,19.82,18.65,96381,186970378.0,6.24,4.43,0.83,10.74
2009-08-06,600765,19.4,19.07,19.55,18.88,52041,99821145.0,3.42,-2.6,-0.51,5.8
2009-08-07,600765,19.28,18.42,19.48,18.3,50437,95320136.0,6.19,-3.41,-0.65,5.62
2009-08-10,600765,18.69,17.95,18.7,17.61,50773,91437743.0,5.92,-2.55,-0.47,5.66
2009-08-11,600765,18.06,17.89,18.1,17.7,19337,34607400.0,2.23,-0.33,-0.06,2.16
2009-08-13,600765,17.1,17.1,17.29,16.77,38028,64888058.0,2.91,-4.42,-0.79,4.24
2009-08-14,600765,17.1,16.04,17.34,16.0,32217,53711745.0,7.84,-6.2,-1.06,3.59
2009-08-17,600765,15.9,14.63,15.97,14.5,32012,49195882.0,9.16,-8.79,-1.41,3.57
2009-08-18,600765,14.7,14.96,15.2,14.54,21304,31575725.0,4.51,2.26,0.33,2.38
2009-08-19,600765,14.96,13.68,15.05,13.55,24582,35270200.0,10.03,-8.56,-1.28,2.74
2009-08-20,600765,13.8,14.3,14.35,13.8,24573,34727622.0,4.02,4.53,0.62,2.74
2009-08-21,600765,14.35,14.69,14.77,14.2,28972,42071133.0,3.99,2.73,0.39,3.23
2009-08-24,600765,14.63,16.16,16.16,14.63,70919,111229501.0,10.42,10.01,1.47,7.91
2009-08-25,600765,16.3,16.35,16.88,15.78,89974,146997416.0,6.81,1.18,0.19,10.03
2009-08-26,600765,16.08,16.76,17.28,15.78,61494,102799936.0,9.17,2.51,0.41,6.86
2009-08-27,600765,16.65,16.21,16.75,15.81,46229,75298440.0,5.61,-3.28,-0.55,5.15
2009-08-28,600765,16.19,16.06,16.55,15.82,34655,55954920.0,4.5,-0.93,-0.15,3.86
2009-08-31,600765,15.77,14.8,15.8,14.76,28134,42777002.0,6.48,-7.85,-1.26,3.14
2009-09-01,600765,14.71,14.27,15.2,14.0,23595,34281361.0,8.11,-3.58,-0.53,2.63
2009-09-02,600765,14.27,14.6,14.7,14.26,16402,23675447.0,3.08,2.31,0.33,1.83
2009-09-03,600765,14.6,15.23,15.47,14.6,23770,35779506.0,5.96,4.32,0.63,2.65
2009-09-04,600765,15.35,15.73,15.94,15.14,30364,47252874.0,5.25,3.28,0.5,3.39
2009-09-07,600765,15.86,15.72,16.08,15.45,29955,47262513.0,4.01,-0.06,-0.01,3.34
2009-09-08,600765,15.44,15.93,16.29,15.15,35850,57047793.0,7.25,1.34,0.21,4.0
2009-09-09,600765,15.94,15.83,16.1,15.64,26626,42072514.0,2.89,-0.63,-0.1,2.97
2009-09-10,600765,15.85,15.41,15.85,15.37,22514,34988457.0,3.03,-2.65,-0.42,2.51
2009-09-11,600765,15.38,15.6,15.66,15.28,23649,36678127.0,2.47,1.23,0.19,2.64
2009-09-14,600765,15.67,15.94,16.04,15.6,28467,45234288.0,2.82,2.18,0.34,3.17
2009-09-15,600765,15.96,16.17,16.25,15.85,33138,53331954.0,2.51,1.44,0.23,3.69
2009-09-16,600765,16.02,16.01,16.25,15.81,26268,42009371.0,2.72,-0.99,-0.16,2.93
2009-09-17,600765,16.18,16.45,16.66,16.1,39800,65498189.0,3.5,2.75,0.44,4.44
2009-09-18,600765,16.5,16.08,16.86,16.0,53756,88908268.0,5.23,-2.25,-0.37,5.99
2009-09-21,600765,16.0,16.1,16.2,15.4,22849,36213809.0,4.98,0.12,0.02,2.55
2009-09-22,600765,16.15,15.24,16.19,15.15,29700,46589069.0,6.46,-5.34,-0.86,3.31
2009-09-23,600765,15.25,14.6,15.37,14.41,26068,38939714.0,6.3,-4.2,-0.64,2.91
2009-09-24,600765,14.6,14.52,14.79,14.11,15139,21983041.0,4.66,-0.55,-0.08,1.69
2009-09-25,600765,14.46,14.45,14.75,14.4,11221,16359431.0,2.41,-0.48,-0.07,1.25
2009-09-28,600765,14.6,13.89,15.0,13.78,13556,19416362.0,8.44,-3.88,-0.56,1.51
2009-09-29,600765,14.07,13.85,14.15,13.2,14707,20222815.0,6.84,-0.29,-0.04,1.64
2009-09-30,600765,14.2,13.65,14.2,13.59,14213,19702008.0,4.4,-1.44,-0.2,1.58
2009-10-09,600765,13.98,14.3,14.3,13.8,15976,22571760.0,3.66,4.76,0.65,1.78
2009-10-12,600765,14.5,14.39,14.65,14.18,14917,21475404.0,3.29,0.63,0.09,1.66
2009-10-13,600765,14.37,14.55,14.55,14.32,12652,18241196.0,1.6,1.11,0.16,1.41
2009-10-14,600765,14.64,14.59,14.88,14.55,19233,28180089.0,2.27,0.27,0.04,2.14
2009-10-15,600765,14.62,14.73,14.84,14.55,18115,26680127.0,1.99,0.96,0.14,2.02
2009-10-16,600765,14.73,14.56,14.85,14.3,15508,22556426.0,3.73,-1.15,-0.17,1.73
2009-10-19,600765,14.56,15.27,15.4,14.51,35686,53790248.0,6.11,4.88,0.71,3.98
2009-10-20,600765,15.33,15.81,16.0,15.33,46171,72825101.0,4.39,3.54,0.54,5.15
2009-10-21,600765,15.81,15.58,16.1,15.5,39332,62159525.0,3.8,-1.45,-0.23,4.38
2009-10-22,600765,15.53,16.02,16.16,15.48,40201,64142681.0,4.36,2.82,0.44,4.48
2009-10-23,600765,16.0,17.39,17.62,16.0,137892,239290058.0,10.11,8.55,1.37,15.37
2009-10-26,600765,17.35,17.96,18.04,16.77,133153,232245859.0,7.3,3.28,0.57,14.84
2009-10-27,600765,17.56,18.02,18.4,17.44,90117,162601402.0,5.35,0.33,0.06,10.05
2009-10-28,600765,18.01,17.84,18.13,17.5,53016,94244477.0,3.5,-1.0,-0.18,5.91
2009-10-29,600765,17.36,17.74,18.02,17.35,41714,73968459.0,3.76,-0.56,-0.1,4.65
2009-10-30,600765,18.0,17.81,18.36,17.65,47595,85639629.0,4.0,0.39,0.07,5.31
2009-11-02,600765,17.55,18.32,18.45,17.3,63146,114046571.0,6.46,2.86,0.51,7.04
2009-11-03,600765,18.45,18.6,18.78,18.05,63927,117710843.0,3.98,1.53,0.28,7.13
2009-11-04,600765,18.6,18.49,18.66,18.28,39754,73257675.0,2.04,-0.59,-0.11,4.43
2009-11-05,600765,18.5,19.29,19.3,18.3,81143,152580134.0,5.41,4.33,0.8,9.05
2009-11-06,600765,19.26,19.18,19.47,18.86,62790,119889090.0,3.16,-0.57,-0.11,7.0
2009-11-09,600765,19.09,18.89,19.2,18.67,36852,69481662.0,2.76,-1.51,-0.29,4.11
2009-11-10,600765,19.0,18.92,19.1,18.72,25700,48792352.0,2.01,0.16,0.03,2.87
2009-11-11,600765,18.92,18.9,19.13,18.67,30476,57541973.0,2.43,-0.11,-0.02,3.4
2009-11-12,600765,18.75,18.68,19.1,18.55,37860,70976730.0,2.91,-1.16,-0.22,4.22
2009-11-13,600765,18.68,19.0,19.04,18.65,26376,49785806.0,2.09,1.71,0.32,2.94
2009-11-16,600765,19.12,19.3,19.5,18.89,54282,104648854.0,3.21,1.58,0.3,6.05
2009-11-17,600765,19.35,19.09,19.39,18.9,30702,58686804.0,2.54,-1.09,-0.21,3.42
2009-11-18,600765,19.22,20.39,20.77,19.1,92081,184278189.0,8.75,6.81,1.3,10.27
2009-11-19,600765,20.39,21.05,21.36,20.12,72304,151184415.0,6.08,3.24,0.66,8.06
2009-11-20,600765,21.04,21.38,22.0,20.51,56392,120490636.0,7.08,1.57,0.33,6.29
2009-11-23,600765,21.38,22.61,22.88,21.38,90306,201965288.0,7.02,5.75,1.23,10.07
2009-11-24,600765,22.7,21.11,22.88,20.52,76007,166256168.0,10.44,-6.63,-1.5,8.47
2009-11-25,600765,21.11,23.12,23.22,20.9,100559,220859259.0,10.99,9.52,2.01,11.21
2009-11-26,600765,23.12,22.91,24.99,22.12,109424,260635327.0,12.41,-0.91,-0.21,12.2
2009-11-27,600765,22.61,23.56,24.38,22.54,81803,192270647.0,8.03,2.84,0.65,9.12
2009-11-30,600765,23.85,24.02,24.68,23.4,83088,198875466.0,5.43,1.95,0.46,9.26
2009-12-01,600765,24.09,24.01,24.27,23.18,78002,185292205.0,4.54,-0.04,-0.01,8.7
2009-12-02,600765,24.13,23.5,24.38,23.31,64060,150959445.0,4.46,-2.12,-0.51,7.14
2009-12-03,600765,23.41,23.53,23.6,22.53,61557,141417569.0,4.55,0.13,0.03,6.86
2009-12-04,600765,23.36,22.17,23.72,21.75,64602,146858203.0,8.37,-5.78,-1.36,7.2
2009-12-07,600765,22.21,22.71,23.05,22.02,32185,72826481.0,4.65,2.44,0.54,3.59
2009-12-08,600765,22.65,22.34,22.88,22.21,15730,35223313.0,2.95,-1.63,-0.37,1.75
2009-12-09,600765,22.21,22.47,22.88,22.0,15512,34952722.0,3.94,0.58,0.13,1.73
2009-12-10,600765,22.86,22.51,22.98,22.3,16675,37716426.0,3.03,0.18,0.04,1.86
2009-12-11,600765,22.51,22.09,22.69,22.04,17214,38480892.0,2.89,-1.87,-0.42,1.92
2009-12-14,600765,22.01,22.67,22.7,21.68,17347,38288765.0,4.62,2.63,0.58,1.93
2009-12-15,600765,22.51,23.37,23.4,22.25,37409,85585965.0,5.07,3.09,0.7,4.17
2009-12-16,600765,23.3,23.39,23.69,23.07,38871,91217649.0,2.65,0.09,0.02,4.33
2009-12-17,600765,23.4,22.39,23.59,21.9,24940,56728257.0,7.23,-4.28,-1.0,2.78
2009-12-18,600765,22.2,20.98,22.39,20.6,26112,56285358.0,7.99,-6.3,-1.41,2.91
2009-12-23,600765,20.85,20.55,21.24,20.0,31013,63657595.0,5.91,-2.05,-0.43,3.46
2009-12-24,600765,20.65,21.15,21.44,20.65,15703,33094079.0,3.84,2.92,0.6,1.75
2009-12-25,600765,21.17,21.9,22.07,21.08,18990,41445457.0,4.68,3.55,0.75,2.12
2009-12-28,600765,22.07,22.15,22.41,21.51,15528,34274045.0,4.11,1.14,0.25,1.73
2009-12-29,600765,22.41,21.86,22.6,21.71,16689,36693503.0,4.02,-1.31,-0.29,1.86
2009-12-30,600765,21.64,21.89,22.28,21.4,18111,39587846.0,4.03,0.14,0.03,2.02
2009-12-31,600765,21.95,22.1,22.2,21.5,14315,31518723.0,3.2,0.96,0.21,1.6
2010-01-04,600765,22.41,21.91,22.41,21.89,11743,25956144.0,2.35,-0.86,-0.19,1.31
2010-01-05,600765,21.8,22.93,23.08,21.78,27255,61579993.0,5.93,4.66,1.02,3.04
2010-01-06,600765,22.93,23.36,23.78,22.71,54847,127981148.0,4.67,1.88,0.43,6.11
2010-01-07,600765,23.4,22.79,23.5,22.58,35476,81796005.0,3.94,-2.44,-0.57,3.95
2010-01-08,600765,22.78,23.5,23.68,22.2,42791,99094607.0,6.49,3.12,0.71,4.77
2010-01-11,600765,23.6,24.5,24.69,23.22,62790,150864951.0,6.26,4.26,1.0,7.0
2010-01-12,600765,24.35,24.62,24.99,24.12,46464,114694923.0,3.55,0.49,0.12,5.18
2010-01-13,600765,24.18,25.07,25.6,24.02,47453,118188346.0,6.42,1.83,0.45,5.29
2010-01-14,600765,25.1,25.41,25.56,25.1,30411,77284286.0,1.83,1.36,0.34,3.39
2010-01-15,600765,25.68,24.9,25.68,24.7,28688,71925744.0,3.86,-2.01,-0.51,3.2
2010-01-18,600765,25.0,25.0,25.65,24.8,19510,49034252.0,3.41,0.4,0.1,2.18
2010-01-19,600765,25.03,24.35,25.29,24.0,27266,67317272.0,5.16,-2.6,-0.65,3.04
2010-01-20,600765,24.03,23.62,24.87,22.51,29965,71438447.0,9.69,-3.0,-0.73,3.34
2010-01-21,600765,23.52,23.41,23.83,23.19,19529,45964126.0,2.71,-0.89,-0.21,2.18
2010-01-22,600765,23.5,22.1,23.63,21.9,32299,72504380.0,7.39,-5.6,-1.31,3.6
2010-01-25,600765,22.1,22.44,22.8,22.0,17971,40296035.0,3.62,1.54,0.34,2.0
2010-01-26,600765,22.44,21.7,22.85,21.35,29950,65925732.0,6.68,-3.3,-0.74,3.34
2010-01-27,600765,21.75,22.48,22.58,21.61,22955,51068849.0,4.47,3.59,0.78,2.56
2010-01-28,600765,22.57,22.44,22.7,21.83,12601,28294748.0,3.87,-0.18,-0.04,1.4
2010-01-29,600765,22.42,22.79,23.0,22.35,16437,37381678.0,2.9,1.56,0.35,1.83
2010-02-02,600765,22.78,22.12,23.45,22.1,14029,32127071.0,5.92,-2.94,-0.67,1.56
2010-02-03,600765,22.12,21.7,22.49,20.92,19185,41396874.0,7.1,-1.9,-0.42,2.14
2010-02-04,600765,21.7,21.32,21.7,21.12,22535,48058242.0,2.67,-1.75,-0.38,2.51
2010-02-05,600765,21.0,20.32,21.05,20.15,18608,38188045.0,4.22,-4.69,-1.0,2.07
2010-02-08,600765,20.32,20.2,20.7,20.2,7646,15635216.0,2.46,-0.59,-0.12,0.85
2010-02-09,600765,20.25,20.67,20.76,20.2,9891,20180242.0,2.77,2.33,0.47,1.1
2010-02-10,600765,20.8,21.35,21.38,20.72,13366,28086153.0,3.19,3.29,0.68,1.49
2010-02-11,600765,21.39,21.28,21.7,21.25,10812,23280604.0,2.11,-0.33,-0.07,1.21
2010-02-12,600765,21.3,21.62,21.75,21.28,7268,15661868.0,2.21,1.6,0.34,0.81
2010-02-22,600765,21.62,22.47,23.0,21.0,13306,29443597.0,9.25,3.93,0.85,1.48
2010-02-23,600765,22.48,22.29,22.48,21.7,15165,33576451.0,3.47,-0.8,-0.18,1.69
2010-02-24,600765,22.29,23.22,23.3,22.1,16429,37408261.0,5.38,4.17,0.93,1.83
2010-02-25,600765,23.53,24.45,24.93,23.22,49096,119405060.0,7.36,5.3,1.23,5.47
2010-02-26,600765,24.45,24.32,25.2,24.1,39630,98130250.0,4.5,-0.53,-0.13,4.42
2010-03-01,600765,24.35,24.08,24.59,23.8,32524,78009992.0,3.25,-0.99,-0.24,3.63
2010-03-02,600765,24.34,24.13,24.34,23.51,22906,54935867.0,3.45,0.21,0.05,2.55
2010-03-03,600765,24.0,24.18,24.36,23.9,11080,26752514.0,1.91,0.21,0.05,1.24
2010-03-04,600765,24.18,22.98,24.25,22.9,22457,52759890.0,5.58,-4.96,-1.2,2.5
2010-03-05,600765,22.9,22.67,23.28,22.51,11661,26573271.0,3.35,-1.35,-0.31,1.3
2010-03-08,600765,22.79,22.92,23.1,22.6,8425,19247540.0,2.21,1.1,0.25,0.94
2010-03-09,600765,23.3,23.43,24.35,23.3,21535,51255318.0,4.58,2.23,0.51,2.4
2010-03-10,600765,23.12,22.61,23.61,22.58,12357,28463723.0,4.4,-3.5,-0.82,1.38
2010-03-11,600765,22.7,22.68,22.98,22.41,7884,17851359.0,2.52,0.31,0.07,0.88
2010-03-12,600765,22.6,22.5,22.9,22.5,7415,16810378.0,1.76,-0.79,-0.18,0.83
2010-03-15,600765,22.16,21.79,22.75,21.78,9946,21840259.0,4.31,-3.16,-0.71,1.11
2010-03-16,600765,21.98,21.92,22.0,21.65,5365,11732240.0,1.61,0.6,0.13,0.6
2010-03-17,600765,22.15,22.68,22.69,21.94,7001,15725740.0,3.42,3.47,0.76,0.78
2010-03-18,600765,22.75,22.12,23.1,21.95,18357,41165695.0,5.07,-2.47,-0.56,2.05
2010-03-19,600765,22.14,22.14,22.3,21.45,24436,53280129.0,3.84,0.09,0.02,2.72
2010-03-22,600765,21.99,22.03,22.18,21.79,11877,26058212.0,1.76,-0.5,-0.11,1.32
2010-03-23,600765,22.09,22.13,22.34,21.7,14414,31792132.0,2.91,0.45,0.1,1.61
2010-03-24,600765,22.03,21.97,22.4,21.8,11716,25781787.0,2.71,-0.72,-0.16,1.31
2010-03-25,600765,21.91,21.45,21.93,21.42,12127,26148235.0,2.32,-2.37,-0.52,1.35
2010-03-26,600765,21.05,19.93,21.05,19.31,375938,743613386.0,8.11,-7.09,-1.52,15.06
2010-03-29,600765,19.7,20.12,20.22,19.61,261765,525085171.0,3.06,0.95,0.19,10.48
2010-03-30,600765,20.3,20.51,20.77,20.29,283479,582491272.0,2.39,1.94,0.39,11.35
2010-03-31,600765,20.59,20.68,20.87,20.39,117656,243308545.0,2.34,0.83,0.17,4.71
2010-04-01,600765,20.76,21.7,21.95,20.69,164923,354738929.0,6.09,4.93,1.02,6.6
2010-04-02,600765,21.72,22.25,22.39,21.66,144583,317999499.0,3.36,2.53,0.55,5.79
2010-04-06,600765,22.44,22.69,22.99,22.13,142990,322366669.0,3.87,1.98,0.44,5.73
2010-04-07,600765,22.75,22.74,22.97,22.5,91929,209121118.0,2.07,0.22,0.05,3.68
2010-04-08,600765,22.85,23.16,23.39,22.42,112641,258082306.0,4.27,1.85,0.42,4.51
2010-04-09,600765,22.96,22.9,23.18,22.6,97427,222647615.0,2.5,-1.12,-0.26,3.9
2010-04-12,600765,22.89,23.93,24.0,22.89,144371,339668362.0,4.85,4.5,1.03,5.78
2010-04-13,600765,24.0,23.79,24.38,22.91,142571,337983473.0,6.14,-0.59,-0.14,5.71
2010-04-14,600765,23.79,24.3,24.36,23.51,105645,253941835.0,3.57,2.14,0.51,4.23
2010-04-15,600765,24.33,24.51,24.85,23.95,141824,346119628.0,3.7,0.86,0.21,5.68
2010-04-16,600765,24.48,25.0,25.32,24.0,97754,242342324.0,5.39,2.0,0.49,3.91
2010-04-19,600765,24.97,24.74,25.32,24.05,124681,307234606.0,5.08,-1.04,-0.26,4.99
2010-04-21,600765,25.18,25.18,26.0,24.75,97638,247257387.0,5.05,1.78,0.44,3.91
2010-04-22,600765,25.01,25.34,26.05,24.36,115777,292228087.0,6.71,0.64,0.16,4.64
2010-04-23,600765,25.47,25.36,26.3,25.25,145061,373185687.0,4.14,0.08,0.02,5.81
2010-04-26,600765,25.87,25.57,26.2,25.21,81488,209997668.0,3.9,0.83,0.21,3.26
2010-04-27,600765,25.72,24.4,25.72,23.98,92891,227829917.0,6.8,-4.58,-1.17,3.72
2010-04-28,600765,24.05,24.13,24.7,24.05,76575,186734516.0,2.66,-1.11,-0.27,3.07
2010-04-29,600765,24.46,24.28,25.35,24.2,74914,185559059.0,4.77,0.62,0.15,3.0
2010-04-30,600765,24.28,22.93,24.44,22.75,76877,179116658.0,6.96,-5.56,-1.35,3.08
2010-05-04,600765,22.78,23.03,23.54,22.68,37140,85999529.0,3.75,0.44,0.1,1.49
2010-05-05,600765,22.7,24.45,24.62,22.6,74980,179144134.0,8.77,6.17,1.42,3.0
2010-05-06,600765,24.69,23.84,24.69,23.5,85950,207336973.0,4.87,-2.49,-0.61,3.44
2010-05-07,600765,23.0,24.3,24.67,22.91,77550,187375790.0,7.38,1.93,0.46,3.11
2010-05-10,600765,24.53,23.88,25.1,22.91,100235,242318242.0,9.01,-1.73,-0.42,4.01
2010-05-11,600765,24.5,21.49,24.5,21.49,106306,238118053.0,12.6,-10.01,-2.39,4.26
2010-05-12,600765,20.5,20.68,21.7,20.0,99527,207737172.0,7.91,-3.77,-0.81,3.99
2010-05-13,600765,13.97,14.14,14.3,13.75,82230,115650292.0,2.66,-31.62,-6.54,2.2
2010-05-14,600765,13.95,14.03,14.51,13.7,67960,96152685.0,5.73,-0.78,-0.11,1.81
2010-05-17,600765,13.8,12.63,13.8,12.63,190825,244792336.0,8.34,-9.98,-1.4,5.09
2010-05-18,600765,12.3,12.29,12.6,11.51,142237,169950609.0,8.63,-2.69,-0.34,3.8
2010-05-19,600765,12.2,12.38,12.75,12.08,90481,112970398.0,5.45,0.73,0.09,2.42
2010-05-20,600765,12.25,12.24,13.0,12.02,114970,145267346.0,7.92,-1.13,-0.14,3.07
2010-05-21,600765,11.68,12.79,12.98,11.6,107185,133632021.0,11.27,4.49,0.55,2.86
2010-05-24,600765,13.0,13.4,13.6,12.97,127506,170256573.0,4.93,4.77,0.61,3.4
2010-05-25,600765,13.36,13.62,13.8,13.21,97981,132822728.0,4.4,1.64,0.22,2.62
2010-05-26,600765,13.6,13.61,13.87,13.43,107365,147187016.0,3.23,-0.07,-0.01,2.87
2010-05-27,600765,13.62,13.84,13.9,13.28,83816,114723551.0,4.56,1.69,0.23,2.24
2010-05-28,600765,13.99,13.62,14.04,13.53,79802,109727071.0,3.68,-1.59,-0.22,2.13
2010-05-31,600765,13.53,13.1,13.61,13.09,58841,78732896.0,3.82,-3.82,-0.52,1.57
2010-06-01,600765,13.01,12.55,13.08,12.3,85770,108844803.0,5.95,-4.2,-0.55,2.29
2010-06-02,600765,12.53,12.73,12.96,12.25,43892,55148116.0,5.66,1.43,0.18,1.17
2010-06-03,600765,12.78,12.61,13.0,12.51,64610,82349134.0,3.85,-0.94,-0.12,1.73
2010-06-04,600765,12.58,12.49,12.63,12.32,67345,83821896.0,2.46,-0.95,-0.12,1.8
2010-06-07,600765,12.2,12.86,12.87,12.02,83706,104578530.0,6.81,2.96,0.37,2.23
2010-06-08,600765,12.7,12.98,13.19,12.55,90865,117454949.0,4.98,0.93,0.12,2.43
2010-06-09,600765,12.99,13.08,13.19,12.8,69320,90245915.0,3.0,0.77,0.1,1.85
2010-06-10,600765,13.09,13.71,14.05,13.01,186139,252964231.0,7.95,4.82,0.63,4.97
2010-06-11,600765,13.74,13.81,13.85,13.48,99683,135817187.0,2.7,0.73,0.1,2.66
2010-06-17,600765,13.88,13.27,13.93,13.21,75211,102254681.0,5.21,-3.91,-0.54,2.01
2010-06-18,600765,13.2,12.6,13.43,12.41,75670,97451035.0,7.69,-5.05,-0.67,2.02
2010-06-21,600765,12.3,13.0,13.08,12.3,76935,97354975.0,6.19,3.17,0.4,2.05
2010-06-22,600765,12.8,12.93,13.12,12.8,39959,51878791.0,2.46,-0.54,-0.07,1.07
2010-06-23,600765,12.86,12.53,12.93,12.47,84293,106534550.0,3.56,-3.09,-0.4,2.25
2010-06-24,600765,12.5,12.32,12.55,12.2,88574,109242876.0,2.79,-1.68,-0.21,2.36
2010-06-25,600765,12.2,12.36,12.57,12.16,65324,80679192.0,3.33,0.32,0.04,1.74
2010-06-28,600765,12.36,12.35,12.57,12.26,56487,70212504.0,2.51,-0.08,-0.01,1.51
2010-06-29,600765,12.45,11.17,12.51,11.15,111580,130378295.0,11.01,-9.55,-1.18,2.98
2010-06-30,600765,11.12,10.61,11.19,10.52,83181,89279815.0,6.0,-5.01,-0.56,2.22
2010-07-01,600765,10.6,10.22,10.79,10.08,62126,63958878.0,6.69,-3.68,-0.39,1.66
2010-07-02,600765,10.22,10.49,10.61,9.85,142912,143946345.0,7.44,2.64,0.27,3.82
2010-07-05,600765,10.18,10.67,10.75,10.01,78240,82084343.0,7.05,1.72,0.18,2.09
2010-07-06,600765,10.74,11.21,11.59,10.58,89058,99730744.0,9.47,5.06,0.54,2.38
2010-07-07,600765,11.21,11.23,11.45,11.11,49826,56089302.0,3.03,0.18,0.02,1.33
2010-07-08,600765,11.31,11.24,11.61,11.19,63862,72759540.0,3.74,0.09,0.01,1.71
2010-07-09,600765,11.24,11.82,11.89,11.24,85785,100316174.0,5.78,5.16,0.58,2.29
2010-07-12,600765,11.75,11.82,12.22,11.68,112924,135532379.0,4.57,0.0,0.0,3.01
2010-07-13,600765,11.76,11.82,12.08,11.58,76105,90142478.0,4.23,0.0,0.0,2.03
2010-07-14,600765,11.95,12.03,12.18,11.75,96200,115206369.0,3.64,1.78,0.21,2.57
2010-07-15,600765,12.02,11.4,12.11,11.39,96637,113312853.0,5.99,-5.24,-0.63,2.58
2010-07-16,600765,11.24,11.5,11.59,11.06,65956,74477804.0,4.65,0.88,0.1,1.76
2010-07-19,600765,11.38,11.84,11.97,11.3,103402,120981392.0,5.83,2.96,0.34,2.76
2010-07-20,600765,11.8,12.47,12.63,11.8,131703,162642273.0,7.01,5.32,0.63,3.52
2010-07-21,600765,12.47,12.39,12.76,12.18,109300,136682630.0,4.65,-0.64,-0.08,2.92
2010-07-22,600765,12.35,13.22,13.62,12.28,193439,252634805.0,10.82,6.7,0.83,5.16
2010-07-23,600765,13.04,13.18,13.27,12.8,101196,131827148.0,3.56,-0.3,-0.04,2.7
2010-07-26,600765,13.31,13.41,13.64,13.23,108804,146392126.0,3.11,1.75,0.23,2.9
2010-07-27,600765,13.48,13.41,13.63,13.3,89878,120799788.0,2.46,0.0,0.0,2.4
2010-07-28,600765,13.32,13.71,13.73,13.32,128224,174547646.0,3.06,2.24,0.3,3.42
2010-07-29,600765,13.86,14.19,14.37,13.62,169148,236233429.0,5.47,3.5,0.48,4.52
2010-07-30,600765,14.05,14.21,14.35,13.86,107205,151484914.0,3.45,0.14,0.02,2.86
2010-08-02,600765,14.29,14.4,14.67,14.0,125556,181177371.0,4.71,1.34,0.19,3.35
2010-08-03,600765,14.32,14.01,14.43,14.0,130263,184572932.0,2.99,-2.71,-0.39,3.48
2010-08-04,600765,13.9,14.07,14.1,13.4,150606,207396462.0,5.0,0.43,0.06,4.02
2010-08-05,600765,14.2,14.34,14.57,13.91,151371,217242658.0,4.69,1.92,0.27,4.04
2010-08-06,600765,14.44,14.5,14.57,14.0,115862,166210620.0,3.97,1.12,0.16,3.09
2010-08-09,600765,14.5,14.44,14.81,14.2,134238,193692758.0,4.21,-0.41,-0.06,3.58
2010-08-10,600765,14.5,13.54,14.52,13.53,162932,227515001.0,6.86,-6.23,-0.9,4.35
2010-08-11,600765,13.58,13.74,13.77,13.28,106794,144838558.0,3.62,1.48,0.2,2.85
2010-08-12,600765,13.67,13.85,14.08,13.38,142390,195581530.0,5.09,0.8,0.11,3.8
2010-08-13,600765,13.85,14.55,14.62,13.62,204410,290084181.0,7.22,5.05,0.7,5.46
2010-08-16,600765,14.61,15.0,15.27,14.48,227287,339892402.0,5.43,3.09,0.45,6.07
2010-08-17,600765,15.01,15.1,15.19,14.9,132832,199886978.0,1.93,0.67,0.1,3.55
2010-08-18,600765,15.1,15.06,15.28,14.75,118066,176987313.0,3.51,-0.26,-0.04,3.15
2010-08-19,600765,15.1,14.85,15.1,14.78,116474,173819448.0,2.12,-1.39,-0.21,3.11
2010-08-20,600765,14.74,14.3,14.8,14.25,150497,217198270.0,3.7,-3.7,-0.55,4.02
2010-08-23,600765,14.36,14.29,14.57,14.15,109048,156502515.0,2.94,-0.07,-0.01,2.91
2010-08-24,600765,14.35,14.44,14.6,14.0,92493,133305307.0,4.2,1.05,0.15,2.47
2010-08-25,600765,14.25,13.97,14.43,13.8,123660,173473722.0,4.36,-3.25,-0.47,3.3
2010-08-26,600765,13.97,14.07,14.18,13.9,48397,67829937.0,2.0,0.72,0.1,1.29
2010-08-27,600765,14.0,14.19,14.28,13.8,60224,84911072.0,3.41,0.85,0.12,1.61
2010-08-30,600765,14.3,14.68,14.81,14.23,94407,138056719.0,4.09,3.45,0.49,2.52
2010-08-31,600765,14.61,14.74,14.85,14.4,139132,203670214.0,3.07,0.41,0.06,3.71
2010-09-01,600765,14.7,14.61,14.9,14.24,112686,163602164.0,4.48,-0.88,-0.13,3.01
2010-09-02,600765,14.73,14.85,14.85,14.42,147633,217314460.0,2.94,1.64,0.24,3.94
2010-09-03,600765,14.94,15.15,15.49,14.9,244531,372969994.0,3.97,2.02,0.3,6.53
2010-09-06,600765,15.35,15.17,15.54,14.85,145704,220158148.0,4.55,0.13,0.02,3.89
2010-09-07,600765,15.2,16.05,16.22,14.96,271812,426101379.0,8.31,5.8,0.88,7.26
2010-09-08,600765,15.96,16.4,16.88,15.75,237749,391115116.0,7.04,2.18,0.35,6.35
2010-09-09,600765,16.4,16.78,16.96,16.1,245651,408630166.0,5.24,2.32,0.38,6.56
2010-09-10,600765,16.77,18.0,18.46,16.45,306346,529324016.0,11.98,7.27,1.22,8.18
2010-10-29,600765,19.8,19.8,19.8,19.8,3932,7784528.0,0.0,10.0,1.8,0.1
2010-11-01,600765,21.78,21.78,21.78,21.78,9025,19655361.0,0.0,10.0,1.98,0.24
2010-11-02,600765,23.96,23.96,23.96,23.96,23111,55373501.0,0.0,10.01,2.18,0.62
2010-11-03,600765,26.36,22.28,26.36,21.91,818547,1939038769.0,18.57,-7.01,-1.68,21.85
2010-11-04,600765,22.59,22.72,23.8,21.51,572232,1299081369.0,10.28,1.97,0.44,15.28
2010-11-05,600765,22.94,23.03,23.77,22.0,525258,1215812005.0,7.79,1.36,0.31,14.02
2010-11-08,600765,22.85,22.09,22.85,21.3,447380,983250763.0,6.73,-4.08,-0.94,11.94
2010-11-09,600765,22.3,21.99,22.59,21.5,287479,635886806.0,4.93,-0.45,-0.1,7.68
2010-11-10,600765,21.84,21.58,21.84,20.91,326941,697709003.0,4.23,-1.86,-0.41,8.73
2010-11-11,600765,21.3,21.61,22.28,21.13,280650,614648059.0,5.33,0.14,0.03,7.49
2010-11-12,600765,21.38,19.59,21.4,19.45,303137,620897425.0,9.02,-9.35,-2.02,8.09
2010-11-15,600765,19.9,20.19,20.6,19.57,173444,347401631.0,5.26,3.06,0.6,4.63
2010-11-16,600765,20.22,20.65,21.37,20.01,271548,563594070.0,6.74,2.28,0.46,7.25
2010-11-17,600765,20.5,20.3,21.28,19.9,223511,465798134.0,6.68,-1.69,-0.35,5.97
2010-11-18,600765,20.45,19.8,20.85,19.01,174674,344303531.0,9.06,-2.46,-0.5,4.66
2010-11-19,600765,19.87,20.23,20.3,18.8,169242,332405341.0,7.58,2.17,0.43,4.52
2010-11-22,600765,19.78,20.9,21.0,19.68,194808,400241664.0,6.52,3.31,0.67,5.2
2010-11-23,600765,20.6,19.91,20.88,19.06,142765,284881141.0,8.71,-4.74,-0.99,3.81
2010-11-24,600765,19.8,20.79,20.94,19.78,154257,315501739.0,5.83,4.42,0.88,4.12
2010-11-25,600765,20.95,21.42,21.58,20.71,203811,433919986.0,4.18,3.03,0.63,5.44
2010-11-26,600765,21.49,20.89,21.51,20.69,103791,218186319.0,3.83,-2.47,-0.53,2.77
2010-11-29,600765,20.65,20.24,20.99,20.0,102481,208254633.0,4.74,-3.11,-0.65,2.74
2010-11-30,600765,20.24,19.72,20.4,19.0,105809,207661078.0,6.92,-2.57,-0.52,2.82
2010-12-01,600765,19.74,19.73,19.98,19.3,55042,108198447.0,3.45,0.05,0.01,1.47
2010-12-02,600765,19.91,19.87,20.2,19.62,60453,120546451.0,2.94,0.71,0.14,1.61
2010-12-03,600765,19.74,19.41,19.94,19.3,51521,100312633.0,3.22,-2.32,-0.46,1.38
2010-12-06,600765,19.46,18.88,19.58,18.75,55647,105995723.0,4.28,-2.73,-0.53,1.49
2010-12-07,600765,18.86,19.44,19.47,18.86,56974,109586978.0,3.23,2.97,0.56,1.52
2010-12-08,600765,19.45,19.7,19.98,19.19,77298,152652788.0,4.06,1.34,0.26,2.06
2010-12-09,600765,19.6,19.04,19.79,19.0,51375,99281951.0,4.01,-3.35,-0.66,1.37
2010-12-10,600765,18.98,19.39,19.51,18.89,60290,115659941.0,3.26,1.84,0.35,1.61
2010-12-13,600765,19.48,20.47,20.57,19.45,118480,239609342.0,5.78,5.57,1.08,3.16
2010-12-14,600765,20.7,20.92,21.32,20.38,120889,252236444.0,4.59,2.2,0.45,3.23
2010-12-15,600765,21.2,21.25,21.79,20.94,162634,348760259.0,4.06,1.58,0.33,4.34
2010-12-16,600765,21.28,21.07,21.55,20.81,89365,189008132.0,3.48,-0.85,-0.18,2.39
2010-12-17,600765,21.09,21.08,21.3,20.86,50232,105377780.0,2.09,0.05,0.01,1.34
2010-12-20,600765,20.95,21.7,21.9,20.75,230024,494196246.0,5.46,2.94,0.62,6.14
2010-12-21,600765,21.59,21.0,21.59,20.9,145400,307126340.0,3.18,-3.23,-0.7,3.88
2010-12-22,600765,21.0,21.11,21.15,20.45,109398,226910269.0,3.33,0.52,0.11,2.92
2010-12-23,600765,20.95,20.13,20.95,20.1,58072,119036061.0,4.03,-4.64,-0.98,1.55
2010-12-24,600765,20.08,19.34,20.08,19.2,60619,118180823.0,4.37,-3.92,-0.79,1.62
2010-12-27,600765,19.25,19.0,19.97,18.78,69179,134219435.0,6.15,-1.76,-0.34,1.85
2010-12-28,600765,19.01,18.11,19.13,17.94,89532,163579141.0,6.26,-4.68,-0.89,2.39
2010-12-29,600765,18.03,17.99,18.3,17.6,71862,128371671.0,3.87,-0.66,-0.12,1.92
2010-12-30,600765,17.93,18.75,18.87,17.75,80829,147066026.0,6.23,4.22,0.76,2.16
2010-12-31,600765,18.75,18.94,19.17,18.6,94095,177157058.0,3.04,1.01,0.19,2.51
2011-01-04,600765,18.98,19.72,19.92,18.42,150876,285465172.0,7.92,4.12,0.78,1.94
2011-01-05,600765,19.4,20.24,20.86,19.28,124008,250009643.0,8.01,2.64,0.52,1.59
2011-01-06,600765,20.24,20.38,21.06,20.24,118271,244406700.0,4.05,0.69,0.14,1.52
2011-01-07,600765,20.33,19.7,20.48,19.65,75344,150840132.0,4.07,-3.34,-0.68,0.97
2011-01-10,600765,19.61,18.94,19.7,18.85,74953,143667297.0,4.31,-3.86,-0.76,0.96
2011-01-11,600765,18.88,18.78,18.9,18.03,45017,83322826.0,4.59,-0.84,-0.16,0.58
2011-01-12,600765,18.82,19.37,19.45,18.46,54974,105115475.0,5.27,3.14,0.59,0.71
2011-01-13,600765,19.35,18.85,19.4,18.67,45669,86256209.0,3.77,-2.68,-0.52,0.59
2011-01-14,600765,18.67,17.73,18.84,17.72,106479,191826528.0,5.94,-5.94,-1.12,1.37
2011-01-17,600765,17.5,16.65,17.96,16.56,77167,131141019.0,7.9,-6.09,-1.08,0.99
2011-01-18,600765,16.59,17.14,17.21,16.59,65387,110233579.0,3.72,2.94,0.49,0.84
2011-01-19,600765,17.1,17.72,17.98,16.8,79323,138841176.0,6.88,3.38,0.58,1.02
2011-01-20,600765,17.52,16.82,17.69,16.8,38918,66782071.0,5.02,-5.08,-0.9,0.5
2011-01-21,600765,16.75,17.2,17.61,16.6,42860,73999330.0,6.0,2.26,0.38,0.55
2011-01-24,600765,17.25,16.75,17.39,16.62,37634,63472458.0,4.48,-2.62,-0.45,0.48
2011-01-25,600765,16.75,16.64,16.98,16.35,36198,60434449.0,3.76,-0.66,-0.11,0.47
2011-01-26,600765,16.75,17.04,17.2,16.64,24093,40974008.0,3.37,2.4,0.4,0.31
2011-01-27,600765,16.95,17.98,18.27,16.88,105212,187697085.0,8.16,5.52,0.94,1.35
2011-01-28,600765,17.85,18.13,18.72,17.77,63739,116704843.0,5.28,0.83,0.15,0.82
2011-01-31,600765,18.08,18.77,19.17,17.97,73445,137924776.0,6.62,3.53,0.64,0.94
2011-02-01,600765,18.77,18.84,19.08,18.5,52197,98419014.0,3.09,0.37,0.07,0.67
2011-02-09,600765,18.61,18.99,19.4,18.51,65075,124082025.0,4.72,0.8,0.15,0.84
2011-02-10,600765,19.0,19.57,19.58,18.58,82561,158910600.0,5.27,3.05,0.58,1.06
2011-02-11,600765,19.59,19.36,19.75,19.25,51079,99369178.0,2.55,-1.07,-0.21,0.66
2011-02-14,600765,19.16,19.44,19.78,19.13,80002,156485165.0,3.36,0.41,0.08,1.03
2011-02-15,600765,19.44,19.56,19.92,19.3,93037,183223023.0,3.19,0.62,0.12,1.2
2011-02-16,600765,19.58,19.95,19.97,18.98,103188,201000299.0,5.06,1.99,0.39,1.33
2011-02-17,600765,19.96,20.09,20.21,19.3,148949,295810626.0,4.56,0.7,0.14,1.91
2011-02-18,600765,20.09,19.87,20.47,19.7,78511,157728931.0,3.83,-1.1,-0.22,1.01
2011-02-21,600765,19.65,20.21,20.35,19.56,76795,154043023.0,3.98,1.71,0.34,0.99
2011-02-22,600765,20.25,19.17,20.39,19.16,100271,196973933.0,6.09,-5.15,-1.04,1.29
2011-02-23,600765,19.15,19.01,19.38,18.71,62160,118132412.0,3.5,-0.83,-0.16,0.8
2011-02-24,600765,19.01,19.2,19.42,18.88,44396,85218510.0,2.84,1.0,0.19,0.57
2011-02-25,600765,19.34,19.29,19.56,19.11,39300,76039347.0,2.34,0.47,0.09,0.51
2011-02-28,600765,19.4,19.46,19.48,19.14,89286,172804165.0,1.76,0.88,0.17,1.15
2011-03-01,600765,19.58,18.69,19.58,18.61,226324,427768125.0,4.98,-3.96,-0.77,2.91
2011-03-02,600765,18.69,18.73,19.05,18.2,137642,256166831.0,4.55,0.21,0.04,1.77
2011-03-03,600765,18.74,18.24,18.97,18.2,97920,181739230.0,4.11,-2.62,-0.49,1.26
2011-03-04,600765,18.21,18.78,18.9,18.21,95977,178742827.0,3.78,2.96,0.54,1.23
2011-03-07,600765,18.8,19.17,19.29,18.8,96421,184446885.0,2.61,2.08,0.39,1.24
2011-03-08,600765,19.2,18.93,19.25,18.68,112773,213123428.0,2.97,-1.25,-0.24,1.45
2011-03-09,600765,18.94,18.96,19.21,18.81,87499,166103405.0,2.11,0.16,0.03,1.12
2011-03-10,600765,18.9,18.71,19.0,18.46,165981,309291609.0,2.85,-1.32,-0.25,2.13
2011-03-11,600765,18.67,18.4,18.85,18.33,70448,130904143.0,2.78,-1.66,-0.31,0.91
2011-03-14,600765,18.33,18.49,18.65,18.25,46776,86378509.0,2.17,0.49,0.09,0.6
2011-03-15,600765,18.45,18.23,18.46,17.55,81856,146801119.0,4.92,-1.41,-0.26,1.05
2011-03-16,600765,18.2,18.42,18.7,17.9,79920,146900635.0,4.39,1.04,0.19,1.03
2011-03-17,600765,18.21,18.07,18.5,17.92,65044,118061733.0,3.15,-1.9,-0.35,0.84
2011-03-18,600765,18.17,18.17,18.4,17.98,47148,85574419.0,2.32,0.55,0.1,0.61
2011-03-21,600765,18.27,18.28,18.54,18.0,91168,166589551.0,2.97,0.61,0.11,1.17
2011-03-22,600765,18.29,18.0,18.37,17.9,60181,108590232.0,2.57,-1.53,-0.28,0.77
2011-03-23,600765,18.0,18.1,18.17,17.8,102614,184256051.0,2.06,0.56,0.1,1.32
2011-03-24,600765,18.14,17.96,18.16,17.89,100830,181597091.0,1.49,-0.77,-0.14,1.3
2011-03-25,600765,18.1,19.76,19.76,18.1,436632,845357553.0,9.24,10.02,1.8,5.61
2011-03-28,600765,19.77,20.51,20.6,19.26,463838,920150740.0,6.78,3.8,0.75,5.96
2011-03-29,600765,20.1,19.75,20.76,19.52,265915,535476447.0,6.05,-3.71,-0.76,3.42
2011-03-30,600765,19.63,20.17,20.49,19.28,189532,377285573.0,6.13,2.13,0.42,2.44
2011-03-31,600765,20.15,20.11,20.86,20.06,218743,446868455.0,3.97,-0.3,-0.06,2.81
2011-04-01,600765,19.87,20.64,20.84,19.8,238964,490401382.0,5.17,2.64,0.53,3.07
2011-04-06,600765,20.5,20.64,21.16,20.17,195379,404228420.0,4.8,0.0,0.0,2.51
2011-04-07,600765,20.44,20.71,21.3,20.44,213799,446811881.0,4.17,0.34,0.07,2.75
2011-04-08,600765,20.6,20.58,20.78,20.19,145582,297495042.0,2.85,-0.63,-0.13,1.87
2011-04-11,600765,20.5,19.26,20.58,19.22,233044,460650542.0,6.61,-6.41,-1.32,3.0
2011-04-12,600765,19.26,19.54,19.6,19.13,124368,241448668.0,2.44,1.45,0.28,1.6
2011-04-13,600765,19.48,19.76,19.87,19.15,81005,157978097.0,3.68,1.13,0.22,1.04
2011-04-14,600765,19.76,19.47,19.95,19.41,69442,136682399.0,2.73,-1.47,-0.29,0.89
2011-04-15,600765,19.43,19.43,19.52,19.03,78155,150434924.0,2.52,-0.21,-0.04,1.0
2011-04-18,600765,19.21,19.59,19.88,19.21,77499,150909348.0,3.45,0.82,0.16,1.0
2011-04-19,600765,19.45,19.07,19.45,18.96,79764,152611031.0,2.5,-2.65,-0.52,1.03
2011-04-20,600765,19.16,19.32,19.55,19.11,52771,101820516.0,2.31,1.31,0.25,0.68
2011-04-21,600765,19.3,19.41,19.52,19.25,62285,120867542.0,1.4,0.47,0.09,0.8
2011-04-22,600765,19.45,19.69,19.95,19.45,91023,179151726.0,2.58,1.44,0.28,1.17
2011-04-25,600765,19.74,19.16,19.77,19.0,67048,129764760.0,3.91,-2.69,-0.53,0.86
2011-04-26,600765,18.8,18.36,19.04,18.18,119124,220465612.0,4.49,-4.18,-0.8,1.53
2011-04-27,600765,18.5,17.59,18.59,17.42,61773,110788100.0,6.37,-4.19,-0.77,0.79
2011-04-28,600765,17.6,17.0,17.85,16.9,86278,149441594.0,5.4,-3.35,-0.59,1.11
2011-04-29,600765,17.0,17.2,17.27,16.9,47991,82158937.0,2.18,1.18,0.2,0.62
2011-05-03,600765,17.22,17.57,17.7,17.14,44437,77296244.0,3.26,2.15,0.37,0.57
2011-05-04,600765,17.5,17.01,17.56,16.99,48503,83334526.0,3.24,-3.19,-0.56,0.62
2011-05-06,600765,17.17,17.06,17.32,16.8,37917,64771183.0,3.06,0.29,0.05,0.49
2011-05-09,600765,17.03,17.23,17.39,17.03,34580,59603176.0,2.11,1.0,0.17,0.44
2011-05-10,600765,17.4,17.38,17.5,17.11,26466,45830974.0,2.26,0.87,0.15,0.34
2011-05-11,600765,17.5,17.78,17.98,17.39,73060,130017716.0,3.39,2.3,0.4,0.94
2011-05-12,600765,17.58,17.35,17.9,17.32,33630,59126140.0,3.26,-2.42,-0.43,0.43
2011-05-13,600765,17.41,17.35,17.59,16.81,39893,68275462.0,4.5,0.0,0.0,0.51
2011-05-16,600765,17.35,17.11,17.35,17.07,20258,34788809.0,1.61,-1.38,-0.24,0.26
2011-05-17,600765,17.01,17.15,17.5,16.8,39956,68281404.0,4.09,0.23,0.04,0.51
2011-05-18,600765,17.08,17.15,17.25,16.99,29470,50391576.0,1.52,0.0,0.0,0.38
2011-05-19,600765,17.16,16.91,17.24,16.85,31996,54576146.0,2.27,-1.4,-0.24,0.41
2011-05-20,600765,16.9,17.02,17.05,16.76,27962,47287152.0,1.71,0.65,0.11,0.36
2011-05-23,600765,17.02,16.08,17.17,15.99,38156,63286329.0,6.93,-5.52,-0.94,0.49
2011-05-24,600765,16.0,15.75,16.24,15.25,66286,103567543.0,6.16,-2.05,-0.33,0.85
2011-05-25,600765,15.72,15.46,15.72,15.28,49815,76856535.0,2.79,-1.84,-0.29,0.64
2011-05-26,600765,15.55,14.88,15.67,14.87,54320,82262958.0,5.17,-3.75,-0.58,0.7
2011-05-27,600765,14.96,14.64,14.96,14.3,54330,78801803.0,4.44,-1.61,-0.24,0.7
2011-05-30,600765,14.49,14.16,14.67,14.0,46482,66720765.0,4.58,-3.28,-0.48,0.6
2011-05-31,600765,14.21,14.47,14.64,14.17,56467,81169616.0,3.32,2.19,0.31,0.73
2011-06-01,600765,14.45,14.76,14.9,14.31,45790,67341987.0,4.08,2.0,0.29,0.59
2011-06-02,600765,14.53,15.03,15.09,14.46,73937,110095868.0,4.27,1.83,0.27,0.95
2011-06-03,600765,15.0,15.24,15.35,14.89,34739,52514281.0,3.06,1.4,0.21,0.45
2011-06-07,600765,15.28,15.22,15.38,14.98,29864,45286487.0,2.62,-0.13,-0.02,0.38
2011-06-08,600765,15.2,15.13,15.25,14.89,32502,48868169.0,2.37,-0.59,-0.09,0.42
2011-06-09,600765,15.13,14.5,15.29,14.5,48787,72369836.0,5.22,-4.16,-0.63,0.63
2011-06-10,600765,14.49,14.88,14.94,14.18,54677,79429666.0,5.24,2.62,0.38,0.7
2011-06-13,600765,14.7,15.13,15.72,14.7,81811,125140972.0,6.85,1.68,0.25,1.05
2011-06-14,600765,15.18,15.01,15.31,14.88,121972,183407689.0,2.84,-0.79,-0.12,1.57
2011-06-15,600765,15.02,14.65,15.13,14.53,46024,68273577.0,4.0,-2.4,-0.36,0.59
2011-06-16,600765,14.5,14.4,14.5,14.0,65298,93106121.0,3.41,-1.71,-0.25,0.84
2011-06-17,600765,14.35,13.77,14.5,13.7,91855,129173085.0,5.56,-4.38,-0.63,1.18
2011-06-20,600765,13.82,13.15,13.98,12.99,99149,131797946.0,7.19,-4.5,-0.62,1.27
2011-06-21,600765,13.2,13.56,13.65,13.2,68068,91559921.0,3.42,3.12,0.41,0.87
2011-06-22,600765,13.59,13.37,13.7,13.2,48342,65576039.0,3.69,-1.4,-0.19,0.62
2011-06-23,600765,13.29,13.78,13.92,13.2,49341,67114724.0,5.39,3.07,0.41,0.63
2011-06-24,600765,13.9,15.06,15.16,13.7,235908,353554674.0,10.6,9.29,1.28,3.03
2011-06-27,600765,14.8,15.26,15.67,14.72,272412,412657511.0,6.31,1.33,0.2,3.5
2011-06-28,600765,15.23,14.99,15.23,14.78,125400,187469869.0,2.95,-1.77,-0.27,1.61
2011-06-29,600765,14.87,14.75,15.1,14.73,66355,98855860.0,2.47,-1.6,-0.24,0.85
2011-06-30,600765,14.7,15.0,15.05,14.65,82200,122678249.0,2.71,1.69,0.25,1.06
2011-07-01,600765,15.0,14.91,15.1,14.83,58014,86634185.0,1.8,-0.6,-0.09,0.75
2011-07-04,600765,15.0,15.36,15.41,14.93,118536,179703182.0,3.22,3.02,0.45,1.52
2011-07-05,600765,15.33,15.43,15.55,15.2,114442,175888174.0,2.28,0.46,0.07,1.47
2011-07-06,600765,15.43,15.67,15.76,15.18,106627,164855116.0,3.76,1.56,0.24,1.37
2011-07-07,600765,15.68,15.25,15.75,15.24,110319,170459582.0,3.25,-2.68,-0.42,1.42
2011-07-08,600765,15.21,15.08,15.39,14.95,79289,119764534.0,2.89,-1.11,-0.17,1.02
2011-07-11,600765,15.07,15.24,15.46,14.9,58198,88617603.0,3.71,1.06,0.16,0.75
2011-07-12,600765,15.11,14.92,15.23,14.91,60236,90518366.0,2.1,-2.1,-0.32,0.77
2011-07-13,600765,14.92,15.2,15.33,14.9,59782,90860215.0,2.88,1.88,0.28,0.77
2011-07-14,600765,15.25,15.52,15.55,15.25,71703,110666775.0,1.97,2.11,0.32,0.92
2011-07-15,600765,15.56,15.57,15.7,15.41,78992,123245667.0,1.87,0.32,0.05,1.02
2011-07-18,600765,15.59,16.02,16.16,15.51,96536,154143462.0,4.17,2.89,0.45,1.24
2011-07-19,600765,16.05,16.17,16.58,15.76,129395,209401648.0,5.12,0.94,0.15,1.66
2011-07-20,600765,16.29,15.8,16.45,15.72,103509,166247149.0,4.51,-2.29,-0.37,1.33
2011-07-21,600765,16.15,16.23,16.74,16.15,182014,298264110.0,3.73,2.72,0.43,2.34
2011-07-22,600765,16.29,16.4,16.56,16.0,96949,158048558.0,3.45,1.05,0.17,1.25
2011-07-25,600765,16.34,16.61,17.22,16.15,192081,322711782.0,6.52,1.28,0.21,2.47
2011-07-26,600765,16.72,17.19,17.28,16.59,182523,310268115.0,4.15,3.49,0.58,2.35
2011-07-27,600765,17.28,17.19,17.33,16.93,149941,257000950.0,2.33,0.0,0.0,1.93
2011-07-28,600765,17.15,16.54,17.15,16.41,136985,227887199.0,4.3,-3.78,-0.65,1.76
2011-07-29,600765,16.54,16.13,16.85,15.9,98252,160088253.0,5.74,-2.48,-0.41,1.26
2011-08-01,600765,16.12,16.08,16.35,16.01,53742,86883945.0,2.11,-0.31,-0.05,0.69
2011-08-02,600765,16.08,15.54,16.1,15.2,85832,132963292.0,5.6,-3.36,-0.54,1.1
2011-08-03,600765,15.35,15.32,15.67,15.1,81034,124688991.0,3.67,-1.42,-0.22,1.04
2011-08-04,600765,15.51,15.85,15.89,15.41,97476,152735868.0,3.13,3.46,0.53,1.25
2011-08-05,600765,15.21,15.38,15.75,15.0,65264,100815510.0,4.73,-2.97,-0.47,0.84
2011-08-08,600765,15.1,13.98,15.36,13.88,122345,176112701.0,9.62,-9.1,-1.4,1.57
2011-08-09,600765,13.4,14.18,14.3,13.05,109115,149839845.0,8.94,1.43,0.2,1.4
2011-08-10,600765,14.85,14.44,15.0,14.36,125574,183810013.0,4.51,1.83,0.26,1.61
2011-08-11,600765,14.07,14.87,15.07,14.07,116133,171659356.0,6.93,2.98,0.43,1.49
2011-08-12,600765,15.0,14.79,15.06,14.63,72812,108091085.0,2.89,-0.54,-0.08,0.94
2011-08-15,600765,14.8,14.85,14.95,14.6,76208,112706879.0,2.37,0.41,0.06,0.98
2011-08-16,600765,14.88,14.31,14.9,14.22,97158,140574918.0,4.58,-3.64,-0.54,1.25
2011-08-17,600765,14.31,14.17,14.37,14.03,58762,83242409.0,2.38,-0.98,-0.14,0.76
2011-08-18,600765,14.13,13.92,14.34,13.9,44633,63061030.0,3.11,-1.76,-0.25,0.57
2011-08-19,600765,13.6,13.66,13.73,13.42,54798,74404308.0,2.23,-1.87,-0.26,0.7
2011-08-22,600765,13.66,13.47,13.89,13.42,37015,50444973.0,3.44,-1.39,-0.19,0.48
2011-08-23,600765,13.55,13.59,13.68,13.39,78291,105753766.0,2.15,0.89,0.12,1.01
2011-08-24,600765,13.52,12.79,13.54,12.75,350937,459899264.0,5.81,-5.89,-0.8,4.51
2011-08-25,600765,12.7,12.98,13.01,12.29,266028,334707872.0,5.63,1.49,0.19,3.42
2011-08-26,600765,12.71,12.81,12.95,12.65,132036,169029903.0,2.31,-1.31,-0.17,1.7
2011-08-29,600765,12.81,12.86,12.96,12.62,143160,183308419.0,2.65,0.39,0.05,1.84
2011-08-30,600765,12.85,12.82,13.04,12.75,99390,128175148.0,2.26,-0.31,-0.04,1.28
2011-08-31,600765,12.75,12.71,12.88,12.52,57847,73326707.0,2.81,-0.86,-0.11,0.74
2011-09-01,600765,12.69,12.59,12.83,12.55,50579,64192064.0,2.2,-0.94,-0.12,0.65
2011-09-02,600765,12.52,12.26,12.62,12.2,64854,79859424.0,3.34,-2.62,-0.33,0.83
2011-09-05,600765,12.11,11.75,12.11,11.73,66525,79233166.0,3.1,-4.16,-0.51,0.86
2011-09-06,600765,11.63,11.67,11.83,11.54,39240,45799729.0,2.47,-0.68,-0.08,0.5
2011-09-07,600765,11.77,11.9,11.91,11.64,47893,56548956.0,2.31,1.97,0.23,0.62
2011-09-08,600765,12.05,11.91,12.18,11.9,66949,80595369.0,2.35,0.08,0.01,0.86
2011-09-09,600765,11.9,11.81,12.03,11.7,32895,38996766.0,2.77,-0.84,-0.1,0.42
2011-09-13,600765,11.54,11.49,11.67,11.35,34422,39595580.0,2.71,-2.71,-0.32,0.44
2011-09-14,600765,11.59,11.62,11.67,11.23,41042,47193851.0,3.83,1.13,0.13,0.53
2011-09-15,600765,11.64,11.77,11.88,11.55,46463,54666645.0,2.84,1.29,0.15,0.6
2011-09-16,600765,11.85,11.77,11.93,11.71,70750,83484865.0,1.87,0.0,0.0,0.91
2011-09-19,600765,11.7,11.38,11.7,11.36,42249,48434728.0,2.89,-3.31,-0.39,0.54
2011-09-20,600765,11.25,11.76,11.98,11.17,72180,83900218.0,7.12,3.34,0.38,0.93
2011-09-21,600765,11.68,12.08,12.1,11.52,91094,108266818.0,4.93,2.72,0.32,1.17
2011-09-22,600765,11.9,11.58,12.0,11.57,56901,67067267.0,3.56,-4.14,-0.5,0.73
2011-09-23,600765,11.31,11.41,11.62,11.25,40571,46279079.0,3.2,-1.47,-0.17,0.52
2011-09-26,600765,11.39,11.25,11.5,11.22,34836,39543093.0,2.45,-1.4,-0.16,0.45
2011-09-27,600765,11.38,11.37,11.43,11.2,37229,42145703.0,2.04,1.07,0.12,0.48
2011-09-28,600765,11.44,11.19,11.54,11.16,46044,52279146.0,3.34,-1.58,-0.18,0.59
2011-09-29,600765,11.05,10.39,11.13,10.3,89485,94707341.0,7.42,-7.15,-0.8,1.15
2011-09-30,600765,10.45,10.14,10.49,9.98,61456,62451136.0,4.91,-2.41,-0.25,0.79
2011-10-10,600765,10.15,9.98,10.27,9.94,39190,39302025.0,3.25,-1.58,-0.16,0.5
2011-10-11,600765,10.28,9.89,10.4,9.61,65888,65659404.0,7.92,-0.9,-0.09,0.85
2011-10-12,600765,9.72,10.24,10.29,9.66,72125,72577594.0,6.37,3.54,0.35,0.93
2011-10-13,600765,10.22,10.45,10.5,10.16,73069,75991494.0,3.32,2.05,0.21,0.94
2011-10-14,600765,10.48,10.31,10.49,10.2,44943,46328600.0,2.78,-1.34,-0.14,0.58
2011-10-17,600765,10.31,10.82,10.84,10.28,139803,147883348.0,5.43,4.95,0.51,1.8
2011-10-18,600765,10.7,10.46,10.82,10.45,90935,96868754.0,3.42,-3.33,-0.36,1.17
2011-10-19,600765,10.49,10.25,10.56,10.15,45543,46883151.0,3.92,-2.01,-0.21,0.59
2011-10-20,600765,10.19,9.72,10.19,9.4,74382,72318963.0,7.71,-5.17,-0.53,0.96
2011-10-21,600765,9.65,9.31,9.76,9.1,81356,76398137.0,6.79,-4.22,-0.41,1.05
2011-10-24,600765,9.24,9.31,9.36,8.88,85703,78326052.0,5.16,0.0,0.0,1.1
2011-10-25,600765,9.28,9.61,9.78,9.11,95497,90170919.0,7.2,3.22,0.3,1.23
2011-10-26,600765,9.53,9.73,9.9,9.46,91972,89356318.0,4.58,1.25,0.12,1.18
2011-10-27,600765,9.73,9.79,9.94,9.65,74053,72716983.0,2.98,0.62,0.06,0.95
2011-10-28,600765,9.89,10.06,10.12,9.82,69351,69156790.0,3.06,2.76,0.27,0.89
2011-10-31,600765,10.14,10.29,10.44,10.08,121318,125220548.0,3.58,2.29,0.23,1.56
2011-11-01,600765,10.18,10.12,10.24,10.03,65145,65991547.0,2.04,-1.65,-0.17,0.84
2011-11-02,600765,9.87,10.2,10.24,9.8,53605,53471529.0,4.35,0.79,0.08,0.69
2011-11-03,600765,10.24,10.29,10.77,10.24,111547,117095810.0,5.2,0.88,0.09,1.43
2011-11-04,600765,10.41,10.74,10.8,10.32,104955,110593196.0,4.66,4.37,0.45,1.35
2011-11-07,600765,10.69,10.86,10.97,10.57,107879,117111779.0,3.72,1.12,0.12,1.39
2011-11-08,600765,10.81,10.55,10.81,10.51,65550,69682506.0,2.76,-2.85,-0.31,0.84
2011-11-09,600765,10.57,10.86,10.95,10.3,113046,121156411.0,6.16,2.94,0.31,1.45
2011-11-10,600765,10.77,10.63,11.15,10.61,102628,111377752.0,4.97,-2.12,-0.23,1.32
2011-11-11,600765,10.61,10.51,10.73,10.43,46342,48964893.0,2.82,-1.13,-0.12,0.6
2011-11-15,600765,10.7,10.74,10.94,10.65,78441,84489133.0,2.76,2.19,0.23,1.01
2011-11-16,600765,10.71,10.48,10.97,10.4,82190,88050715.0,5.31,-2.42,-0.26,1.06
2011-11-17,600765,10.48,10.69,10.85,10.48,61875,66213780.0,3.53,2.0,0.21,0.8
2011-11-18,600765,10.51,10.26,10.56,10.21,64934,67172627.0,3.27,-4.02,-0.43,0.83
2011-11-21,600765,10.15,9.96,10.26,9.86,43210,43142399.0,3.9,-2.92,-0.3,0.56
2011-11-22,600765,9.87,9.91,9.99,9.68,39962,39305966.0,3.11,-0.5,-0.05,0.51
2011-11-23,600765,9.92,9.84,10.09,9.83,34734,34459820.0,2.62,-0.71,-0.07,0.45
2011-11-24,600765,9.73,9.72,9.86,9.64,26323,25608392.0,2.24,-1.22,-0.12,0.34
2011-11-25,600765,9.8,9.79,10.08,9.69,64605,64140987.0,4.01,0.72,0.07,0.83
2011-11-28,600765,9.8,9.68,9.88,9.6,28836,27974568.0,2.86,-1.12,-0.11,0.37
2011-11-29,600765,9.83,9.93,9.96,9.72,40451,39887898.0,2.48,2.58,0.25,0.52
2011-11-30,600765,9.89,9.28,9.95,8.99,59776,56557071.0,9.67,-6.55,-0.65,0.77
2011-12-01,600765,9.59,9.48,9.66,9.38,54763,52273457.0,3.02,2.16,0.2,0.7
2011-12-02,600765,9.46,9.25,9.46,9.15,34852,32295637.0,3.27,-2.43,-0.23,0.45
2011-12-05,600765,9.2,8.76,9.25,8.72,42709,38111920.0,5.73,-5.3,-0.49,0.55
2011-12-06,600765,8.79,8.77,8.83,8.6,28405,24647485.0,2.63,0.11,0.01,0.37
2011-12-07,600765,8.76,8.72,8.92,8.69,33458,29435693.0,2.62,-0.57,-0.05,0.43
2011-12-08,600765,8.71,8.8,8.85,8.56,30879,26907917.0,3.33,0.92,0.08,0.4
2011-12-09,600765,8.66,8.71,8.77,8.61,24070,20916523.0,1.82,-1.02,-0.09,0.31
2011-12-12,600765,8.72,8.58,8.72,8.55,17944,15492177.0,1.95,-1.49,-0.13,0.23
2011-12-13,600765,8.52,8.38,8.56,8.28,39378,33005769.0,3.26,-2.33,-0.2,0.51
2011-12-14,600765,8.37,8.21,8.45,8.2,23720,19698401.0,2.98,-2.03,-0.17,0.3
2011-12-15,600765,8.15,7.82,8.2,7.81,28368,22648079.0,4.75,-4.75,-0.39,0.36
2011-12-16,600765,7.82,8.24,8.5,7.81,26439,21101712.0,8.82,5.37,0.42,0.34
2011-12-19,600765,8.13,8.56,8.6,8.01,71810,60246334.0,7.16,3.88,0.32,0.92
2011-12-20,600765,8.47,8.41,8.65,8.4,38677,33014770.0,2.92,-1.75,-0.15,0.5
2011-12-21,600765,8.52,8.1,8.6,8.01,23205,19336274.0,7.02,-3.69,-0.31,0.3
2011-12-22,600765,7.95,8.85,8.91,7.92,170872,147982196.0,12.22,9.26,0.75,2.2
2011-12-23,600765,8.71,8.76,8.95,8.61,91797,80430039.0,3.84,-1.02,-0.09,1.18
2011-12-26,600765,8.69,8.82,8.83,8.48,66712,57983232.0,4.0,0.68,0.06,0.86
2011-12-27,600765,8.72,8.69,8.98,8.5,72554,63601128.0,5.44,-1.47,-0.13,0.93
2011-12-28,600765,8.59,8.64,8.72,8.3,79041,66844156.0,4.83,-0.58,-0.05,1.02
2011-12-30,600765,8.58,8.95,9.0,8.58,67748,59591152.0,4.86,3.59,0.31,0.87
2012-01-04,600765,8.99,8.46,8.99,8.41,40696,35583901.0,6.48,-5.47,-0.49,0.52
2012-01-05,600765,8.33,7.95,8.4,7.92,57024,46184304.0,5.67,-6.03,-0.51,0.73
2012-01-06,600765,7.86,7.95,8.19,7.53,53782,41755703.0,8.3,0.0,0.0,0.69
2012-01-09,600765,7.93,8.32,8.35,7.82,39865,32500348.0,6.67,4.65,0.37,0.51
2012-01-10,600765,8.3,8.96,9.0,8.25,65399,57016140.0,9.01,7.69,0.64,0.84
2012-01-11,600765,8.96,9.04,9.22,8.79,77053,69606827.0,4.8,0.89,0.08,0.99
2012-01-12,600765,9.04,9.19,9.25,8.92,58889,53566427.0,3.65,1.66,0.15,0.76
2012-01-13,600765,9.18,8.76,9.2,8.7,59848,53039230.0,5.44,-4.68,-0.43,0.77
2012-01-16,600765,8.66,8.52,8.8,8.51,27135,23484614.0,3.31,-2.74,-0.24,0.35
2012-01-17,600765,8.52,9.02,9.08,8.4,50637,44757370.0,7.98,5.87,0.5,0.65
2012-01-18,600765,9.08,8.85,9.2,8.84,49987,45050207.0,3.99,-1.88,-0.17,0.64
2012-01-19,600765,8.85,8.88,8.99,8.6,34888,30924656.0,4.41,0.34,0.03,0.45
2012-01-30,600765,8.95,8.74,9.01,8.72,37803,33601300.0,3.27,-1.58,-0.14,0.49
2012-01-31,600765,8.74,8.72,8.81,8.55,22456,19439806.0,2.97,-0.23,-0.02,0.29
2012-02-01,600765,8.68,8.55,8.79,8.5,20893,18088250.0,3.33,-1.95,-0.17,0.27
2012-02-02,600765,8.56,8.74,8.75,8.51,21800,18860495.0,2.81,2.22,0.19,0.28
2012-02-03,600765,8.74,8.96,9.04,8.7,35609,31693985.0,3.89,2.52,0.22,0.46
2012-02-06,600765,8.98,9.1,9.18,8.93,53381,48389777.0,2.79,1.56,0.14,0.69
2012-02-07,600765,9.08,9.05,9.09,8.88,39819,35702060.0,2.31,-0.55,-0.05,0.51
2012-02-08,600765,8.99,9.44,9.6,8.92,88577,82703881.0,7.51,4.31,0.39,1.14
2012-02-09,600765,9.4,9.53,9.82,9.38,119252,115243032.0,4.66,0.95,0.09,1.53
2012-02-10,600765,9.52,9.45,9.64,9.35,50909,48344865.0,3.04,-0.84,-0.08,0.65
2012-02-13,600765,9.38,9.53,9.67,9.32,55661,52952756.0,3.7,0.85,0.08,0.72
2012-02-14,600765,9.49,9.54,9.64,9.43,36778,35092789.0,2.2,0.1,0.01,0.47
2012-02-15,600765,9.47,9.64,9.7,9.47,54624,52490882.0,2.41,1.05,0.1,0.7
2012-02-16,600765,9.6,9.7,9.94,9.55,66307,64533332.0,4.05,0.62,0.06,0.85
2012-02-17,600765,9.69,9.58,9.78,9.53,39372,37833214.0,2.58,-1.24,-0.12,0.51
2012-02-20,600765,9.71,9.71,9.85,9.59,55457,53911339.0,2.71,1.36,0.13,0.71
2012-02-21,600765,9.68,9.74,9.77,9.46,49381,47513472.0,3.19,0.31,0.03,0.63
2012-02-22,600765,9.72,9.96,10.06,9.66,99955,98472889.0,4.11,2.26,0.22,1.28
2012-02-23,600765,10.0,9.89,10.16,9.8,100208,99679481.0,3.61,-0.7,-0.07,1.29
2012-02-24,600765,9.87,10.05,10.07,9.83,77585,77194734.0,2.43,1.62,0.16,1.0
2012-02-27,600765,10.08,10.0,10.24,9.93,111983,112981152.0,3.08,-0.5,-0.05,1.44
2012-02-28,600765,10.0,9.73,10.0,9.63,115813,113181157.0,3.7,-2.7,-0.27,1.49
2012-02-29,600765,9.79,9.61,9.82,9.6,51419,49881484.0,2.26,-1.23,-0.12,0.66
2012-03-01,600765,9.54,9.78,9.97,9.52,99023,96762207.0,4.68,1.77,0.17,1.27
2012-03-02,600765,9.85,9.94,9.98,9.75,66082,65339809.0,2.35,1.64,0.16,0.85
2012-03-05,600765,10.05,9.97,10.31,9.96,144417,146314460.0,3.52,0.3,0.03,1.86
2012-03-06,600765,9.95,9.81,9.95,9.65,84535,82808861.0,3.01,-1.6,-0.16,1.09
2012-03-07,600765,9.67,10.03,10.26,9.64,152292,152926003.0,6.32,2.24,0.22,1.96
2012-03-08,600765,10.06,10.21,10.27,10.05,121958,124137118.0,2.19,1.79,0.18,1.57
2012-03-09,600765,10.28,10.19,10.3,10.1,84670,86221172.0,1.96,-0.2,-0.02,1.09
2012-03-12,600765,10.22,10.48,10.52,10.17,189188,195935882.0,3.43,2.85,0.29,2.43
2012-03-13,600765,10.65,11.1,11.25,10.58,379861,414393824.0,6.39,5.92,0.62,4.88
2012-03-14,600765,11.17,10.58,11.25,10.42,337839,370001936.0,7.48,-4.68,-0.52,4.34
2012-03-15,600765,10.8,11.05,11.64,10.8,303015,338273136.0,7.94,4.44,0.47,3.89
2012-03-16,600765,11.0,11.53,11.6,10.9,260809,295914672.0,6.33,4.34,0.48,3.35
2012-03-19,600765,11.68,11.63,11.85,11.28,195794,225532703.0,4.94,0.87,0.1,2.52
2012-03-20,600765,11.59,11.04,11.59,10.98,160065,179554903.0,5.25,-5.07,-0.59,2.06
2012-03-21,600765,11.09,11.11,11.16,10.84,146155,161047787.0,2.9,0.63,0.07,1.88
2012-03-22,600765,11.06,10.87,11.09,10.8,74293,80937258.0,2.61,-2.16,-0.24,0.95
2012-03-23,600765,10.79,10.58,10.9,10.5,61708,65865848.0,3.68,-2.67,-0.29,0.79
2012-03-26,600765,10.59,10.78,10.83,10.59,48758,52285842.0,2.27,1.89,0.2,0.63
2012-03-27,600765,10.84,10.67,10.96,10.65,53408,57655574.0,2.88,-1.02,-0.11,0.69
2012-03-28,600765,10.64,9.99,10.64,9.89,93337,94572213.0,7.03,-6.37,-0.68,1.2
2012-03-29,600765,9.89,9.44,10.03,9.23,88364,85064275.0,8.01,-5.51,-0.55,1.14
2012-03-30,600765,9.4,9.15,9.6,8.95,103193,94940511.0,6.89,-3.07,-0.29,1.33
2012-04-05,600765,9.18,9.4,9.48,9.05,53535,49917871.0,4.7,2.73,0.25,0.69
2012-04-06,600765,9.38,9.67,9.86,9.34,88524,85140559.0,5.53,2.87,0.27,1.14
2012-04-09,600765,9.68,9.56,9.95,9.55,56777,55503965.0,4.14,-1.14,-0.11,0.73
2012-04-10,600765,9.42,9.57,9.8,9.08,56050,52717707.0,7.53,0.1,0.01,0.72
2012-04-11,600765,9.4,9.78,9.83,9.34,73348,70846056.0,5.12,2.19,0.21,0.94
2012-04-12,600765,9.87,9.98,10.04,9.68,82051,80951535.0,3.68,2.04,0.2,1.05
2012-04-13,600765,9.96,9.95,10.08,9.87,64366,64179746.0,2.1,-0.3,-0.03,0.83
2012-04-16,600765,9.8,9.97,10.09,9.71,50605,50126761.0,3.82,0.2,0.02,0.65
2012-04-17,600765,9.93,9.67,9.96,9.6,62159,60432336.0,3.61,-3.01,-0.3,0.8
2012-04-18,600765,9.7,9.88,9.95,9.5,102822,100140821.0,4.65,2.17,0.21,1.32
2012-04-19,600765,9.91,9.71,9.92,9.68,76370,74571668.0,2.43,-1.72,-0.17,0.98
2012-04-20,600765,9.66,9.86,9.87,9.65,86209,84120298.0,2.27,1.54,0.15,1.11
2012-04-23,600765,9.94,10.85,10.85,9.85,495571,528234048.0,10.14,10.04,0.99,6.37
2012-04-24,600765,10.7,10.38,10.7,9.89,426541,437650304.0,7.47,-4.33,-0.47,5.48
2012-04-26,600765,10.25,10.12,10.29,9.92,249214,251360914.0,3.56,-2.5,-0.26,3.2
2012-04-27,600765,9.98,10.0,10.2,9.8,148486,148717017.0,3.95,-1.19,-0.12,1.91
2012-05-02,600765,10.15,9.37,10.15,9.0,273953,257581946.0,11.5,-6.3,-0.63,3.52
2012-05-03,600765,9.28,9.42,9.55,9.05,145464,134900336.0,5.34,0.53,0.05,1.87
2012-05-04,600765,9.34,9.37,9.45,9.29,87901,82132874.0,1.7,-0.53,-0.05,1.13
2012-05-07,600765,9.31,9.28,9.37,9.17,92478,85368617.0,2.13,-0.96,-0.09,1.19
2012-05-08,600765,9.31,9.45,9.68,9.31,130040,123625511.0,3.99,1.83,0.17,1.67
2012-05-09,600765,9.56,9.59,9.75,9.45,160131,153518926.0,3.17,1.48,0.14,2.06
2012-05-10,600765,9.59,9.38,9.66,9.36,79191,74633404.0,3.13,-2.19,-0.21,1.02
2012-05-11,600765,9.41,9.2,9.46,9.15,73574,68052729.0,3.3,-1.92,-0.18,0.95
2012-05-14,600765,9.3,9.13,9.34,9.05,54975,50399868.0,3.15,-0.76,-0.07,0.71
2012-05-15,600765,9.0,9.11,9.15,8.95,53597,48479768.0,2.19,-0.22,-0.02,0.69
2012-05-16,600765,9.09,9.0,9.3,8.98,39286,35781772.0,3.51,-1.21,-0.11,0.5
2012-05-17,600765,9.0,9.07,9.16,8.82,53245,47866854.0,3.78,0.78,0.07,0.68
2012-05-18,600765,9.0,8.88,9.0,8.85,42765,38156576.0,1.65,-2.09,-0.19,0.55
2012-05-21,600765,8.9,8.79,8.94,8.7,30629,27008921.0,2.7,-1.01,-0.09,0.39
2012-05-22,600765,8.85,8.94,8.99,8.8,39718,35210051.0,2.16,1.71,0.15,0.51
2012-05-23,600765,8.9,8.91,9.0,8.8,29725,26510741.0,2.24,-0.34,-0.03,0.38
2012-05-24,600765,8.85,8.98,9.16,8.85,55103,49553589.0,3.48,0.79,0.07,0.71
2012-05-25,600765,9.0,9.07,9.13,8.93,45843,41404940.0,2.23,1.0,0.09,0.59
2012-05-28,600765,9.05,9.17,9.24,8.93,86885,79220841.0,3.42,1.1,0.1,1.12
2012-05-29,600765,9.16,9.21,9.3,9.08,73454,67739841.0,2.4,0.44,0.04,0.94
2012-05-30,600765,9.2,9.13,9.27,9.1,52785,48311992.0,1.85,-0.87,-0.08,0.68
2012-05-31,600765,9.05,9.11,9.15,8.96,57241,51792066.0,2.08,-0.22,-0.02,0.74
2012-06-01,600765,9.06,9.04,9.13,8.97,35874,32416497.0,1.76,-0.77,-0.07,0.46
2012-06-04,600765,8.88,8.5,8.97,8.48,76109,66322843.0,5.42,-5.97,-0.54,0.98
2012-06-05,600765,8.57,8.61,8.7,8.5,33882,29085411.0,2.35,1.29,0.11,0.44
2012-06-06,600765,8.69,8.58,8.73,8.53,24039,20700720.0,2.32,-0.35,-0.03,0.31
2012-06-07,600765,8.66,8.54,8.75,8.53,36083,31209195.0,2.56,-0.47,-0.04,0.46
2012-06-08,600765,8.58,8.52,8.68,8.45,30035,25682849.0,2.69,-0.23,-0.02,0.39
2012-06-11,600765,8.53,8.69,8.74,8.53,30839,26656446.0,2.46,2.0,0.17,0.4
2012-06-12,600765,8.6,8.6,8.65,8.53,21275,18263133.0,1.38,-1.04,-0.09,0.27
2012-06-13,600765,8.58,8.64,8.66,8.52,27208,23463466.0,1.63,0.47,0.04,0.35
2012-06-14,600765,8.64,8.6,8.73,8.59,24030,20809950.0,1.62,-0.46,-0.04,0.31
2012-06-15,600765,8.6,8.55,8.67,8.47,29972,25688613.0,2.33,-0.58,-0.05,0.39
2012-06-18,600765,8.59,8.56,8.74,8.53,22129,19094407.0,2.46,0.12,0.01,0.28
2012-06-19,600765,8.56,8.56,8.66,8.52,23278,20007477.0,1.64,0.0,0.0,0.3
2012-06-20,600765,8.57,8.49,8.67,8.45,29696,25474098.0,2.57,-0.82,-0.07,0.38
2012-06-21,600765,8.51,8.15,8.51,8.15,43394,35700144.0,4.24,-4.0,-0.34,0.56
2012-06-25,600765,8.16,7.97,8.16,7.83,48447,38660517.0,4.05,-2.21,-0.18,0.62
2012-06-26,600765,7.9,7.97,7.99,7.85,19931,15797922.0,1.76,0.0,0.0,0.26
2012-06-27,600765,8.0,7.89,8.04,7.89,23495,18728914.0,1.88,-1.0,-0.08,0.3
2012-06-28,600765,7.92,7.65,7.97,7.62,33989,26304173.0,4.44,-3.04,-0.24,0.44
2012-06-29,600765,7.63,7.71,7.73,7.58,36465,27922091.0,1.96,0.78,0.06,0.47
2012-07-02,600765,7.78,7.8,7.87,7.73,30634,23860298.0,1.82,1.17,0.09,0.39
2012-07-03,600765,7.76,7.78,7.89,7.69,36387,28329070.0,2.56,-0.26,-0.02,0.47
2012-07-04,600765,7.78,7.77,7.83,7.6,30399,23527784.0,2.96,-0.13,-0.01,0.39
2012-07-05,600765,7.75,7.54,7.75,7.41,44563,33561057.0,4.38,-2.96,-0.23,0.57
2012-07-06,600765,7.58,7.53,7.62,7.43,36665,27625610.0,2.52,-0.13,-0.01,0.47
2012-07-09,600765,7.56,7.27,7.65,7.26,37106,27748572.0,5.18,-3.45,-0.26,0.48
2012-07-10,600765,7.25,7.09,7.3,7.0,42635,30369787.0,4.13,-2.48,-0.18,0.55
2012-07-11,600765,7.1,7.37,7.42,7.09,61305,44529076.0,4.65,3.95,0.28,0.79
2012-07-12,600765,7.28,7.43,7.5,7.27,47853,35511541.0,3.12,0.81,0.06,0.62
2012-07-13,600765,7.42,7.38,7.5,7.36,23086,17145253.0,1.88,-0.67,-0.05,0.3
2012-07-16,600765,7.38,7.22,7.42,7.11,30295,21879317.0,4.2,-2.17,-0.16,0.39
2012-07-17,600765,7.15,7.23,7.25,7.12,16255,11700438.0,1.8,0.14,0.01,0.21
2012-07-18,600765,7.22,7.25,7.27,7.0,31510,22507028.0,3.73,0.28,0.02,0.41
2012-07-19,600765,7.19,7.44,7.54,7.17,44578,33201382.0,5.1,2.62,0.19,0.57
2012-07-20,600765,7.43,7.39,7.51,7.35,20005,14865146.0,2.15,-0.67,-0.05,0.26
2012-07-23,600765,7.38,7.25,7.38,7.17,14748,10708129.0,2.84,-1.89,-0.14,0.19
2012-07-24,600765,7.13,7.35,7.39,7.13,16988,12412484.0,3.59,1.38,0.1,0.22
2012-07-25,600765,7.26,7.32,7.38,7.26,17792,13040449.0,1.63,-0.41,-0.03,0.23
2012-07-26,600765,7.28,7.28,7.39,7.22,9701,7087176.0,2.32,-0.55,-0.04,0.12
2012-07-27,600765,7.31,7.34,7.37,7.25,18391,13452740.0,1.65,0.82,0.06,0.24
2012-07-30,600765,7.34,7.43,7.59,7.34,46103,34493078.0,3.41,1.23,0.09,0.59
2012-07-31,600765,7.42,7.19,7.42,7.05,29888,21575966.0,4.98,-3.23,-0.24,0.38
2012-08-01,600765,7.32,7.29,7.38,7.21,21798,15925968.0,2.36,1.39,0.1,0.28
2012-08-02,600765,7.29,7.16,7.29,7.14,11039,7934034.0,2.06,-1.78,-0.13,0.14
2012-08-03,600765,7.23,7.26,7.27,7.15,10641,7676264.0,1.68,1.4,0.1,0.14
2012-08-06,600765,7.28,7.44,7.5,7.22,26296,19432325.0,3.86,2.48,0.18,0.34
2012-08-07,600765,7.41,7.68,7.69,7.41,43281,32886268.0,3.76,3.23,0.24,0.56
2012-08-08,600765,7.95,7.96,8.3,7.88,103863,83690194.0,5.47,3.65,0.28,1.33
2012-08-09,600765,7.85,7.92,7.97,7.76,39342,30910356.0,2.64,-0.5,-0.04,0.51
2012-08-10,600765,7.92,7.8,7.92,7.78,27322,21346968.0,1.77,-1.52,-0.12,0.35
2012-08-13,600765,7.74,7.93,8.17,7.69,69911,55943149.0,6.15,1.67,0.13,0.9
2012-08-14,600765,7.93,7.99,8.06,7.73,41597,32970426.0,4.16,0.76,0.06,0.53
2012-08-15,600765,7.98,8.06,8.25,7.83,63779,51599156.0,5.26,0.88,0.07,0.82
2012-08-16,600765,8.05,8.13,8.27,7.97,69768,57016904.0,3.72,0.87,0.07,0.9
2012-08-17,600765,8.1,7.95,8.15,7.81,36432,28980992.0,4.18,-2.21,-0.18,0.47
2012-08-20,600765,7.85,7.8,7.93,7.68,32318,25066665.0,3.14,-1.89,-0.15,0.42
2012-08-21,600765,7.78,8.16,8.2,7.76,59128,47585669.0,5.64,4.62,0.36,0.76
2012-08-22,600765,8.16,8.06,8.39,7.98,81707,67181021.0,5.02,-1.23,-0.1,1.05
2012-08-23,600765,8.05,8.16,8.25,8.0,47448,38463687.0,3.1,1.24,0.1,0.61
2012-08-24,600765,8.12,8.3,8.4,8.1,105676,87785553.0,3.68,1.72,0.14,1.36
2012-08-27,600765,8.42,8.22,8.49,8.1,89817,74675621.0,4.7,-0.96,-0.08,1.15
2012-08-28,600765,8.3,8.59,8.72,8.18,142016,121518811.0,6.57,4.5,0.37,1.83
2012-08-29,600765,8.72,8.95,9.45,8.62,270232,244508862.0,9.66,4.19,0.36,3.47
2012-08-30,600765,8.9,8.14,8.9,8.06,258269,214546857.0,9.39,-9.05,-0.81,3.32
2012-08-31,600765,8.01,8.19,8.27,7.94,67059,54663095.0,4.05,0.61,0.05,0.86
2012-09-03,600765,8.25,8.42,8.51,8.21,98916,83208595.0,3.66,2.81,0.23,1.27
2012-09-04,600765,8.42,8.36,8.46,8.24,73696,61505877.0,2.61,-0.71,-0.06,0.95
2012-09-05,600765,8.44,8.41,8.6,8.3,63929,54097334.0,3.59,0.6,0.05,0.82
2012-09-06,600765,8.41,8.56,8.68,8.33,65087,55768732.0,4.16,1.78,0.15,0.84
2012-09-07,600765,8.55,8.9,9.07,8.53,114344,101003244.0,6.31,3.97,0.34,1.47
2012-09-10,600765,8.98,9.13,9.32,8.88,135731,124498654.0,4.94,2.58,0.23,1.74
2012-09-11,600765,9.26,9.06,9.37,8.98,100598,91542518.0,4.27,-0.77,-0.07,1.29
2012-09-12,600765,9.12,9.12,9.33,8.87,77535,70245401.0,5.08,0.66,0.06,1.0
2012-09-13,600765,9.13,9.2,9.5,9.01,171018,158218387.0,5.37,0.88,0.08,2.2
2012-09-14,600765,9.21,8.95,9.21,8.83,96376,86876307.0,4.13,-2.72,-0.25,1.24
2012-09-17,600765,8.95,8.73,9.01,8.65,69928,61363228.0,4.02,-2.46,-0.22,0.9
2012-09-18,600765,8.71,8.52,8.82,8.4,54446,47108031.0,4.81,-2.41,-0.21,0.7
2012-09-19,600765,8.59,8.45,8.62,8.37,42045,35695677.0,2.93,-0.82,-0.07,0.54
2012-09-20,600765,8.45,8.18,8.64,8.13,55578,46681569.0,6.04,-3.2,-0.27,0.71
2012-09-21,600765,8.15,7.86,8.18,7.8,53146,42188243.0,4.65,-3.91,-0.32,0.68
2012-09-24,600765,7.8,8.04,8.11,7.75,41018,32904072.0,4.58,2.29,0.18,0.53
2012-09-25,600765,8.03,7.94,8.11,7.9,23531,18893207.0,2.61,-1.24,-0.1,0.3
2012-09-26,600765,7.9,7.7,8.06,7.66,30852,24013268.0,5.04,-3.02,-0.24,0.4
2012-09-27,600765,7.6,7.87,7.94,7.6,36829,28751867.0,4.42,2.21,0.17,0.47
2012-09-28,600765,7.85,8.08,8.15,7.79,30619,24635419.0,4.57,2.67,0.21,0.39
2012-10-08,600765,8.09,8.16,8.35,8.08,45595,37399753.0,3.34,0.99,0.08,0.59
2012-10-09,600765,8.1,8.33,8.4,8.1,35093,29107590.0,3.68,2.08,0.17,0.45
2012-10-10,600765,8.22,8.33,8.4,8.22,24711,20592673.0,2.16,0.0,0.0,0.32
2012-10-11,600765,8.29,8.1,8.33,8.08,25517,20890673.0,3.0,-2.76,-0.23,0.33
2012-10-12,600765,8.16,8.04,8.2,7.95,17585,14191132.0,3.09,-0.74,-0.06,0.23
2012-10-15,600765,8.04,8.08,8.2,7.96,20437,16460444.0,2.99,0.5,0.04,0.26
2012-10-16,600765,8.1,8.32,8.35,8.03,36923,30171231.0,3.96,2.97,0.24,0.47
2012-10-17,600765,8.45,8.24,8.58,8.18,104877,88136270.0,4.81,-0.96,-0.08,1.35
2012-10-18,600765,8.16,8.25,8.27,8.11,67043,54964220.0,1.94,0.12,0.01,0.86
2012-10-19,600765,8.2,8.28,8.3,8.12,48121,39604607.0,2.18,0.36,0.03,0.62
2012-10-22,600765,8.3,8.25,8.3,8.17,24980,20575523.0,1.57,-0.36,-0.03,0.32
2012-10-23,600765,8.25,8.12,8.27,8.12,22011,18008005.0,1.82,-1.58,-0.13,0.28
2012-10-24,600765,8.05,7.91,8.12,7.9,39176,31238715.0,2.71,-2.59,-0.21,0.5
2012-10-25,600765,7.9,7.88,8.02,7.87,22462,17827876.0,1.9,-0.38,-0.03,0.29
2012-10-26,600765,7.88,7.62,7.95,7.49,46527,35504793.0,5.84,-3.3,-0.26,0.6
2012-10-29,600765,7.61,7.63,7.69,7.58,14519,11062393.0,1.44,0.13,0.01,0.19
2012-10-30,600765,7.65,7.56,7.7,7.55,19831,15116487.0,1.97,-0.92,-0.07,0.25
2012-10-31,600765,7.51,7.57,7.6,7.48,19199,14451318.0,1.59,0.13,0.01,0.25
2012-11-01,600765,7.59,7.69,7.72,7.52,58282,44575106.0,2.64,1.59,0.12,0.75
2012-11-02,600765,7.67,7.71,7.77,7.62,42835,33013509.0,1.95,0.26,0.02,0.55
2012-11-05,600765,7.71,7.56,7.74,7.49,59146,44758638.0,3.24,-1.95,-0.15,0.76
2012-11-06,600765,7.58,7.51,7.6,7.32,45990,34108080.0,3.7,-0.66,-0.05,0.59
2012-11-07,600765,7.48,7.47,7.58,7.41,42486,31733989.0,2.26,-0.53,-0.04,0.55
2012-11-08,600765,7.41,7.25,7.42,7.24,38909,28468424.0,2.41,-2.95,-0.22,0.5
2012-11-09,600765,7.21,7.3,7.36,7.21,31192,22748257.0,2.07,0.69,0.05,0.4
2012-11-12,600765,7.35,7.5,7.71,7.33,99144,74838271.0,5.21,2.74,0.2,1.27
2012-11-13,600765,7.57,7.3,7.64,7.27,47152,34976306.0,4.93,-2.67,-0.2,0.61
2012-11-14,600765,7.31,7.34,7.42,7.24,29356,21469233.0,2.47,0.55,0.04,0.38
2012-11-15,600765,7.33,7.15,7.34,7.15,27295,19720149.0,2.59,-2.59,-0.19,0.35
2012-11-16,600765,7.19,7.18,7.22,7.02,27574,19561337.0,2.8,0.42,0.03,0.35
2012-11-19,600765,7.2,7.22,7.25,7.11,15994,11474336.0,1.95,0.56,0.04,0.21
2012-11-20,600765,7.25,7.18,7.28,7.16,15343,11043393.0,1.66,-0.55,-0.04,0.2
2012-11-21,600765,7.15,7.23,7.24,7.05,17113,12253436.0,2.65,0.7,0.05,0.22
2012-11-22,600765,7.28,7.37,7.48,7.25,85796,63226455.0,3.18,1.94,0.14,1.1
2012-11-23,600765,7.38,7.4,7.43,7.32,32695,24178126.0,1.49,0.41,0.03,0.42
2012-11-26,600765,7.43,7.28,7.52,7.27,17012,12528619.0,3.38,-1.62,-0.12,0.22
2012-11-27,600765,7.28,7.07,7.29,7.05,23917,16982400.0,3.3,-2.88,-0.21,0.31
2012-11-28,600765,7.01,6.73,7.05,6.64,44221,29943309.0,5.8,-4.81,-0.34,0.57
2012-11-29,600765,6.72,6.63,6.8,6.58,33119,22190957.0,3.27,-1.49,-0.1,0.43
2012-11-30,600765,6.6,6.55,6.7,6.49,49569,32520864.0,3.17,-1.21,-0.08,0.64
2012-12-03,600765,6.55,5.97,6.55,5.9,86690,53511331.0,9.92,-8.85,-0.58,1.11
2012-12-04,600765,5.9,6.03,6.1,5.8,66809,39707500.0,5.03,1.01,0.06,0.86
2012-12-05,600765,6.0,6.21,6.34,5.99,92216,57200632.0,5.8,2.99,0.18,1.19
2012-12-06,600765,6.21,6.23,6.36,6.21,67860,42553335.0,2.42,0.32,0.02,0.87
2012-12-07,600765,6.23,6.4,6.5,6.2,102493,65205040.0,4.82,2.73,0.17,1.32
2012-12-10,600765,6.47,6.71,6.82,6.41,166189,111103166.0,6.41,4.84,0.31,2.14
2012-12-11,600765,6.71,6.67,6.76,6.59,66296,44424201.0,2.53,-0.6,-0.04,0.85
2012-12-12,600765,6.68,6.69,6.86,6.63,57263,38551098.0,3.45,0.3,0.02,0.74
2012-12-13,600765,6.69,6.47,6.69,6.43,72712,47421694.0,3.89,-3.29,-0.22,0.93
2012-12-14,600765,6.42,6.82,6.83,6.42,98829,66306345.0,6.34,5.41,0.35,1.27
2012-12-17,600765,6.98,7.0,7.2,6.89,125021,87933536.0,4.55,2.64,0.18,1.61
2012-12-18,600765,6.96,6.95,7.06,6.85,111211,77300883.0,3.0,-0.71,-0.05,1.43
2012-12-19,600765,6.97,7.08,7.17,6.9,124875,88451825.0,3.88,1.87,0.13,1.61
2012-12-20,600765,7.05,7.05,7.14,6.89,78952,55184549.0,3.53,-0.42,-0.03,1.01
2012-12-21,600765,7.05,6.96,7.1,6.9,69768,48668560.0,2.84,-1.28,-0.09,0.9
2012-12-24,600765,6.94,6.86,6.97,6.84,68158,46981369.0,1.87,-1.44,-0.1,0.88
2012-12-25,600765,6.87,7.07,7.14,6.83,133415,93849297.0,4.52,3.06,0.21,1.71
2012-12-26,600765,7.07,7.19,7.19,7.02,98611,69944023.0,2.4,1.7,0.12,1.27
2012-12-27,600765,7.19,7.15,7.32,7.09,137415,98936138.0,3.2,-0.56,-0.04,1.77
2012-12-28,600765,7.13,7.16,7.2,7.07,83918,59823617.0,1.82,0.14,0.01,1.08
2012-12-31,600765,7.18,7.61,7.62,7.14,215814,160962332.0,6.7,6.28,0.45,2.77
2013-01-04,600765,7.66,7.58,7.68,7.4,108946,82156221.0,3.68,-0.39,-0.03,1.4
2013-01-07,600765,7.57,7.86,8.15,7.45,177148,139099690.0,9.23,3.69,0.28,2.28
2013-01-08,600765,7.84,8.01,8.25,7.78,186896,150828785.0,5.98,1.91,0.15,2.4
2013-01-09,600765,7.95,7.95,8.13,7.75,143448,113934564.0,4.74,-0.75,-0.06,1.84
2013-01-10,600765,7.91,8.19,8.22,7.88,182320,147009856.0,4.28,3.02,0.24,2.34
2013-01-11,600765,8.3,8.08,8.44,8.0,176139,145744725.0,5.37,-1.34,-0.11,2.26
2013-01-14,600765,8.13,8.89,8.89,8.13,255503,222646870.0,9.41,10.02,0.81,3.28
2013-01-15,600765,9.78,9.78,9.78,9.4,641146,621077184.0,4.27,10.01,0.89,8.24
2013-01-16,600765,10.05,10.76,10.76,9.8,959455,1017164288.0,9.82,10.02,0.98,12.33
2013-01-17,600765,11.0,10.54,11.45,10.14,1411792,1531235600.0,12.17,-2.04,-0.22,18.15
2013-01-18,600765,11.17,11.59,11.59,11.17,389135,446300752.0,3.98,9.96,1.05,5.0
2013-01-21,600765,12.75,12.75,12.75,12.75,42751,54507321.0,0.0,10.01,1.16,0.55
2013-01-22,600765,13.33,13.23,14.03,12.93,1504419,2036870848.0,8.63,3.76,0.48,19.34
2013-01-23,600765,13.81,14.55,14.55,13.53,1040005,1465725936.0,7.71,9.98,1.32,13.37
2013-01-24,600765,15.12,15.62,16.0,14.8,1194671,1837575760.0,8.25,7.35,1.07,15.36
2013-01-25,600765,15.2,14.35,15.48,14.06,1175648,1724699040.0,9.09,-8.13,-1.27,15.11
2013-01-28,600765,14.68,14.49,15.3,14.38,930923,1373020000.0,6.41,0.98,0.14,11.97
2013-01-29,600765,14.35,15.43,15.94,14.25,1172627,1808106864.0,11.66,6.49,0.94,15.07
2013-01-30,600765,15.15,16.97,16.97,15.08,1189146,1952913360.0,12.25,9.98,1.54,15.28
2013-01-31,600765,17.0,16.61,17.5,16.1,927601,1552771696.0,8.25,-2.12,-0.36,11.92
2013-02-01,600765,16.58,16.58,17.39,16.26,774247,1296656336.0,6.8,-0.18,-0.03,9.95
2013-02-04,600765,16.85,16.95,17.1,15.94,732290,1218203616.0,7.0,2.23,0.37,9.41
2013-02-05,600765,16.71,15.88,16.9,15.84,668431,1081028512.0,6.25,-6.31,-1.07,8.59
2013-02-06,600765,16.1,15.88,16.2,15.7,442273,704912256.0,3.15,0.0,0.0,5.68
2013-02-07,600765,15.89,15.93,16.4,15.75,460055,739271376.0,4.09,0.31,0.05,5.91
2013-02-08,600765,15.78,15.97,16.3,15.51,369269,589265088.0,4.96,0.25,0.04,4.75
2013-02-18,600765,15.7,15.33,15.8,15.0,365142,560627392.0,5.01,-4.01,-0.64,4.69
2013-02-19,600765,15.5,15.35,15.67,15.24,331230,511793808.0,2.8,0.13,0.02,4.26
2013-02-20,600765,15.35,15.64,16.09,15.06,496943,778408064.0,6.71,1.89,0.29,6.39
2013-02-21,600765,15.4,15.09,15.54,14.7,380619,576871120.0,5.37,-3.52,-0.55,4.89
2013-02-22,600765,15.19,15.12,15.58,15.07,361041,553992576.0,3.38,0.2,0.03,4.64
2013-02-25,600765,15.06,15.51,15.9,14.77,513228,791525632.0,7.47,2.58,0.39,6.6
2013-02-26,600765,15.29,15.01,15.42,14.88,480751,726601936.0,3.48,-3.22,-0.5,6.18
2013-02-27,600765,14.93,16.51,16.51,14.87,1071680,1717838496.0,10.93,9.99,1.5,13.77
2013-02-28,600765,16.43,16.58,16.64,16.0,778935,1274942896.0,3.88,0.42,0.07,10.01
2013-03-01,600765,16.4,16.42,16.88,16.29,565059,932802704.0,3.56,-0.97,-0.16,7.26
2013-03-04,600765,17.0,16.36,17.4,16.3,694136,1172832400.0,6.7,-0.37,-0.06,8.92
2013-03-05,600765,16.0,16.24,16.26,15.6,455003,725799296.0,4.03,-0.73,-0.12,5.85
2013-03-06,600765,16.14,15.8,16.35,15.75,438541,700586256.0,3.69,-2.71,-0.44,5.64
2013-03-07,600765,15.67,14.57,15.77,14.22,669686,998121056.0,9.81,-7.78,-1.23,8.61
2013-03-08,600765,14.53,14.3,14.69,14.21,269110,388249216.0,3.29,-1.85,-0.27,3.46
2013-03-11,600765,14.33,14.34,14.59,14.17,192005,276509376.0,2.94,0.28,0.04,2.47
2013-03-12,600765,14.3,13.96,14.67,13.89,324319,462782192.0,5.44,-2.65,-0.38,4.17
2013-03-13,600765,13.96,13.57,14.07,13.3,296844,404853744.0,5.52,-2.79,-0.39,3.82
2013-03-14,600765,13.51,13.52,13.75,13.49,174075,236894460.0,1.92,-0.37,-0.05,2.24
2013-03-15,600765,13.67,14.38,14.85,13.54,546612,783944352.0,9.69,6.36,0.86,7.03
2013-03-18,600765,14.21,13.73,14.31,13.64,281843,394816512.0,4.66,-4.52,-0.65,3.62
2013-03-19,600765,13.74,13.97,14.14,13.55,175046,242930116.0,4.3,1.75,0.24,2.25
2013-03-20,600765,13.93,14.6,14.83,13.93,381781,551987600.0,6.44,4.51,0.63,4.91
2013-03-21,600765,14.53,14.92,15.22,14.49,413779,617027152.0,5.0,2.19,0.32,5.32
2013-03-22,600765,14.95,15.06,15.45,14.83,304300,462104912.0,4.16,0.94,0.14,3.91
2013-03-25,600765,15.0,14.62,15.06,14.53,250026,367847920.0,3.52,-2.92,-0.44,3.21
2013-03-26,600765,14.49,14.41,14.53,13.95,230955,328724576.0,3.97,-1.44,-0.21,2.97
2013-03-27,600765,14.4,14.57,14.76,14.37,194067,283039504.0,2.71,1.11,0.16,2.49
2013-03-28,600765,14.25,13.84,14.25,13.77,185043,258849083.0,3.29,-5.01,-0.73,2.38
2013-03-29,600765,13.77,14.18,14.36,13.45,286436,398728368.0,6.58,2.46,0.34,3.68
2013-04-01,600765,13.95,14.16,14.5,13.78,216970,308194576.0,5.08,-0.14,-0.02,2.79
2013-04-02,600765,14.06,13.23,14.28,13.05,313336,426436880.0,8.69,-6.57,-0.93,4.03
2013-04-03,600765,13.15,13.11,13.48,12.86,255997,335834832.0,4.69,-0.91,-0.12,3.29
2013-04-08,600765,12.82,13.54,13.74,12.65,324319,431018496.0,8.31,3.28,0.43,4.17
2013-04-09,600765,13.4,13.4,13.62,13.32,202839,272627600.0,2.22,-1.03,-0.14,2.61
2013-04-10,600765,13.42,13.51,13.78,13.32,186534,252308527.0,3.43,0.82,0.11,2.4
2013-04-11,600765,13.61,13.94,14.5,13.35,452595,637401472.0,8.51,3.18,0.43,5.82
2013-04-12,600765,13.78,13.41,13.78,13.34,244619,331427792.0,3.16,-3.8,-0.53,3.14
2013-04-15,600765,13.18,12.89,13.3,12.77,167119,217265835.0,3.95,-3.88,-0.52,2.15
2013-04-16,600765,12.78,13.09,13.14,12.7,114265,147890152.0,3.41,1.55,0.2,1.47
2013-04-17,600765,13.08,13.11,13.22,12.91,121272,158835985.0,2.37,0.15,0.02,1.56
2013-04-18,600765,13.03,13.42,13.65,12.85,216830,289227056.0,6.1,2.36,0.31,2.79
2013-04-19,600765,13.31,13.66,13.8,13.25,234457,318704880.0,4.1,1.79,0.24,3.01
2013-04-22,600765,13.57,13.63,13.69,13.42,157973,213830952.0,1.98,-0.22,-0.03,2.03
2013-04-23,600765,13.66,12.9,13.7,12.88,213867,281449392.0,6.02,-5.36,-0.73,2.75
2013-04-24,600765,13.3,13.2,13.5,13.09,219127,290609584.0,3.18,2.33,0.3,2.82
2013-04-25,600765,13.22,12.93,13.55,12.92,254555,337242016.0,4.77,-2.05,-0.27,3.27
2013-04-26,600765,12.83,12.03,12.92,11.9,309046,381358720.0,7.89,-6.96,-0.9,3.97
2013-05-02,600765,12.21,12.28,12.49,12.11,137132,168471028.0,3.16,2.08,0.25,1.76
2013-05-03,600765,12.38,12.59,12.79,12.3,185228,233540581.0,3.99,2.52,0.31,2.38
2013-05-06,600765,12.62,13.05,13.1,12.55,226907,291084624.0,4.37,3.65,0.46,2.92
2013-05-07,600765,12.99,13.14,13.18,12.84,198268,257989349.0,2.61,0.69,0.09,2.55
2013-05-08,600765,13.25,13.14,13.38,12.94,174887,229407090.0,3.35,0.0,0.0,2.25
2013-05-09,600765,13.2,14.45,14.45,13.2,805193,1135799920.0,9.51,9.97,1.31,10.35
2013-05-10,600765,14.45,14.61,15.26,14.38,761817,1122412416.0,6.09,1.11,0.16,9.79
2013-05-13,600765,14.35,14.71,15.17,13.93,474771,693222944.0,8.49,0.68,0.1,6.1
2013-05-14,600765,14.55,14.11,14.65,14.0,265255,377794512.0,4.42,-4.08,-0.6,3.41
2013-05-15,600765,14.55,15.14,15.48,14.4,527415,797117200.0,7.65,7.3,1.03,6.78
2013-05-16,600765,15.0,16.32,16.65,14.87,883973,1427055760.0,11.76,7.79,1.18,11.36
2013-05-17,600765,16.1,16.45,16.51,15.85,494361,801098832.0,4.04,0.8,0.13,6.35
2013-05-20,600765,16.5,18.1,18.1,16.21,667435,1143762320.0,11.49,10.03,1.65,8.58
2013-05-21,600765,18.22,18.79,19.44,17.9,785996,1460835424.0,8.51,3.81,0.69,10.1
2013-05-22,600765,18.7,18.61,19.14,18.21,473171,880158080.0,4.95,-0.96,-0.18,6.08
2013-05-23,600765,18.58,18.88,19.68,18.35,535387,1021260272.0,7.15,1.45,0.27,6.88
2013-05-24,600765,18.91,18.92,19.28,18.38,385606,721477056.0,4.77,0.21,0.04,4.96
2013-05-27,600765,18.98,18.43,19.28,18.23,424282,789710912.0,5.55,-2.59,-0.49,5.45
2013-05-28,600765,18.29,17.23,18.4,16.77,662201,1153484992.0,8.84,-6.51,-1.2,8.51
2013-05-29,600765,17.26,17.35,17.5,17.12,349001,604013792.0,2.21,0.7,0.12,4.49
2013-05-30,600765,17.52,17.15,18.15,17.11,567115,1003090816.0,5.99,-1.15,-0.2,7.29
2013-05-31,600765,17.0,17.21,17.67,16.6,459554,784007072.0,6.24,0.35,0.06,5.91
2013-06-03,600765,17.21,17.33,17.67,16.78,351270,606220032.0,5.17,0.7,0.12,4.52
2013-06-04,600765,17.33,17.88,18.06,17.07,626778,1112415088.0,5.71,3.17,0.55,8.06
2013-06-05,600765,17.85,17.54,18.06,17.36,346499,611398000.0,3.91,-1.9,-0.34,4.45
2013-06-06,600765,17.33,16.38,17.33,16.35,449777,753203936.0,5.59,-6.61,-1.16,5.78
2013-06-07,600765,16.33,15.65,16.6,15.5,324891,518776288.0,6.72,-4.46,-0.73,4.18
2013-06-13,600765,15.44,15.2,15.44,14.38,266116,399403376.0,6.77,-2.88,-0.45,3.42
2013-06-14,600765,15.25,15.64,15.85,15.25,297453,462349600.0,3.95,2.89,0.44,3.82
2013-06-17,600765,15.51,15.57,15.94,15.18,248258,386838288.0,4.86,-0.45,-0.07,3.19
2013-06-18,600765,15.69,15.7,16.08,15.5,211509,333929088.0,3.73,0.83,0.13,2.72
2013-06-19,600765,15.55,16.09,16.4,15.3,326761,524478640.0,7.01,2.48,0.39,4.2
2013-06-20,600765,16.0,14.99,16.05,14.96,278539,431684048.0,6.77,-6.84,-1.1,3.58
2013-06-21,600765,14.45,14.42,14.81,14.02,199509,288681504.0,5.27,-3.8,-0.57,2.56
2013-06-24,600765,14.43,13.34,14.76,13.04,268401,370617296.0,11.93,-7.49,-1.08,3.45
2013-06-25,600765,13.16,13.61,13.75,12.01,352879,456640224.0,13.04,2.02,0.27,4.54
2013-06-26,600765,13.48,13.69,13.82,13.11,286101,388070080.0,5.22,0.59,0.08,3.68
2013-06-27,600765,13.74,13.63,14.58,13.61,401555,566154016.0,7.09,-0.44,-0.06,5.16
2013-06-28,600765,13.41,13.44,13.92,13.08,240622,323333424.0,6.16,-1.39,-0.19,3.09
2013-07-01,600765,13.47,13.85,13.88,13.2,198677,269239552.0,5.06,3.05,0.41,2.55
2013-07-02,600765,13.84,14.65,14.66,13.65,384160,545727936.0,7.29,5.78,0.8,4.94
2013-07-03,600765,14.48,14.31,14.55,13.91,327361,466625776.0,4.37,-2.32,-0.34,4.21
2013-07-04,600765,14.1,14.45,14.86,13.94,366882,534919984.0,6.43,0.98,0.14,4.72
2013-07-05,600765,14.5,14.07,14.62,14.02,245665,352388336.0,4.15,-2.63,-0.38,3.16
2013-07-08,600765,13.6,13.0,13.6,12.97,270051,357108144.0,4.48,-7.6,-1.07,3.47
2013-07-09,600765,12.9,13.14,13.15,12.77,154321,200247300.0,2.92,1.08,0.14,1.98
2013-07-10,600765,13.25,13.74,13.84,13.13,230132,312083904.0,5.4,4.57,0.6,2.96
2013-07-11,600765,13.73,14.11,14.38,13.61,270745,380240048.0,5.6,2.69,0.37,3.48
2013-07-12,600765,14.13,14.02,14.74,14.0,281546,403729104.0,5.24,-0.64,-0.09,3.62
2013-07-15,600765,14.02,14.3,14.42,14.01,188651,268930240.0,2.92,2.0,0.28,2.42
2013-07-16,600765,14.31,15.42,15.56,14.15,488551,726699760.0,9.86,7.83,1.12,6.28
2013-07-17,600765,15.31,15.43,16.18,15.15,535270,837771904.0,6.68,0.06,0.01,6.88
2013-07-18,600765,15.48,15.91,16.2,15.03,494946,780796928.0,7.58,3.11,0.48,6.36
2013-07-19,600765,15.91,14.92,16.12,14.8,370816,578148528.0,8.3,-6.22,-0.99,4.77
2013-07-22,600765,14.77,15.54,15.57,14.48,300889,457217232.0,7.31,4.16,0.62,3.87
2013-07-23,600765,15.52,15.85,15.99,15.34,322820,506752656.0,4.18,1.99,0.31,4.15
2013-07-24,600765,15.8,15.63,15.84,15.25,314696,490085472.0,3.72,-1.39,-0.22,4.04
2013-07-25,600765,15.63,15.74,16.38,15.58,436729,699651264.0,5.12,0.7,0.11,5.61
2013-07-26,600765,15.96,16.05,16.44,15.77,358578,578388368.0,4.26,1.97,0.31,4.61
2013-07-29,600765,16.0,15.16,16.0,15.1,294602,456786016.0,5.61,-5.55,-0.89,3.79
2013-07-30,600765,15.11,14.49,15.34,13.8,280001,409986048.0,10.16,-4.42,-0.67,3.6
2013-07-31,600765,14.49,14.65,14.88,14.4,151728,221955093.0,3.31,1.1,0.16,1.95
2013-08-01,600765,14.7,15.18,15.2,14.61,182038,273059664.0,4.03,3.62,0.53,2.34
2013-08-02,600765,15.3,15.22,15.65,15.13,211129,325293168.0,3.43,0.26,0.04,2.71
2013-08-05,600765,15.35,15.47,15.6,15.25,172214,265870604.0,2.3,1.64,0.25,2.21
2013-08-06,600765,15.45,15.39,15.45,15.11,193902,296726576.0,2.2,-0.52,-0.08,2.49
2013-08-07,600765,15.4,15.48,15.85,15.35,228363,356215568.0,3.25,0.58,0.09,2.94
2013-08-08,600765,15.4,15.09,15.46,14.95,183484,278306032.0,3.29,-2.52,-0.39,2.36
2013-08-09,600765,15.08,14.79,15.25,14.6,197851,294883184.0,4.31,-1.99,-0.3,2.54
2013-08-12,600765,15.0,15.23,15.26,14.85,179170,269389664.0,2.77,2.97,0.44,2.3
2013-08-13,600765,15.22,15.6,15.66,15.0,259898,399014672.0,4.33,2.43,0.37,3.34
2013-08-14,600765,15.57,15.18,15.6,15.14,203015,311204752.0,2.95,-2.69,-0.42,2.61
2013-08-15,600765,15.1,14.85,15.28,14.83,146521,220326860.0,2.96,-2.17,-0.33,1.88
2013-08-16,600765,14.7,14.48,15.5,14.45,172685,255961492.0,7.07,-2.49,-0.37,2.22
2013-08-19,600765,14.45,14.66,14.71,14.31,120938,175797471.0,2.76,1.24,0.18,1.55
2013-08-20,600765,14.4,14.43,14.61,14.33,119554,172978809.0,1.91,-1.57,-0.23,1.54
2013-08-21,600765,14.4,14.64,14.8,14.25,113087,164136119.0,3.81,1.46,0.21,1.45
2013-08-22,600765,14.76,14.82,15.2,14.65,197215,294973360.0,3.76,1.23,0.18,2.53
2013-08-23,600765,14.85,14.55,15.04,14.3,143894,210525193.0,4.99,-1.82,-0.27,1.85
2013-08-26,600765,14.51,14.99,15.1,14.41,186522,275236624.0,4.74,3.02,0.44,2.4
2013-08-27,600765,14.93,15.33,15.46,14.68,312143,472201712.0,5.2,2.27,0.34,4.01
2013-08-28,600765,15.22,15.81,16.08,15.17,573173,902808256.0,5.94,3.13,0.48,7.37
2013-08-29,600765,15.69,15.23,15.69,15.14,281237,432015040.0,3.48,-3.67,-0.58,3.61
2013-08-30,600765,15.08,14.55,15.18,14.44,253340,374684960.0,4.86,-4.46,-0.68,3.26
2013-09-02,600765,14.61,14.85,15.07,14.61,122087,181271202.0,3.16,2.06,0.3,1.57
2013-09-03,600765,14.69,14.84,14.91,14.63,111728,165297962.0,1.89,-0.07,-0.01,1.44
2013-09-04,600765,14.83,15.2,15.31,14.8,215961,327030912.0,3.44,2.43,0.36,2.78
2013-09-05,600765,15.3,14.98,15.35,14.86,162629,244310895.0,3.22,-1.45,-0.22,2.09
2013-09-06,600765,14.98,15.64,16.0,14.9,435906,681468832.0,7.34,4.41,0.66,5.6
2013-09-09,600765,15.76,15.98,16.26,15.3,462636,731189008.0,6.14,2.17,0.34,5.95
2013-09-10,600765,15.9,15.71,15.9,15.56,246620,387376736.0,2.13,-1.69,-0.27,3.17
2013-09-11,600765,15.83,15.15,16.14,14.94,298968,464620784.0,7.64,-3.56,-0.56,3.84
2013-09-12,600765,15.0,15.25,15.46,14.91,137272,209344255.0,3.63,0.66,0.1,1.76
2013-09-13,600765,15.22,15.38,15.44,15.08,131971,201673017.0,2.36,0.85,0.13,1.7
2013-09-16,600765,15.3,15.18,15.54,15.13,127917,196089429.0,2.67,-1.3,-0.2,1.64
2013-09-17,600765,15.13,14.88,15.32,14.87,116382,174898524.0,2.96,-1.98,-0.3,1.5
2013-09-18,600765,14.8,14.86,14.97,14.63,89060,131909526.0,2.28,-0.13,-0.02,1.14
2013-09-23,600765,14.89,15.17,15.3,14.89,112017,169180755.0,2.76,2.09,0.31,1.44
2013-09-24,600765,15.2,15.06,15.2,14.81,128032,191366211.0,2.57,-0.73,-0.11,1.65
2013-09-25,600765,15.07,15.05,15.47,14.95,137040,208001258.0,3.45,-0.07,-0.01,1.76
2013-09-26,600765,15.3,14.52,15.3,14.5,137981,204648108.0,5.32,-3.52,-0.53,1.77
2013-09-27,600765,14.5,14.31,14.68,14.23,110911,159876721.0,3.1,-1.45,-0.21,1.43
2013-09-30,600765,14.44,14.1,14.48,14.02,113308,160654794.0,3.21,-1.47,-0.21,1.46
2013-10-08,600765,14.15,14.68,14.73,14.15,125811,182074247.0,4.11,4.11,0.58,1.62
2013-10-09,600765,14.6,14.69,14.89,14.51,109132,160920696.0,2.59,0.07,0.01,1.4
2013-10-10,600765,14.72,14.43,14.85,14.4,136144,198273526.0,3.06,-1.77,-0.26,1.75
2013-10-11,600765,14.5,14.7,14.82,14.32,143865,209583892.0,3.47,1.87,0.27,1.85
2013-10-14,600765,14.73,14.72,14.85,14.48,139575,204954034.0,2.52,0.14,0.02,1.79
2013-10-15,600765,14.73,14.86,14.92,14.54,169369,249865987.0,2.58,0.95,0.14,2.18
2013-10-16,600765,14.78,14.22,14.78,14.2,137193,197990191.0,3.9,-4.31,-0.64,1.76
2013-10-17,600765,14.35,14.0,14.43,13.96,114513,162946670.0,3.31,-1.55,-0.22,1.47
2013-10-18,600765,14.11,14.03,14.19,13.81,100520,141318983.0,2.71,0.21,0.03,1.29
2013-10-21,600765,14.11,14.72,14.98,13.95,224301,326327856.0,7.34,4.92,0.69,2.88
2013-10-22,600765,14.62,14.4,14.73,14.3,151517,219572688.0,2.92,-2.17,-0.32,1.95
2013-10-23,600765,14.47,13.99,14.48,13.86,106670,150518873.0,4.31,-2.85,-0.41,1.37
2013-10-24,600765,13.9,13.84,13.98,13.71,83236,114972243.0,1.93,-1.07,-0.15,1.07
2013-10-25,600765,13.48,13.01,13.73,12.93,199352,262704531.0,5.78,-6.0,-0.83,2.56
2013-10-28,600765,13.02,12.84,13.14,12.7,80960,104554267.0,3.38,-1.31,-0.17,1.04
2013-10-29,600765,12.91,12.24,13.03,11.71,152510,187049037.0,10.28,-4.67,-0.6,1.96
2013-10-30,600765,12.25,12.36,12.49,12.01,103448,126887540.0,3.92,0.98,0.12,1.33
2013-10-31,600765,12.2,12.28,12.39,12.19,59046,72450882.0,1.62,-0.65,-0.08,0.76
2013-11-01,600765,12.19,12.64,12.76,12.18,99753,125159257.0,4.72,2.93,0.36,1.28
2013-11-04,600765,12.63,12.69,12.81,12.47,73540,92732740.0,2.69,0.4,0.05,0.95
2013-11-05,600765,12.59,12.7,12.72,12.43,60812,76605985.0,2.29,0.08,0.01,0.78
2013-11-06,600765,12.8,12.71,13.07,12.67,96686,124654143.0,3.15,0.08,0.01,1.24
2013-11-07,600765,12.71,12.35,12.77,12.25,70642,88089158.0,4.09,-2.83,-0.36,0.91
2013-11-08,600765,12.34,12.41,12.44,12.25,56160,69359708.0,1.54,0.49,0.06,0.72
2013-11-11,600765,12.6,12.58,12.77,12.5,73492,92847791.0,2.18,1.37,0.17,0.94
2013-11-12,600765,12.58,12.72,12.76,12.52,55500,70262469.0,1.91,1.11,0.14,0.71
2013-11-13,600765,12.95,12.35,13.11,12.34,97218,124244814.0,6.05,-2.91,-0.37,1.25
2013-11-14,600765,12.22,12.72,12.8,12.05,104924,131366669.0,6.07,3.0,0.37,1.35
2013-11-15,600765,12.72,13.25,13.69,12.65,224448,295895920.0,8.18,4.17,0.53,2.88
2013-11-18,600765,13.29,13.78,13.99,13.2,243006,332464896.0,5.96,4.0,0.53,3.12
2013-11-19,600765,13.76,13.5,13.87,13.38,149860,203589428.0,3.56,-2.03,-0.28,1.93
2013-11-20,600765,13.5,14.15,14.35,13.33,317111,443096672.0,7.56,4.81,0.65,4.08
2013-11-21,600765,14.0,13.82,14.02,13.7,190780,264261641.0,2.26,-2.33,-0.33,2.45
2013-11-22,600765,13.87,13.6,14.09,13.55,134824,186064816.0,3.91,-1.59,-0.22,1.73
2013-11-25,600765,13.78,13.82,14.1,13.7,156201,217355208.0,2.94,1.62,0.22,2.01
2013-11-26,600765,13.83,14.26,14.45,13.56,292943,413199280.0,6.44,3.18,0.44,3.77
2013-11-27,600765,14.12,14.53,14.58,14.01,254778,365003168.0,4.0,1.89,0.27,3.27
2013-11-28,600765,14.63,14.31,14.84,14.26,234899,341948528.0,3.99,-1.51,-0.22,3.02
2013-11-29,600765,14.32,14.55,14.82,14.24,236245,344550176.0,4.05,1.68,0.24,3.04
2013-12-02,600765,13.87,13.28,14.3,13.22,227947,312053232.0,7.42,-8.73,-1.27,2.93
2013-12-03,600765,13.29,13.64,13.7,13.29,100457,136148411.0,3.09,2.71,0.36,1.29
2013-12-04,600765,13.59,13.82,13.93,13.5,118151,162608722.0,3.15,1.32,0.18,1.52
2013-12-05,600765,13.86,13.7,14.02,13.62,121082,167249062.0,2.89,-0.87,-0.12,1.56
2013-12-06,600765,13.62,13.48,13.8,13.35,103074,139918973.0,3.28,-1.61,-0.22,1.32
2013-12-09,600765,13.32,13.43,13.55,13.32,67771,90978539.0,1.71,-0.37,-0.05,0.87
2013-12-10,600765,13.5,13.25,13.52,13.19,78934,104915644.0,2.46,-1.34,-0.18,1.01
2013-12-11,600765,13.25,13.0,13.31,12.99,73466,96116373.0,2.42,-1.89,-0.25,0.94
2013-12-12,600765,12.97,12.97,13.13,12.87,72513,94255134.0,2.0,-0.23,-0.03,0.93
2013-12-13,600765,12.9,12.99,13.26,12.9,82842,108396380.0,2.78,0.15,0.02,1.06
2013-12-16,600765,13.01,12.94,13.13,12.85,53541,69394719.0,2.16,-0.38,-0.05,0.69
2013-12-17,600765,12.82,12.97,13.15,12.67,62224,80463932.0,3.71,0.23,0.03,0.8
2013-12-18,600765,12.91,13.02,13.25,12.85,59873,78055916.0,3.08,0.39,0.05,0.77
2013-12-19,600765,13.08,12.72,13.17,12.69,55157,71719856.0,3.69,-2.3,-0.3,0.71
2013-12-20,600765,12.72,12.35,12.82,12.19,71065,88509662.0,4.95,-2.91,-0.37,0.91
2013-12-23,600765,12.37,12.44,12.6,12.01,47406,58557926.0,4.78,0.73,0.09,0.61
2013-12-24,600765,12.43,12.4,12.69,12.26,42856,53610937.0,3.46,-0.32,-0.04,0.55
2013-12-25,600765,12.4,12.44,12.54,12.26,46449,57554836.0,2.26,0.32,0.04,0.6
2013-12-26,600765,12.45,12.14,12.52,12.08,45265,55412804.0,3.54,-2.41,-0.3,0.58
2013-12-27,600765,12.18,12.39,12.54,12.06,68634,84815375.0,3.95,2.06,0.25,0.88
2013-12-30,600765,12.4,12.52,12.66,12.34,69995,87521922.0,2.58,1.05,0.13,0.9
2013-12-31,600765,12.49,12.52,12.6,12.41,57190,71561407.0,1.52,0.0,0.0,0.74
2014-01-02,600765,12.5,12.79,12.88,12.46,83116,105705349.0,3.35,2.16,0.27,1.07
2014-01-03,600765,12.86,12.94,13.3,12.8,140518,184011885.0,3.91,1.17,0.15,1.81
2014-01-06,600765,12.74,12.38,12.76,12.23,89006,111577528.0,4.1,-4.33,-0.56,1.14
2014-01-07,600765,12.33,12.37,12.55,12.21,51776,64076502.0,2.75,-0.08,-0.01,0.67
2014-01-08,600765,12.39,12.35,12.65,12.32,84343,105096050.0,2.67,-0.16,-0.02,1.08
2014-01-09,600765,12.3,11.96,12.43,11.95,103268,125814498.0,3.89,-3.16,-0.39,1.33
2014-01-10,600765,11.96,11.52,11.98,11.48,77374,90522548.0,4.18,-3.68,-0.44,0.99
2014-01-13,600765,11.51,11.1,11.68,10.93,73921,83695818.0,6.51,-3.65,-0.42,0.95
2014-01-14,600765,11.05,11.58,11.6,10.91,82404,92749806.0,6.22,4.32,0.48,1.06
2014-01-15,600765,11.58,12.18,12.38,11.46,143695,173889832.0,7.94,5.18,0.6,1.85
2014-01-16,600765,12.06,11.95,12.2,11.89,73537,88410974.0,2.55,-1.89,-0.23,0.95
2014-01-17,600765,11.98,11.76,12.17,11.74,80483,96022457.0,3.6,-1.59,-0.19,1.03
2014-01-20,600765,11.69,11.41,11.8,11.21,87906,100552978.0,5.02,-2.98,-0.35,1.13
2014-01-21,600765,11.49,11.62,11.66,11.46,55845,64587193.0,1.75,1.84,0.21,0.72
2014-01-22,600765,11.56,11.95,12.07,11.56,91453,108831463.0,4.39,2.84,0.33,1.18
2014-01-23,600765,11.97,11.89,12.08,11.86,84426,100978928.0,1.84,-0.5,-0.06,1.09
2014-01-24,600765,12.0,12.17,12.32,11.94,94308,114655610.0,3.2,2.35,0.28,1.21
2014-01-27,600765,12.12,12.1,12.37,12.06,71394,87232208.0,2.55,-0.58,-0.07,0.92
2014-01-28,600765,12.1,12.01,12.27,11.87,60352,72581582.0,3.31,-0.74,-0.09,0.78
2014-01-29,600765,12.02,12.22,12.28,12.02,62170,75877862.0,2.16,1.75,0.21,0.8
2014-01-30,600765,12.25,12.28,12.45,12.03,75308,92449375.0,3.44,0.49,0.06,0.97
2014-02-07,600765,12.2,12.55,12.58,12.12,87788,109032840.0,3.75,2.2,0.27,1.13
2014-02-10,600765,12.56,12.86,12.9,12.51,143779,183343748.0,3.11,2.47,0.31,1.85
2014-02-11,600765,12.86,12.72,12.88,12.55,127112,161486099.0,2.57,-1.09,-0.14,1.63
2014-02-12,600765,12.66,12.75,12.76,12.53,87901,111272339.0,1.81,0.24,0.03,1.13
2014-02-13,600765,12.74,12.33,12.74,12.32,97814,122531365.0,3.29,-3.29,-0.42,1.26
2014-02-14,600765,12.33,12.6,12.62,12.3,64688,80550635.0,2.6,2.19,0.27,0.83
2014-02-17,600765,12.73,13.17,13.19,12.65,196599,256450929.0,4.29,4.52,0.57,2.53
2014-02-18,600765,13.17,12.98,13.19,12.9,111213,144534124.0,2.2,-1.44,-0.19,1.43
2014-02-19,600765,12.99,13.1,13.26,12.98,134020,175940330.0,2.16,0.92,0.12,1.72
2014-02-20,600765,13.14,12.72,13.17,12.67,99426,127743056.0,3.82,-2.9,-0.38,1.28
2014-02-21,600765,12.68,12.63,12.9,12.51,72026,91201954.0,3.07,-0.71,-0.09,0.93
2014-02-24,600765,12.31,12.47,12.59,12.31,74627,92805276.0,2.22,-1.27,-0.16,0.96
2014-02-25,600765,12.47,11.92,12.74,11.87,105792,130097315.0,6.98,-4.41,-0.55,1.36
2014-02-26,600765,11.8,11.79,11.86,11.5,71765,83793935.0,3.02,-1.09,-0.13,0.92
2014-02-27,600765,11.8,11.99,12.28,11.75,91479,110239738.0,4.5,1.7,0.2,1.18
2014-02-28,600765,11.93,12.15,12.21,11.63,60394,72164478.0,4.84,1.33,0.16,0.78
2014-03-03,600765,12.29,12.39,12.43,12.22,62954,77595239.0,1.73,1.98,0.24,0.81
2014-03-04,600765,12.33,13.63,13.63,12.31,577171,780342192.0,10.65,10.01,1.24,7.42
2014-03-05,600765,13.66,13.65,13.88,13.34,413932,563461072.0,3.96,0.15,0.02,5.32
2014-03-06,600765,13.55,13.33,13.55,13.06,179621,238754201.0,3.59,-2.34,-0.32,2.31
2014-03-07,600765,13.33,13.28,13.76,13.1,227711,305193968.0,4.95,-0.38,-0.05,2.93
2014-03-10,600765,13.06,12.56,13.18,12.55,153826,197936635.0,4.74,-5.42,-0.72,1.98
2014-03-11,600765,12.52,12.66,12.79,12.33,117241,146632064.0,3.66,0.8,0.1,1.51
2014-03-12,600765,12.55,12.4,12.73,12.18,101105,125846739.0,4.34,-2.05,-0.26,1.3
2014-03-13,600765,12.4,12.54,12.64,12.36,94807,118921658.0,2.26,1.13,0.14,1.22
2014-03-14,600765,12.5,12.2,12.59,12.16,84996,104879674.0,3.43,-2.71,-0.34,1.09
2014-03-17,600765,12.33,12.87,12.88,12.23,124220,156929279.0,5.33,5.49,0.67,1.6
2014-03-18,600765,12.88,12.83,13.03,12.71,104168,134199722.0,2.49,-0.31,-0.04,1.34
2014-03-19,600765,12.81,12.71,12.94,12.58,88110,111941164.0,2.81,-0.94,-0.12,1.13
2014-03-20,600765,12.71,12.85,13.39,12.65,213647,279849376.0,5.82,1.1,0.14,2.75
2014-03-21,600765,12.71,13.28,13.32,12.7,182879,239691933.0,4.82,3.35,0.43,2.35
2014-03-24,600765,13.5,13.18,13.56,13.05,160984,213579470.0,3.84,-0.75,-0.1,2.07
2014-03-25,600765,13.1,13.2,13.23,12.84,113941,148473883.0,2.96,0.15,0.02,1.46
2014-03-26,600765,13.5,13.11,13.62,13.08,123896,164594155.0,4.09,-0.68,-0.09,1.59
2014-03-27,600765,13.37,13.1,13.37,13.08,116896,154696404.0,2.21,-0.08,-0.01,1.5
2014-03-28,600765,13.15,12.56,13.15,12.52,124728,158949096.0,4.81,-4.12,-0.54,1.6
2014-03-31,600765,12.56,12.52,12.72,12.4,54432,68176147.0,2.55,-0.32,-0.04,0.7
2014-04-01,600765,12.51,12.84,12.97,12.43,71603,91169027.0,4.31,2.56,0.32,0.92
2014-04-02,600765,12.75,12.76,12.94,12.64,57723,73629388.0,2.34,-0.62,-0.08,0.74
2014-04-03,600765,12.8,12.75,12.95,12.69,62031,79529412.0,2.04,-0.08,-0.01,0.8
2014-04-04,600765,12.62,12.68,12.78,12.6,59627,75597804.0,1.41,-0.55,-0.07,0.77
2014-04-08,600765,12.64,12.95,13.0,12.57,100399,129251739.0,3.39,2.13,0.27,1.29
2014-04-09,600765,12.97,13.02,13.14,12.85,100039,130276309.0,2.24,0.54,0.07,1.29
2014-04-10,600765,12.98,13.14,13.16,12.9,123336,161069162.0,2.0,0.92,0.12,1.59
2014-04-11,600765,13.07,13.0,13.1,12.87,86697,112436903.0,1.75,-1.07,-0.14,1.11
2014-04-14,600765,12.92,12.98,13.06,12.88,52892,68596330.0,1.38,-0.15,-0.02,0.68
2014-04-15,600765,13.11,12.78,13.21,12.75,106852,138856245.0,3.54,-1.54,-0.2,1.37
2014-04-16,600765,12.71,12.82,12.86,12.62,54122,68931663.0,1.88,0.31,0.04,0.7
2014-04-17,600765,12.86,12.71,12.9,12.65,56407,71924484.0,1.95,-0.86,-0.11,0.73
2014-04-18,600765,12.77,12.64,12.77,12.58,60692,76855340.0,1.49,-0.55,-0.07,0.78
2014-04-21,600765,12.54,12.17,12.55,12.08,123298,151869321.0,3.72,-3.72,-0.47,1.58
2014-04-22,600765,12.17,12.22,12.27,12.09,51531,62728305.0,1.48,0.41,0.05,0.66
2014-04-23,600765,12.29,12.29,12.3,11.9,61523,74665272.0,3.27,0.57,0.07,0.79
2014-04-24,600765,12.2,12.08,12.25,12.04,53040,64329369.0,1.71,-1.71,-0.21,0.68
2014-04-25,600765,12.08,11.72,12.08,11.68,62702,74253156.0,3.31,-2.98,-0.36,0.81
2014-04-28,600765,11.72,11.18,11.79,11.15,52038,59261669.0,5.46,-4.61,-0.54,0.67
2014-04-29,600765,11.23,11.3,11.33,11.15,32342,36412351.0,1.61,1.07,0.12,0.42
2014-04-30,600765,11.29,11.23,11.33,11.14,44296,49755844.0,1.68,-0.62,-0.07,0.57
2014-05-05,600765,11.21,11.33,11.38,11.18,37751,42690249.0,1.78,0.89,0.1,0.49
2014-05-06,600765,11.35,11.51,11.62,11.35,69305,79627981.0,2.38,1.59,0.18,0.89
2014-05-07,600765,11.55,11.5,11.74,11.42,84776,98271775.0,2.78,-0.09,-0.01,1.09
2014-05-08,600765,11.37,11.41,11.53,11.21,46238,52727616.0,2.78,-0.78,-0.09,0.59
2014-05-09,600765,11.3,11.26,11.4,11.18,31497,35508119.0,1.93,-1.31,-0.15,0.4
2014-05-12,600765,11.37,11.55,11.61,11.34,52158,59937050.0,2.4,2.58,0.29,0.67
2014-05-13,600765,11.59,11.57,11.62,11.4,47888,55084554.0,1.9,0.17,0.02,0.62
2014-05-14,600765,11.5,11.52,11.59,11.46,28456,32787635.0,1.12,-0.43,-0.05,0.37
2014-05-15,600765,11.49,11.35,11.68,11.29,55661,64164934.0,3.39,-1.48,-0.17,0.72
2014-05-16,600765,11.33,11.46,11.53,11.31,44012,50362486.0,1.94,0.97,0.11,0.57
2014-05-19,600765,11.61,11.31,11.68,11.3,43456,49674929.0,3.32,-1.31,-0.15,0.56
2014-05-20,600765,11.33,11.43,11.52,11.33,40280,46100799.0,1.68,1.06,0.12,0.52
2014-05-21,600765,11.34,11.44,11.45,11.26,39609,44930428.0,1.66,0.09,0.01,0.51
2014-05-22,600765,11.44,11.44,11.56,11.39,46776,53690787.0,1.49,0.0,0.0,0.6
2014-05-23,600765,11.44,11.47,11.49,11.32,35527,40489160.0,1.49,0.26,0.03,0.46
2014-05-26,600765,11.68,11.57,11.78,11.53,48489,56300535.0,2.18,0.87,0.1,0.62
2014-05-27,600765,11.57,11.55,11.67,11.5,39014,45197198.0,1.47,-0.17,-0.02,0.5
2014-05-28,600765,11.55,11.7,11.72,11.51,68225,79555727.0,1.82,1.3,0.15,0.88
2014-05-29,600765,11.68,11.53,11.76,11.52,43223,50170170.0,2.05,-1.45,-0.17,0.56
2014-05-30,600765,11.58,11.74,11.82,11.56,69137,80963944.0,2.25,1.82,0.21,0.89
2014-06-03,600765,11.66,11.54,11.79,11.53,59384,69246439.0,2.21,-1.7,-0.2,0.76
2014-06-04,600765,11.1,10.66,11.16,10.42,218553,236248546.0,6.41,-7.63,-0.88,2.81
2014-06-05,600765,10.64,10.72,10.76,10.46,82625,88070271.0,2.81,0.56,0.06,1.06
2014-06-06,600765,10.73,10.75,10.86,10.66,63731,68585953.0,1.87,0.28,0.03,0.82
2014-06-09,600765,10.61,10.57,10.7,10.54,65053,68929351.0,1.49,-1.67,-0.18,0.84
2014-06-10,600765,10.56,10.59,10.61,10.47,46150,48773696.0,1.32,0.19,0.02,0.59
2014-06-11,600765,10.6,10.58,10.6,10.48,52988,55851508.0,1.13,-0.09,-0.01,0.68
2014-06-12,600765,10.6,10.75,10.85,10.52,103282,111017687.0,3.12,1.61,0.17,1.33
2014-06-13,600765,10.78,11.83,11.83,10.76,261574,303284864.0,9.95,10.05,1.08,3.36
2014-06-16,600765,11.92,11.72,11.95,11.65,290827,342683648.0,2.54,-0.93,-0.11,3.74
2014-06-17,600765,11.73,11.41,11.73,11.4,163456,188456774.0,2.82,-2.65,-0.31,2.1
2014-06-18,600765,11.51,11.56,11.71,11.42,144643,167633010.0,2.54,1.31,0.15,1.86
2014-06-19,600765,11.48,11.09,11.48,10.8,130435,146261060.0,5.88,-4.07,-0.47,1.68
2014-06-20,600765,11.04,11.28,11.46,10.91,95937,107472644.0,4.96,1.71,0.19,1.23
2014-06-23,600765,11.19,11.26,11.39,11.07,80297,90308013.0,2.84,-0.18,-0.02,1.03
2014-06-24,600765,11.29,11.43,11.5,11.16,94435,107106159.0,3.02,1.51,0.17,1.21
2014-06-25,600765,11.37,11.27,11.6,11.17,86119,97827698.0,3.76,-1.4,-0.16,1.11
2014-06-26,600765,11.19,11.28,11.4,11.19,80173,90579621.0,1.86,0.09,0.01,1.03
2014-06-27,600765,11.29,11.28,11.37,11.19,89976,101501502.0,1.6,0.0,0.0,1.16
2014-06-30,600765,11.3,12.0,12.38,11.3,306366,363825056.0,9.57,6.38,0.72,3.94
2014-07-01,600765,11.9,11.78,11.99,11.68,156992,184970466.0,2.58,-1.83,-0.22,2.02
2014-07-02,600765,11.93,12.17,12.46,11.89,275581,337014832.0,4.84,3.31,0.39,3.54
2014-07-03,600765,12.17,12.35,12.51,11.95,212155,261326834.0,4.6,1.48,0.18,2.73
2014-07-04,600765,12.5,12.27,12.56,12.25,130991,161922778.0,2.51,-0.65,-0.08,1.68
2014-07-07,600765,12.4,12.48,12.73,12.23,251716,314728736.0,4.07,1.71,0.21,3.24
2014-07-08,600765,12.4,12.36,12.65,12.23,165242,204581488.0,3.37,-0.96,-0.12,2.12
2014-07-09,600765,12.36,12.47,12.95,12.25,296181,375833696.0,5.66,0.89,0.11,3.81
2014-07-10,600765,12.4,12.35,12.79,12.3,168658,211139879.0,3.93,-0.96,-0.12,2.17
2014-07-11,600765,12.29,13.59,13.59,12.28,684889,915877872.0,10.61,10.04,1.24,8.8
2014-07-14,600765,13.49,13.58,13.83,13.36,495242,673428192.0,3.46,-0.07,-0.01,6.37
2014-07-15,600765,13.45,13.58,14.2,13.44,367647,506416592.0,5.6,0.0,0.0,4.73
2014-07-16,600765,13.58,13.03,13.74,12.99,277345,366939360.0,5.52,-4.05,-0.55,3.56
2014-07-17,600765,13.06,13.19,13.25,12.87,132870,173623721.0,2.92,1.23,0.16,1.71
2014-07-18,600765,13.05,12.9,13.28,12.85,130297,170234696.0,3.26,-2.2,-0.29,1.67
2014-07-21,600765,12.99,13.52,13.56,12.99,201395,269850544.0,4.42,4.81,0.62,2.59
2014-07-22,600765,13.4,13.46,13.5,13.23,121476,162502691.0,2.0,-0.44,-0.06,1.56
2014-07-23,600765,13.59,13.26,13.76,13.2,145935,196459904.0,4.16,-1.49,-0.2,1.88
2014-07-24,600765,13.13,12.93,13.3,12.7,143208,185286461.0,4.52,-2.49,-0.33,1.84
2014-07-25,600765,12.95,12.99,13.1,12.9,71370,92707904.0,1.55,0.46,0.06,0.92
2014-07-28,600765,13.02,13.33,13.52,13.02,149769,198509692.0,3.85,2.62,0.34,1.93
2014-07-29,600765,13.39,14.66,14.66,13.35,531972,756689296.0,9.83,9.98,1.33,6.84
2014-07-30,600765,15.0,14.5,15.05,14.29,468655,683864320.0,5.18,-1.09,-0.16,6.02
2014-07-31,600765,14.32,14.66,15.16,14.2,345602,505950000.0,6.62,1.1,0.16,4.44
2014-08-01,600765,14.65,14.3,14.85,14.3,244727,356317440.0,3.75,-2.46,-0.36,3.15
2014-08-04,600765,14.28,14.47,14.65,14.21,144185,208475765.0,3.08,1.19,0.17,1.85
2014-08-05,600765,14.5,14.56,14.58,14.16,156582,225774134.0,2.9,0.62,0.09,2.01
2014-08-06,600765,14.52,14.58,14.75,14.28,165943,241348705.0,3.23,0.14,0.02,2.13
2014-08-07,600765,14.56,14.25,14.85,14.18,186655,271022976.0,4.6,-2.26,-0.33,2.4
2014-08-08,600765,14.35,14.68,14.96,14.2,255707,375150864.0,5.33,3.02,0.43,3.29
2014-08-11,600765,14.6,14.87,15.08,14.6,166684,248219711.0,3.27,1.29,0.19,2.14
2014-08-12,600765,15.0,15.01,15.2,14.85,194634,292725904.0,2.35,0.94,0.14,2.5
2014-08-13,600765,15.01,14.81,15.18,14.44,155552,229119727.0,4.93,-1.33,-0.2,2.0
2014-08-14,600765,14.8,14.5,14.8,14.49,135648,198396918.0,2.09,-2.09,-0.31,1.74
2014-08-15,600765,14.43,14.64,14.74,14.41,110823,162359481.0,2.28,0.97,0.14,1.42
2014-08-18,600765,14.72,14.88,14.96,14.48,142828,210253430.0,3.28,1.64,0.24,1.84
2014-08-19,600765,14.86,15.57,15.9,14.8,340132,527490096.0,7.39,4.64,0.69,4.37
2014-08-20,600765,15.5,15.5,15.78,15.19,192630,299245168.0,3.79,-0.45,-0.07,2.48
2014-08-21,600765,15.36,16.21,16.99,15.36,340787,556518768.0,10.52,4.58,0.71,4.38
2014-08-22,600765,16.36,17.63,17.8,16.1,431786,744465984.0,10.49,8.76,1.42,5.55
2014-08-25,600765,17.39,17.3,17.74,17.03,273109,473104832.0,4.03,-1.87,-0.33,3.51
2014-08-26,600765,17.3,17.81,18.3,17.3,389557,699966368.0,5.78,2.95,0.51,5.01
2014-08-27,600765,17.94,17.53,18.18,17.3,285823,506483168.0,4.94,-1.57,-0.28,3.67
2014-08-28,600765,17.43,16.69,17.43,16.45,337403,568973232.0,5.59,-4.79,-0.84,4.34
2014-08-29,600765,16.85,17.18,17.21,16.75,157189,267334190.0,2.76,2.94,0.49,2.02
2014-09-01,600765,17.48,18.52,18.61,17.39,325411,584542048.0,7.1,7.8,1.34,4.18
2014-09-02,600765,18.4,18.44,19.02,17.89,477492,877853456.0,6.1,-0.43,-0.08,6.14
2014-09-03,600765,18.01,18.25,18.69,17.95,296551,541631168.0,4.01,-1.03,-0.19,3.81
2014-09-04,600765,18.11,18.72,19.08,18.03,316223,591788416.0,5.75,2.58,0.47,4.06
2014-09-05,600765,18.8,18.34,19.0,18.24,275195,508101328.0,4.06,-2.03,-0.38,3.54
2014-09-09,600765,18.48,20.17,20.17,18.48,454175,890834640.0,9.21,9.98,1.83,5.84
2014-09-10,600765,20.06,20.71,21.18,20.0,428540,885702176.0,5.85,2.68,0.54,5.51
2014-09-11,600765,20.5,22.53,22.75,20.33,460254,1002908672.0,11.69,8.79,1.82,5.92
2014-09-12,600765,21.85,22.36,22.5,21.76,337190,745210000.0,3.28,-0.75,-0.17,4.33
2014-09-15,600765,22.36,23.99,24.4,22.28,404139,952186288.0,9.48,7.29,1.63,5.19
2014-09-16,600765,24.11,22.63,24.15,22.48,404513,938506064.0,6.96,-5.67,-1.36,5.2
2014-09-17,600765,22.66,22.79,23.25,21.14,511478,1130964560.0,9.32,0.71,0.16,6.57
2014-09-18,600765,22.3,22.13,22.45,21.75,262700,579415312.0,3.07,-2.9,-0.66,3.38
2014-09-19,600765,22.13,24.34,24.34,22.01,418969,986157984.0,10.53,9.99,2.21,5.39
2014-09-22,600765,24.99,24.2,25.44,23.82,503964,1244100496.0,6.66,-0.58,-0.14,6.48
2014-09-23,600765,23.96,26.62,26.62,23.9,551252,1414088736.0,11.24,10.0,2.42,7.09
2014-09-24,600765,26.62,26.75,27.58,25.85,484378,1292485072.0,6.5,0.49,0.13,6.23
2014-09-25,600765,27.0,26.9,27.93,26.01,442884,1193034160.0,7.18,0.56,0.15,5.69
2014-09-26,600765,26.45,26.02,26.98,25.32,372119,969105888.0,6.17,-3.27,-0.88,4.78
2014-09-29,600765,26.0,25.81,26.7,25.52,282485,733600672.0,4.53,-0.81,-0.21,3.63
2014-09-30,600765,25.71,26.1,26.4,25.36,247110,640688752.0,4.03,1.12,0.29,3.18
2014-10-08,600765,26.01,26.45,27.45,25.63,334165,887806944.0,6.97,1.34,0.35,4.3
2014-10-09,600765,26.1,25.51,26.44,24.97,368417,946787328.0,5.56,-3.55,-0.94,4.74
2014-10-10,600765,25.33,25.49,26.07,25.1,225656,577934304.0,3.8,-0.08,-0.02,2.9
2014-10-13,600765,25.5,26.98,27.55,25.21,387515,1018011024.0,9.18,5.85,1.49,4.98
2014-10-14,600765,27.0,26.09,27.0,25.77,251367,664409760.0,4.56,-3.3,-0.89,3.23
2014-10-15,600765,26.15,24.36,26.28,23.48,496372,1217312784.0,10.73,-6.63,-1.73,6.38
2014-10-16,600765,24.1,23.49,24.53,23.34,248014,594998848.0,4.89,-3.57,-0.87,3.19
2014-10-17,600765,23.51,24.43,24.76,23.1,250821,600424960.0,7.07,4.0,0.94,3.22
2014-10-20,600765,24.3,24.08,24.35,23.59,163213,392809392.0,3.11,-1.43,-0.35,2.1
2014-10-21,600765,24.04,23.2,24.36,23.15,191352,451066224.0,5.02,-3.65,-0.88,2.46
2014-10-22,600765,23.2,23.39,24.35,23.18,208493,496056400.0,5.04,0.82,0.19,2.68
2014-10-23,600765,23.3,23.34,23.7,23.11,117075,273630256.0,2.52,-0.21,-0.05,1.5
2014-10-24,600765,23.3,21.95,23.88,21.5,293542,663719632.0,10.2,-5.96,-1.39,3.77
2014-10-27,600765,21.85,22.4,22.5,21.38,188439,414243664.0,5.1,2.05,0.45,2.42
2014-10-28,600765,22.39,24.06,24.22,22.26,324313,753870864.0,8.75,7.41,1.66,4.17
2014-10-29,600765,24.0,24.11,24.6,23.7,266085,642280240.0,3.74,0.21,0.05,3.42
2014-10-30,600765,24.0,24.04,24.57,23.71,170702,412823200.0,3.57,-0.29,-0.07,2.19
2014-10-31,600765,24.05,23.26,24.27,22.91,202660,474339888.0,5.66,-3.24,-0.78,2.6
2014-11-03,600765,23.3,23.08,23.32,22.61,144087,330123856.0,3.05,-0.77,-0.18,1.85
2014-11-04,600765,23.03,23.08,23.38,22.66,117079,269266320.0,3.12,0.0,0.0,1.5
2014-11-05,600765,23.09,22.78,23.15,22.7,94346,215898579.0,1.95,-1.3,-0.3,1.21
2014-11-06,600765,22.6,22.96,23.08,22.43,113113,257297969.0,2.85,0.79,0.18,1.45
2014-11-07,600765,23.03,22.98,23.82,22.78,149957,350100176.0,4.53,0.09,0.02,1.93
2014-11-10,600765,23.1,23.05,23.19,22.7,86759,198719106.0,2.13,0.3,0.07,1.12
2014-11-11,600765,23.05,23.24,23.5,22.75,179419,415613936.0,3.25,0.82,0.19,2.31
2014-11-12,600765,23.35,24.82,25.5,23.07,398043,972449216.0,10.46,6.8,1.58,5.12
2014-11-13,600765,24.58,23.24,24.65,23.0,291471,692132608.0,6.65,-6.37,-1.58,3.75
2014-11-14,600765,22.98,23.68,24.05,22.6,169616,400389664.0,6.24,1.89,0.44,2.18
2014-11-17,600765,23.5,24.61,25.35,23.3,303444,749372544.0,8.66,3.93,0.93,3.9
2014-11-18,600765,24.61,24.43,24.98,24.01,145836,353929136.0,3.94,-0.73,-0.18,1.87
2014-11-19,600765,24.46,23.43,24.47,23.4,150044,355639808.0,4.38,-4.09,-1.0,1.93
2014-12-08,600765,25.77,25.77,25.77,25.77,12910,33269070.0,0.0,9.99,2.34,0.17
2014-12-09,600765,27.5,24.33,28.32,23.88,926243,2474424256.0,17.23,-5.59,-1.44,11.91
2014-12-10,600765,23.57,25.41,26.5,23.09,424231,1061424240.0,14.02,4.44,1.08,5.45
2014-12-11,600765,25.1,26.16,26.56,24.81,428119,1118680448.0,6.89,2.95,0.75,5.5
2014-12-12,600765,26.16,26.12,26.65,25.7,218879,572615328.0,3.63,-0.15,-0.04,2.81
2014-12-15,600765,24.66,25.62,25.83,24.47,280790,708463888.0,5.21,-1.91,-0.5,3.61
2014-12-16,600765,25.59,25.34,26.22,24.98,335638,853686304.0,4.84,-1.09,-0.28,4.31
2014-12-17,600765,25.1,23.92,25.1,23.5,373362,901686448.0,6.31,-5.6,-1.42,4.8
2014-12-18,600765,23.8,24.13,24.98,23.72,261657,636973856.0,5.27,0.88,0.21,3.36
2014-12-19,600765,24.12,22.82,24.12,22.1,290997,665088240.0,8.37,-5.43,-1.31,3.74
2014-12-22,600765,22.92,20.54,23.45,20.54,266637,571659696.0,12.75,-9.99,-2.28,3.43
2014-12-23,600765,20.3,19.41,21.28,19.3,245766,492276576.0,9.64,-5.5,-1.13,3.16
2014-12-24,600765,19.8,20.3,20.61,19.2,214043,428234400.0,7.26,4.59,0.89,2.75
2014-12-25,600765,20.5,20.47,20.69,19.96,158885,322951600.0,3.6,0.84,0.17,2.04
2014-12-26,600765,20.47,21.07,21.38,20.4,194102,408405456.0,4.79,2.93,0.6,2.49
2014-12-29,600765,21.21,20.62,21.88,20.38,200144,419132816.0,7.12,-2.14,-0.45,2.57
2014-12-30,600765,20.42,18.97,20.7,18.58,282042,547574912.0,10.28,-8.0,-1.65,3.63
2014-12-31,600765,19.17,19.05,19.39,18.65,154355,294066128.0,3.9,0.42,0.08,1.98
2015-01-05,600765,19.05,19.11,19.32,18.51,174064,329478688.0,4.25,0.31,0.06,2.24
2015-01-06,600765,19.0,20.35,20.55,18.81,293450,587217744.0,9.11,6.49,1.24,3.77
2015-01-07,600765,20.49,20.2,20.69,20.05,161729,328365040.0,3.14,-0.74,-0.15,2.08
2015-01-08,600765,20.2,20.23,20.7,19.78,175863,356435184.0,4.55,0.15,0.03,2.26
2015-01-09,600765,20.24,20.1,20.71,20.01,177668,361424704.0,3.46,-0.64,-0.13,2.28
2015-01-12,600765,20.08,19.16,20.08,18.98,138016,266931928.0,5.47,-4.68,-0.94,1.77
2015-01-13,600765,19.18,19.22,19.51,19.12,104667,201971871.0,2.04,0.31,0.06,1.35
2015-01-14,600765,19.3,19.42,19.73,19.12,122055,236684157.0,3.17,1.04,0.2,1.57
2015-01-15,600765,19.42,19.47,19.6,19.15,98392,190679474.0,2.32,0.26,0.05,1.26
2015-01-16,600765,19.75,19.87,19.94,19.5,191794,377620480.0,2.26,2.05,0.4,2.47
2015-01-19,600765,19.5,20.2,21.58,19.1,451569,927196480.0,12.48,1.66,0.33,5.8
2015-01-20,600765,20.5,21.22,21.24,20.5,297497,621729664.0,3.66,5.05,1.02,3.82
2015-01-21,600765,21.43,21.73,22.24,21.35,319123,695259888.0,4.19,2.4,0.51,4.1
2015-01-22,600765,21.74,23.62,23.9,21.25,613978,1391402128.0,12.2,8.7,1.89,7.89
2015-01-23,600765,23.32,22.9,23.81,22.83,345486,804257408.0,4.15,-3.05,-0.72,4.44
2015-01-26,600765,23.1,23.11,23.55,23.01,225661,525018752.0,2.36,0.92,0.21,2.9
2015-01-27,600765,23.16,23.28,23.45,22.92,210678,488879344.0,2.29,0.74,0.17,2.71
2015-01-28,600765,23.39,22.68,23.44,22.53,171244,392996416.0,3.91,-2.58,-0.6,2.2
2015-01-29,600765,22.45,22.61,22.68,22.13,126075,281941040.0,2.43,-0.31,-0.07,1.62
2015-01-30,600765,22.62,23.09,23.19,22.41,161156,366198496.0,3.45,2.12,0.48,2.07
2015-02-02,600765,22.8,23.11,23.4,22.66,179504,413914288.0,3.2,0.09,0.02,2.31
2015-02-03,600765,23.02,23.13,23.38,22.69,158018,364478928.0,2.99,0.09,0.02,2.03
2015-02-04,600765,23.13,23.3,23.98,23.12,345688,816143376.0,3.72,0.73,0.17,4.44
2015-02-05,600765,23.56,22.3,23.56,22.28,214566,488836960.0,5.49,-4.29,-1.0,2.76
2015-02-06,600765,22.09,20.99,22.19,20.92,231227,494429328.0,5.7,-5.87,-1.31,2.97
2015-02-09,600765,20.35,20.58,21.29,20.35,117014,242009025.0,4.48,-1.95,-0.41,1.5
2015-02-10,600765,20.37,20.74,20.86,20.37,95245,196986814.0,2.38,0.78,0.16,1.22
2015-02-11,600765,20.88,20.7,20.88,20.6,105398,218193163.0,1.35,-0.19,-0.04,1.35
2015-02-12,600765,20.75,20.86,20.88,20.5,123110,254545113.0,1.84,0.77,0.16,1.58
2015-02-13,600765,20.95,21.6,21.76,20.95,180124,387653104.0,3.88,3.55,0.74,2.32
2015-02-16,600765,21.72,21.99,22.0,21.6,130066,283917088.0,1.85,1.81,0.39,1.67
2015-02-17,600765,22.1,21.77,22.1,21.7,119232,260296798.0,1.82,-1.0,-0.22,1.53
2015-02-25,600765,21.98,22.75,22.95,21.85,205030,462649584.0,5.05,4.5,0.98,2.64
2015-02-26,600765,22.85,22.85,23.19,22.58,180288,412415872.0,2.68,0.44,0.1,2.32
2015-02-27,600765,22.98,23.09,23.95,22.98,267986,628958624.0,4.25,1.05,0.24,3.44
2015-03-02,600765,23.3,23.4,23.61,23.07,194281,453296112.0,2.34,1.34,0.31,2.5
2015-03-03,600765,23.42,23.54,23.83,23.22,248321,585615808.0,2.61,0.6,0.14,3.19
2015-03-04,600765,23.54,23.78,23.93,23.4,229125,543875760.0,2.25,1.02,0.24,2.95
2015-03-05,600765,23.78,22.87,23.82,22.75,265872,611544448.0,4.5,-3.83,-0.91,3.42
2015-03-06,600765,22.9,22.37,23.09,22.23,175241,393980368.0,3.76,-2.19,-0.5,2.25
2015-03-09,600765,22.29,22.62,22.83,21.8,133772,299763056.0,4.6,1.12,0.25,1.72
2015-03-10,600765,22.65,22.62,22.93,22.4,145167,329269824.0,2.34,0.0,0.0,1.87
2015-03-11,600765,22.65,22.59,22.69,22.4,111013,249685855.0,1.28,-0.13,-0.03,1.43
2015-03-12,600765,22.59,22.7,22.92,22.35,135890,308686624.0,2.52,0.49,0.11,1.75
2015-03-13,600765,22.79,23.01,23.15,22.68,143876,330193808.0,2.07,1.37,0.31,1.85
2015-03-16,600765,23.33,23.7,23.89,23.1,276008,651742288.0,3.43,3.0,0.69,3.55
2015-03-17,600765,23.75,24.46,24.79,23.75,379325,925298128.0,4.39,3.21,0.76,4.88
2015-03-18,600765,24.6,24.65,24.97,24.17,330295,809520960.0,3.27,0.78,0.19,4.25
2015-03-19,600765,24.5,24.51,24.87,24.18,284350,696406896.0,2.8,-0.57,-0.14,3.65
2015-03-20,600765,24.56,24.17,24.67,24.0,265465,642450528.0,2.73,-1.39,-0.34,3.41
2015-03-23,600765,24.17,24.27,24.38,24.09,308698,747705664.0,1.2,0.41,0.1,3.97
2015-03-24,600765,24.35,25.98,26.2,24.15,615940,1542274288.0,8.45,7.05,1.71,7.92
2015-03-25,600765,25.62,25.57,25.99,25.02,390422,993928880.0,3.73,-1.58,-0.41,5.02
2015-03-26,600765,25.58,25.98,27.35,25.58,473606,1251567696.0,6.92,1.6,0.41,6.09
2015-03-27,600765,26.1,25.86,26.86,25.7,281106,732052688.0,4.46,-0.46,-0.12,3.61
2015-03-30,600765,26.0,25.98,26.12,25.33,290316,745704992.0,3.05,0.46,0.12,3.73
2015-03-31,600765,25.99,25.91,26.5,25.8,302625,790817792.0,2.69,-0.27,-0.07,3.89
2015-04-01,600765,25.88,26.12,26.41,25.81,241079,630674768.0,2.32,0.81,0.21,3.1
2015-04-02,600765,26.38,25.95,26.4,25.6,290120,752670912.0,3.06,-0.65,-0.17,3.73
2015-04-03,600765,26.05,27.04,27.29,26.04,442880,1181803712.0,4.82,4.2,1.09,5.69
2015-04-07,600765,27.04,27.18,27.3,26.58,333881,898718032.0,2.66,0.52,0.14,4.29
2015-04-08,600765,27.3,26.14,27.36,25.55,318137,840464576.0,6.66,-3.83,-1.04,4.09
2015-04-09,600765,26.0,25.15,26.38,24.46,294265,744469312.0,7.35,-3.79,-0.99,3.78
2015-04-10,600765,25.16,25.59,25.82,25.14,214518,548153408.0,2.7,1.75,0.44,2.76
2015-04-13,600765,25.67,25.6,25.8,25.03,289406,735931184.0,3.01,0.04,0.01,3.72
2015-04-14,600765,25.6,26.11,26.27,25.6,340273,880377584.0,2.62,1.99,0.51,4.37
2015-04-15,600765,26.16,24.8,26.3,24.79,268764,682925472.0,5.78,-5.02,-1.31,3.45
2015-04-16,600765,24.66,25.26,25.38,23.59,267348,660570000.0,7.22,1.85,0.46,3.44
2015-04-17,600765,25.28,26.26,26.99,25.1,523929,1368064064.0,7.48,3.96,1.0,6.73
2015-04-20,600765,26.1,28.89,28.89,25.5,965211,2671082512.0,12.91,10.02,2.63,12.41
2015-04-21,600765,29.3,30.93,31.59,28.84,1080168,3243867696.0,9.52,7.06,2.04,13.88
2015-04-22,600765,30.11,30.63,31.0,29.5,573629,1751346944.0,4.85,-0.97,-0.3,7.37
2015-04-23,600765,30.63,30.05,30.79,29.59,416328,1255108368.0,3.92,-1.89,-0.58,5.35
2015-04-24,600765,30.05,30.51,32.29,29.4,478640,1490584800.0,9.62,1.53,0.46,6.15
2015-04-27,600765,30.52,30.93,32.51,30.52,443040,1383413696.0,6.52,1.38,0.42,5.69
2015-04-28,600765,31.2,28.7,31.2,28.61,401689,1186819520.0,8.37,-7.21,-2.23,5.16
2015-04-29,600765,28.43,29.2,30.1,28.0,318206,931065152.0,7.32,1.74,0.5,4.09
2015-04-30,600765,29.2,28.7,30.0,28.6,296428,865834112.0,4.79,-1.71,-0.5,3.81
2015-05-04,600765,28.99,30.76,31.0,28.55,455832,1370765760.0,8.54,7.18,2.06,5.86
2015-06-09,600765,33.84,33.84,33.84,33.84,4217,14271174.0,0.0,10.01,3.08,0.05
2015-06-10,600765,37.22,36.54,37.22,34.52,858691,3129984528.0,7.98,7.98,2.7,11.04
2015-06-11,600765,35.88,39.01,40.1,35.0,676951,2529698576.0,13.96,6.76,2.47,8.7
2015-06-12,600765,38.5,37.64,39.29,37.5,447859,1718772864.0,4.59,-3.51,-1.37,5.76
2015-06-15,600765,38.1,37.07,39.48,36.99,375096,1430829504.0,6.62,-1.51,-0.57,4.82
2015-06-16,600765,36.8,34.33,36.8,34.0,352531,1234070304.0,7.55,-7.39,-2.74,4.53
2015-06-17,600765,34.31,35.18,35.34,32.73,307638,1058161328.0,7.6,2.48,0.85,3.95
2015-06-18,600765,35.14,32.95,35.49,32.83,255765,883398864.0,7.56,-6.34,-2.23,3.29
2015-06-19,600765,32.0,30.23,32.95,30.02,244646,772549088.0,8.89,-8.25,-2.72,3.14
2015-06-23,600765,31.0,32.85,33.0,28.7,321095,1001872832.0,14.22,8.67,2.62,4.13
2015-06-24,600765,33.18,33.41,34.45,32.68,357955,1201176416.0,5.39,1.7,0.56,4.6
2015-06-25,600765,33.75,30.79,33.75,30.1,298464,962591504.0,10.92,-7.84,-2.62,3.84
2015-06-26,600765,29.25,27.71,30.5,27.71,261860,752196928.0,9.06,-10.0,-3.08,3.37
2015-06-29,600765,28.77,24.94,28.77,24.94,395404,1039842288.0,13.82,-10.0,-2.77,5.08
2015-06-30,600765,24.8,27.43,27.43,22.45,442264,1093091616.0,19.97,9.98,2.49,5.68
2015-07-01,600765,27.0,25.39,28.59,25.06,427655,1177662592.0,12.87,-7.44,-2.04,5.5
2015-07-02,600765,25.7,23.21,26.52,22.96,368524,911260864.0,14.02,-8.59,-2.18,4.74
2015-07-03,600765,22.5,20.89,23.89,20.89,343294,749222048.0,12.93,-10.0,-2.32,4.41
2015-07-06,600765,22.97,19.31,22.97,18.8,516283,1041976528.0,19.96,-7.56,-1.58,6.64
2015-07-07,600765,18.5,17.38,18.5,17.38,201534,352561968.0,5.8,-9.99,-1.93,2.59
2015-07-08,600765,15.64,15.64,16.76,15.64,909459,1433596384.0,6.44,-10.01,-1.74,11.69
2015-07-09,600765,14.5,17.2,17.2,14.5,317423,522053984.0,17.26,9.97,1.56,4.08
2015-07-10,600765,18.13,18.92,18.92,18.12,199943,375394608.0,4.65,10.0,1.72,2.57
2015-07-13,600765,20.3,20.81,20.81,19.58,402014,824280768.0,6.5,9.99,1.89,5.17
2015-07-14,600765,21.6,22.66,22.89,21.0,658803,1468443872.0,9.08,8.89,1.85,8.47
2015-07-15,600765,21.89,20.39,22.2,20.39,416850,873331040.0,7.99,-10.02,-2.27,5.36
2015-07-16,600765,20.39,21.53,22.01,18.7,326294,685800144.0,16.23,5.59,1.14,4.19
2015-07-17,600765,22.1,23.68,23.68,22.0,371715,867003136.0,7.8,9.99,2.15,4.78
2015-07-20,600765,24.9,25.26,25.95,23.8,552750,1388073680.0,9.08,6.67,1.58,7.1
2015-07-21,600765,24.3,24.57,25.38,23.5,321903,797625472.0,7.44,-2.73,-0.69,4.14
2015-07-22,600765,24.7,25.56,26.71,24.55,360047,925486624.0,8.79,4.03,0.99,4.63
2015-07-23,600765,25.62,26.11,26.56,24.84,313872,804308032.0,6.73,2.15,0.55,4.03
2015-07-24,600765,26.12,26.11,27.68,25.61,421777,1124673344.0,7.93,0.0,0.0,5.42
2015-07-27,600765,25.8,23.5,26.8,23.5,387885,977147200.0,12.64,-10.0,-2.61,4.99
2015-07-28,600765,21.31,22.07,24.35,21.15,372979,828872432.0,13.62,-6.09,-1.43,4.79
2015-07-29,600765,22.91,24.28,24.28,21.9,307443,704415216.0,10.78,10.01,2.21,3.95
2015-07-30,600765,24.62,25.61,26.71,24.52,676840,1770833200.0,9.02,5.48,1.33,8.7
2015-07-31,600765,25.54,23.43,25.54,23.05,430882,1042934288.0,9.72,-8.51,-2.18,5.54
2015-08-03,600765,22.17,21.09,23.7,21.09,318149,703242448.0,11.14,-9.99,-2.34,4.09
2015-08-04,600765,21.52,23.2,23.2,21.52,242012,547432640.0,7.97,10.0,2.11,3.11
2015-08-05,600765,24.3,23.97,25.06,23.25,385317,932239184.0,7.8,3.32,0.77,4.95
2015-08-06,600765,23.05,24.31,25.1,23.0,274401,666624992.0,8.76,1.42,0.34,3.53
2015-08-07,600765,24.96,25.17,25.4,24.2,323817,803730112.0,4.94,3.54,0.86,4.16
2015-08-10,600765,25.8,27.04,27.5,25.3,431331,1137752624.0,8.74,7.43,1.87,5.54
2015-08-11,600765,27.1,26.83,27.65,26.29,426623,1149409728.0,5.03,-0.78,-0.21,5.48
2015-08-12,600765,28.0,29.51,29.51,27.51,835782,2442280128.0,7.45,9.99,2.68,10.74
2015-08-13,600765,28.2,30.39,30.49,27.35,703088,2006952016.0,10.64,2.98,0.88,9.04
2015-08-14,600765,29.88,29.4,30.29,29.0,488076,1446310448.0,4.24,-3.26,-0.99,6.27
2015-08-17,600765,28.99,29.19,30.16,28.75,381261,1122251808.0,4.8,-0.71,-0.21,4.9
2015-08-18,600765,29.0,26.27,29.17,26.27,409915,1128535152.0,9.93,-10.0,-2.92,5.27
2015-08-19,600765,24.5,26.27,26.88,23.7,345154,873955424.0,12.11,0.0,0.0,4.44
2015-08-20,600765,26.0,25.86,27.75,25.56,327853,870338208.0,8.34,-1.56,-0.41,4.21
2015-08-21,600765,25.88,25.45,27.14,23.5,337926,873820848.0,14.08,-1.59,-0.41,4.34
2015-08-24,600765,24.46,22.91,27.0,22.91,634675,1579458560.0,16.07,-9.98,-2.54,8.16
2015-08-25,600765,21.2,20.62,21.98,20.62,316156,663926912.0,5.94,-10.0,-2.29,4.06
2015-08-26,600765,20.79,18.56,21.18,18.56,439460,859227856.0,12.71,-9.99,-2.06,5.65
2015-08-27,600765,18.65,19.12,19.74,16.82,418779,773585360.0,15.73,3.02,0.56,5.38
2015-08-28,600765,19.2,21.03,21.03,19.18,478399,968290192.0,9.68,9.99,1.91,6.15
2015-08-31,600765,21.5,20.15,21.78,19.98,405545,851384592.0,8.56,-4.18,-0.88,5.21
2015-09-01,600765,19.5,18.14,19.5,18.14,260650,477807232.0,6.75,-9.98,-2.01,3.35
2015-09-02,600765,16.36,16.33,18.33,16.33,301452,502730944.0,11.03,-9.98,-1.81,3.87
2015-09-07,600765,16.38,15.31,17.33,15.05,297982,485790816.0,13.96,-6.25,-1.02,3.83
2015-09-08,600765,15.26,16.02,16.3,14.05,280111,420640576.0,14.7,4.64,0.71,3.6
2015-09-09,600765,16.12,16.79,17.0,15.9,333151,551901824.0,6.87,4.81,0.77,4.28
2015-09-10,600765,16.5,16.6,17.5,16.03,276655,468893216.0,8.76,-1.13,-0.19,3.56
2015-09-11,600765,16.62,16.43,16.85,16.1,167864,276644592.0,4.52,-1.02,-0.17,2.16
2015-09-14,600765,16.89,15.21,16.96,14.79,253013,399920896.0,13.21,-7.43,-1.22,3.25
2015-09-15,600765,14.7,13.69,14.89,13.69,223892,315767072.0,7.89,-9.99,-1.52,2.88
2015-09-16,600765,13.69,15.01,15.06,13.48,295315,416942048.0,11.54,9.64,1.32,3.8
2015-09-17,600765,14.9,14.25,15.87,14.01,315355,478831824.0,12.39,-5.06,-0.76,4.05
2015-09-18,600765,14.5,14.36,14.7,14.03,196423,281297632.0,4.7,0.77,0.11,2.52
2015-09-21,600765,14.08,15.58,15.61,14.06,289737,435893184.0,10.79,8.5,1.22,3.72
2015-09-22,600765,15.55,15.59,15.98,15.3,278711,436457904.0,4.36,0.06,0.01,3.58
2015-09-23,600765,15.21,15.32,15.7,15.05,198265,304878464.0,4.17,-1.73,-0.27,2.55
2015-09-24,600765,15.49,15.78,15.86,15.3,206100,322088112.0,3.66,3.0,0.46,2.65
2015-09-25,600765,15.65,15.02,16.0,14.7,188149,291304016.0,8.24,-4.82,-0.76,2.42
2015-09-28,600765,15.03,15.17,15.28,14.55,127902,190877690.0,4.86,1.0,0.15,1.64
2015-09-29,600765,14.72,14.4,14.84,14.32,138728,202382840.0,3.43,-5.08,-0.77,1.78
2015-09-30,600765,14.53,15.84,15.84,14.53,358445,554831312.0,9.1,10.0,1.44,4.61
2015-10-08,600765,16.9,16.48,17.18,16.29,405562,676515008.0,5.62,4.04,0.64,5.21
2015-10-09,600765,16.26,16.81,17.29,16.25,282363,476607568.0,6.31,2.0,0.33,3.63
2015-10-12,600765,17.33,17.79,18.24,17.2,334024,589475824.0,6.19,5.83,0.98,4.29
2015-10-13,600765,17.52,17.89,18.08,17.4,260395,461756672.0,3.82,0.56,0.1,3.35
2015-10-14,600765,18.0,17.66,18.69,17.61,259754,467973808.0,6.04,-1.29,-0.23,3.34
2015-10-16,600765,19.43,19.43,19.43,19.43,29978,58246360.0,0.0,10.02,1.77,0.39
2015-10-19,600765,21.37,21.37,21.37,21.01,352751,753438192.0,1.85,9.98,1.94,4.53
2015-10-20,600765,22.0,21.36,22.0,20.8,516781,1103390592.0,5.62,-0.05,-0.01,6.64
2015-10-21,600765,21.36,20.39,22.23,19.68,581694,1226880896.0,11.94,-4.54,-0.97,7.48
2015-10-22,600765,20.66,22.43,22.43,20.42,561322,1210017632.0,9.86,10.0,2.04,7.21
2015-10-23,600765,23.26,22.71,24.44,21.96,678480,1577683264.0,11.06,1.25,0.28,8.72
2015-10-26,600765,22.7,22.93,23.59,21.91,418585,956518368.0,7.4,0.97,0.22,5.38
2015-10-27,600765,22.61,23.63,23.85,21.7,464249,1071472224.0,9.38,3.05,0.7,5.97
2015-10-28,600765,23.65,22.21,23.65,21.96,303813,692412224.0,7.15,-6.01,-1.42,3.91
2015-10-29,600765,22.68,22.44,23.25,22.15,269809,613378176.0,4.95,1.04,0.23,3.47
2015-10-30,600765,22.44,22.31,23.29,22.01,235448,532680080.0,5.7,-0.58,-0.13,3.03
2015-11-02,600765,22.5,21.24,23.0,21.19,258551,576409632.0,8.11,-4.8,-1.07,3.32
2015-11-03,600765,21.58,21.87,21.9,20.58,286665,613809872.0,6.21,2.97,0.63,3.68
2015-11-04,600765,22.39,22.91,23.1,22.2,341071,773137312.0,4.12,4.76,1.04,4.38
2015-11-05,600765,22.85,23.12,24.15,22.6,497240,1167929040.0,6.77,0.92,0.21,6.39
2015-11-06,600765,23.05,23.62,24.18,22.88,386152,909536128.0,5.62,2.16,0.5,4.96
2015-11-09,600765,23.3,23.55,24.0,22.67,423059,992548992.0,5.63,-0.3,-0.07,5.44
2015-11-10,600765,23.56,24.88,25.91,23.4,575310,1410430208.0,10.66,5.65,1.33,7.39
2015-11-11,600765,24.79,24.5,24.79,23.8,399106,964968544.0,3.98,-1.53,-0.38,5.13
2015-11-12,600765,24.6,24.2,24.93,23.98,377339,920798112.0,3.88,-1.22,-0.3,4.85
2015-11-13,600765,23.99,23.19,24.31,23.05,295992,695818512.0,5.21,-4.17,-1.01,3.8
2015-11-16,600765,22.86,23.69,23.77,22.7,211605,493644400.0,4.61,2.16,0.5,2.72
2015-11-17,600765,23.8,24.0,25.5,23.52,538608,1310636992.0,8.36,1.31,0.31,6.92
2015-11-18,600765,23.82,22.81,24.25,22.46,295755,692495872.0,7.46,-4.96,-1.19,3.8
2015-11-19,600765,22.9,23.15,23.17,22.47,204243,467589840.0,3.07,1.49,0.34,2.63
2015-11-20,600765,23.15,23.3,24.03,23.03,310388,730326192.0,4.32,0.65,0.15,3.99
2015-11-23,600765,23.39,22.71,23.64,22.6,239737,555788032.0,4.46,-2.53,-0.59,3.08
2015-11-24,600765,22.55,22.49,22.79,21.8,172345,382994752.0,4.36,-0.97,-0.22,2.22
2015-11-25,600765,22.99,22.81,23.25,22.65,179318,410577232.0,2.67,1.42,0.32,2.3
2015-11-26,600765,22.84,22.85,23.23,22.46,217419,496508224.0,3.38,0.18,0.04,2.79
2015-11-27,600765,23.23,20.84,23.47,20.68,308687,689022096.0,12.21,-8.8,-2.01,3.97
2015-11-30,600765,20.88,20.37,21.37,19.11,238537,486339792.0,10.84,-2.26,-0.47,3.07
2015-12-01,600765,20.33,20.15,20.6,19.9,166099,336397280.0,3.44,-1.08,-0.22,2.13
2015-12-02,600765,20.16,20.27,20.35,19.19,152441,302126336.0,5.76,0.6,0.12,1.96
2015-12-03,600765,20.25,20.83,20.87,20.21,142972,293043376.0,3.26,2.76,0.56,1.84
2015-12-04,600765,20.69,20.21,20.89,20.11,139976,286147264.0,3.74,-2.98,-0.62,1.8
2015-12-07,600765,20.29,20.44,20.68,19.95,111871,227502620.0,3.61,1.14,0.23,1.44
2015-12-08,600765,20.21,19.52,20.33,19.5,122240,242936386.0,4.06,-4.5,-0.92,1.57
2015-12-09,600765,19.25,19.96,20.42,19.05,174751,343614240.0,7.02,2.25,0.44,2.25
2015-12-10,600765,19.75,19.39,19.9,19.21,113391,222050151.0,3.46,-2.86,-0.57,1.46
2015-12-11,600765,19.3,19.54,19.99,19.08,110631,216811069.0,4.69,0.77,0.15,1.42
2015-12-14,600765,19.3,20.0,20.03,19.2,109917,216412783.0,4.25,2.35,0.46,1.41
2015-12-15,600765,20.13,20.07,20.46,19.95,108642,219058902.0,2.55,0.35,0.07,1.4
2015-12-16,600765,20.15,19.96,20.19,19.88,92491,185036723.0,1.54,-0.55,-0.11,1.19
2015-12-17,600765,20.18,20.48,20.5,20.03,152522,309921968.0,2.35,2.61,0.52,1.96
2015-12-18,600765,20.48,20.33,20.58,20.14,106409,216395530.0,2.15,-0.73,-0.15,1.37
2015-12-21,600765,20.33,20.57,20.74,20.2,136840,280165152.0,2.66,1.18,0.24,1.76
2015-12-22,600765,20.61,20.79,21.06,20.5,132546,275272608.0,2.72,1.07,0.22,1.7
2015-12-23,600765,20.8,20.33,20.88,20.25,127183,262022762.0,3.03,-2.21,-0.46,1.63
2015-12-24,600765,20.22,19.8,20.45,19.25,136561,269214960.0,5.9,-2.61,-0.53,1.76
2015-12-25,600765,19.7,19.78,19.9,19.68,76536,151362101.0,1.11,-0.1,-0.02,0.98
2015-12-28,600765,19.87,19.26,20.11,19.23,95510,188966895.0,4.45,-2.63,-0.52,1.23
2015-12-29,600765,19.26,19.59,19.64,19.15,73083,141809753.0,2.54,1.71,0.33,0.94
2015-12-30,600765,19.59,20.17,20.25,19.58,138490,276435360.0,3.42,2.96,0.58,1.78
2015-12-31,600765,20.0,19.64,20.33,19.6,92903,186115672.0,3.62,-2.63,-0.53,1.19
2016-01-04,600765,20.08,18.08,20.36,17.8,119493,235307063.0,13.03,-7.94,-1.56,1.54
2016-01-05,600765,16.4,18.04,18.62,16.4,185417,329229360.0,12.28,-0.22,-0.04,2.38
2016-01-06,600765,18.2,18.31,18.54,17.88,118831,216510561.0,3.66,1.5,0.27,1.53
2016-01-07,600765,18.0,16.48,18.0,16.48,38933,66440064.0,8.3,-9.99,-1.83,0.5
2016-01-08,600765,16.48,16.48,17.19,15.5,215628,353260736.0,10.25,0.0,0.0,2.77
2016-01-11,600765,15.95,14.83,16.12,14.83,192136,295532256.0,7.83,-10.01,-1.65,2.47
2016-01-12,600765,14.88,14.85,15.14,14.2,122758,180314763.0,6.34,0.13,0.02,1.58
2016-01-13,600765,15.08,13.74,15.24,13.58,120037,176793138.0,11.18,-7.47,-1.11,1.54
2016-01-14,600765,13.49,15.11,15.11,13.34,165457,235848927.0,12.88,9.97,1.37,2.13
2016-01-15,600765,15.27,15.36,16.1,14.99,299243,467202176.0,7.35,1.65,0.25,3.85
2016-01-18,600765,14.86,15.84,16.1,14.8,202319,314017056.0,8.46,3.13,0.48,2.6
2016-01-19,600765,15.7,16.91,17.42,15.25,277439,451897360.0,13.7,6.76,1.07,3.57
2016-01-20,600765,16.6,16.97,17.59,16.5,293091,501309936.0,6.45,0.35,0.06,3.77
2016-01-21,600765,16.7,15.79,17.27,15.68,192170,319748208.0,9.37,-6.95,-1.18,2.47
2016-01-22,600765,15.99,17.0,17.3,15.6,215826,355568336.0,10.77,7.66,1.21,2.77
2016-01-25,600765,17.0,17.35,17.67,16.85,189944,327727872.0,4.82,2.06,0.35,2.44
2016-01-26,600765,16.56,15.62,17.07,15.62,240555,393492400.0,8.36,-9.97,-1.73,3.09
2016-01-27,600765,15.58,16.96,17.18,14.2,311863,485840176.0,19.08,8.58,1.34,4.01
2016-01-28,600765,16.38,15.26,16.73,15.26,205502,332450432.0,8.67,-10.02,-1.7,2.64
2016-01-29,600765,14.95,15.47,15.93,14.43,191812,293507248.0,9.83,1.38,0.21,2.47
2016-02-01,600765,15.47,15.03,15.71,14.55,145444,222046567.0,7.5,-2.84,-0.44,1.87
2016-02-02,600765,15.15,15.88,16.36,15.14,218097,344939920.0,8.12,5.66,0.85,2.8
2016-02-03,600765,15.6,15.8,16.02,15.3,139206,217749995.0,4.53,-0.5,-0.08,1.79
2016-02-04,600765,15.77,16.1,16.47,15.77,173753,280697184.0,4.43,1.9,0.3,2.23
2016-02-05,600765,16.2,16.0,16.5,15.83,156700,252995080.0,4.16,-0.62,-0.1,2.01
2016-02-15,600765,15.3,16.0,16.12,15.29,120530,190376779.0,5.19,0.0,0.0,1.55
2016-02-16,600765,16.21,16.75,16.98,16.11,181558,301118288.0,5.44,4.69,0.75,2.33
2016-02-17,600765,16.85,17.09,17.57,16.8,226305,388375696.0,4.6,2.03,0.34,2.91
2016-02-18,600765,17.15,16.7,17.17,16.62,169785,286155648.0,3.22,-2.28,-0.39,2.18
2016-02-19,600765,16.61,16.86,17.1,16.51,136975,230122363.0,3.53,0.96,0.16,1.76
2016-02-22,600765,17.01,17.18,17.19,16.88,160770,274263872.0,1.84,1.9,0.32,2.07
2016-02-23,600765,17.33,16.85,17.33,16.58,151504,256541767.0,4.37,-1.92,-0.33,1.95
2016-02-24,600765,16.71,17.46,17.5,16.68,249286,429545680.0,4.87,3.62,0.61,3.2
2016-02-25,600765,17.66,15.71,17.66,15.71,221121,367415264.0,11.17,-10.02,-1.75,2.84
2016-02-26,600765,15.96,15.5,16.2,15.1,168860,266458072.0,7.0,-1.34,-0.21,2.17
2016-02-29,600765,15.22,14.29,15.37,13.95,176299,251856193.0,9.16,-7.81,-1.21,2.27
2016-03-01,600765,14.4,14.61,14.88,14.05,142071,206323560.0,5.81,2.24,0.32,1.83
2016-03-02,600765,14.79,15.52,15.56,14.5,160214,241400131.0,7.26,6.23,0.91,2.06
2016-03-03,600765,15.68,15.45,16.12,15.41,182887,287025872.0,4.57,-0.45,-0.07,2.35
2016-03-04,600765,15.51,15.19,16.0,14.7,182948,283689600.0,8.41,-1.68,-0.26,2.35
2016-03-07,600765,15.45,15.5,15.65,15.2,114165,176363745.0,2.96,2.04,0.31,1.47
2016-03-08,600765,15.49,15.27,15.49,14.56,129177,193279525.0,6.0,-1.48,-0.23,1.66
2016-03-09,600765,14.97,14.91,15.57,14.7,113529,171683563.0,5.7,-2.36,-0.36,1.46
2016-03-10,600765,14.93,14.51,15.12,14.5,99503,146765631.0,4.16,-2.68,-0.4,1.28
2016-03-11,600765,14.41,14.43,14.7,14.28,75194,108706101.0,2.89,-0.55,-0.08,0.97
2016-03-14,600765,14.64,15.01,15.22,14.58,114833,171517758.0,4.44,4.02,0.58,1.48
2016-03-15,600765,14.92,15.02,15.35,14.89,111088,167489480.0,3.06,0.07,0.01,1.43
2016-03-16,600765,15.09,14.67,15.2,14.55,83212,123308199.0,4.33,-2.33,-0.35,1.07
2016-03-17,600765,14.7,15.14,15.2,14.7,140708,211618503.0,3.41,3.2,0.47,1.81
2016-03-18,600765,15.15,15.77,15.85,15.1,221638,344632224.0,4.95,4.16,0.63,2.85
2016-03-21,600765,15.93,16.2,16.23,15.6,227838,363441472.0,3.99,2.73,0.43,2.93
2016-03-22,600765,15.98,16.11,16.5,15.88,241436,391873936.0,3.83,-0.56,-0.09,3.1
2016-03-23,600765,16.08,16.02,16.19,15.77,142327,227107543.0,2.61,-0.56,-0.09,1.83
2016-03-24,600765,15.88,16.31,16.48,15.68,264305,429207680.0,4.99,1.81,0.29,3.4
2016-03-25,600765,16.3,16.25,16.53,16.0,170677,277825616.0,3.25,-0.37,-0.06,2.19
2016-03-28,600765,16.4,15.83,16.58,15.8,185101,299651488.0,4.8,-2.58,-0.42,2.38
2016-03-29,600765,15.74,15.28,15.86,15.13,120972,187061489.0,4.61,-3.47,-0.55,1.55
2016-03-30,600765,15.43,15.75,15.77,15.4,113201,176230047.0,2.42,3.08,0.47,1.46
2016-03-31,600765,15.76,15.68,16.06,15.58,150852,238396117.0,3.05,-0.44,-0.07,1.94
2016-04-01,600765,15.6,15.57,15.73,15.2,104830,162027350.0,3.38,-0.7,-0.11,1.35
2016-04-05,600765,15.55,16.03,16.12,15.45,152214,240626062.0,4.3,2.95,0.46,1.96
2016-04-06,600765,15.94,16.19,16.25,15.76,171382,274417440.0,3.06,1.0,0.16,2.2
2016-04-07,600765,16.19,15.69,16.23,15.66,128586,204534901.0,3.52,-3.09,-0.5,1.65
2016-04-08,600765,15.47,15.5,15.86,15.31,102844,160006731.0,3.51,-1.21,-0.19,1.32
2016-04-11,600765,15.63,15.8,15.91,15.63,92524,145917756.0,1.81,1.94,0.3,1.19
2016-04-12,600765,15.81,15.94,15.95,15.7,105864,167513205.0,1.58,0.89,0.14,1.36
2016-04-13,600765,16.08,16.06,16.35,16.0,193317,313053920.0,2.2,0.75,0.12,2.48
2016-04-14,600765,16.12,16.09,16.18,16.0,107046,172121843.0,1.12,0.19,0.03,1.38
2016-04-15,600765,16.2,16.14,16.36,16.0,134231,216849682.0,2.24,0.31,0.05,1.73
2016-04-18,600765,16.02,15.7,16.05,15.61,94873,149438110.0,2.73,-2.73,-0.44,1.22
2016-04-19,600765,15.8,15.74,15.83,15.62,66806,104997859.0,1.34,0.25,0.04,0.86
2016-04-20,600765,15.78,15.04,16.1,14.57,178282,273501600.0,9.72,-4.45,-0.7,2.29
2016-04-21,600765,15.0,14.73,15.03,14.69,102356,152362982.0,2.26,-2.06,-0.31,1.32
2016-04-22,600765,14.75,14.8,14.88,14.6,62728,92433785.0,1.9,0.48,0.07,0.81
2016-04-25,600765,14.78,14.94,15.17,14.63,90393,135107130.0,3.65,0.95,0.14,1.16
2016-04-26,600765,14.88,15.0,15.03,14.7,66441,98922989.0,2.21,0.4,0.06,0.85
2016-04-27,600765,15.01,14.78,15.11,14.73,51442,76519437.0,2.53,-1.47,-0.22,0.66
2016-04-28,600765,14.72,14.74,14.86,14.5,55318,81160690.0,2.44,-0.27,-0.04,0.71
2016-04-29,600765,14.76,14.78,14.9,14.63,49059,72422619.0,1.83,0.27,0.04,0.63
2016-05-03,600765,14.79,15.2,15.24,14.68,95370,143149995.0,3.79,2.84,0.42,1.23
2016-05-04,600765,15.15,15.26,15.32,15.03,94627,143660887.0,1.91,0.39,0.06,1.22
2016-05-05,600765,15.41,15.32,15.53,15.2,85021,130495762.0,2.16,0.39,0.06,1.09
2016-05-06,600765,15.23,14.54,15.32,14.51,113167,168468974.0,5.29,-5.09,-0.78,1.45
2016-05-09,600765,14.48,13.87,14.48,13.79,97656,137437711.0,4.75,-4.61,-0.67,1.26
2016-05-10,600765,13.89,14.02,14.05,13.85,55386,77284410.0,1.44,1.08,0.15,0.71
2016-05-11,600765,14.1,13.91,14.25,13.9,56880,80105343.0,2.5,-0.78,-0.11,0.73
2016-05-12,600765,13.8,13.99,14.1,13.6,52415,72897581.0,3.59,0.58,0.08,0.67
2016-05-13,600765,14.08,13.92,14.14,13.8,49788,69602170.0,2.43,-0.5,-0.07,0.64
2016-05-16,600765,13.78,14.04,14.05,13.7,48274,67076408.0,2.51,0.86,0.12,0.62
2016-05-17,600765,14.04,14.07,14.2,13.87,60316,84675211.0,2.35,0.21,0.03,0.78
2016-05-18,600765,13.92,13.7,14.05,13.58,62444,85891339.0,3.34,-2.63,-0.37,0.8
2016-05-19,600765,13.76,13.73,13.87,13.6,54565,75056712.0,1.97,0.22,0.03,0.7
2016-05-20,600765,13.6,13.96,14.13,13.53,73414,102045175.0,4.37,1.68,0.23,0.94
2016-05-23,600765,13.92,14.01,14.12,13.89,52644,73706953.0,1.65,0.36,0.05,0.68
2016-05-24,600765,14.0,13.74,14.0,13.69,44452,61244180.0,2.21,-1.93,-0.27,0.57
2016-05-25,600765,13.88,13.72,13.91,13.62,48172,66457753.0,2.11,-0.15,-0.02,0.62
2016-05-26,600765,13.72,13.76,13.82,13.45,54199,73799974.0,2.7,0.29,0.04,0.7
2016-05-27,600765,13.76,13.86,14.04,13.7,69928,97006679.0,2.47,0.73,0.1,0.9
2016-05-30,600765,13.86,13.71,13.89,13.58,46909,64640294.0,2.24,-1.08,-0.15,0.6
2016-05-31,600765,13.72,14.29,14.4,13.72,119659,168730194.0,4.96,4.23,0.58,1.54
2016-06-01,600765,14.27,14.45,14.85,14.26,152746,222240025.0,4.13,1.12,0.16,1.96
2016-06-02,600765,14.38,14.48,14.55,14.3,111857,161289594.0,1.73,0.21,0.03,1.44
2016-06-03,600765,14.46,14.43,14.5,14.33,85107,122703603.0,1.17,-0.35,-0.05,1.09
2016-06-06,600765,14.45,14.29,14.53,14.23,64738,92890771.0,2.08,-0.97,-0.14,0.83
2016-06-07,600765,14.31,14.32,14.38,14.22,61187,87503653.0,1.12,0.21,0.03,0.79
2016-06-08,600765,14.33,14.32,14.45,14.13,75731,108050995.0,2.23,0.0,0.0,0.97
2016-06-13,600765,14.01,13.66,14.42,13.64,101461,143197902.0,5.45,-4.61,-0.66,1.3
2016-06-14,600765,13.6,13.65,13.76,13.51,74745,101772136.0,1.83,-0.07,-0.01,0.96
2016-06-15,600765,13.45,13.95,14.05,13.4,78193,108203167.0,4.76,2.2,0.3,1.01
2016-06-16,600765,13.95,13.84,14.04,13.81,64521,89840979.0,1.65,-0.79,-0.11,0.83
2016-06-17,600765,13.86,13.95,14.12,13.86,96468,134920429.0,1.88,0.79,0.11,1.24
2016-06-20,600765,14.0,13.84,14.02,13.66,85745,118240277.0,2.58,-0.79,-0.11,1.1
2016-06-21,600765,13.98,13.77,14.09,13.7,88644,123735984.0,2.82,-0.51,-0.07,1.14
2016-06-22,600765,13.75,14.0,14.0,13.74,59082,82019037.0,1.89,1.67,0.23,0.76
2016-06-23,600765,13.99,14.17,14.29,13.91,114501,161691140.0,2.71,1.21,0.17,1.47
2016-06-24,600765,14.03,13.75,14.13,13.35,112321,155165318.0,5.5,-2.96,-0.42,1.44
2016-06-27,600765,13.7,14.34,14.5,13.62,146527,208146614.0,6.4,4.29,0.59,1.88
2016-06-28,600765,14.3,14.5,14.54,14.14,140160,201066036.0,2.79,1.12,0.16,1.8
2016-06-29,600765,14.54,14.43,14.78,14.36,123177,179419311.0,2.9,-0.48,-0.07,1.58
2016-06-30,600765,14.48,14.58,14.74,14.34,101564,147474700.0,2.77,1.04,0.15,1.31
2016-07-01,600765,14.59,14.97,15.48,14.51,212902,320492896.0,6.65,2.67,0.39,2.74
2016-07-04,600765,14.86,16.3,16.47,14.83,371089,585231760.0,10.96,8.88,1.33,4.77
2016-07-05,600765,16.13,16.08,17.07,15.98,417138,687182208.0,6.69,-1.35,-0.22,5.36
2016-07-06,600765,16.01,16.29,16.58,15.89,233396,379570176.0,4.29,1.31,0.21,3.0
2016-07-07,600765,16.45,16.31,16.63,15.92,226036,367067168.0,4.36,0.12,0.02,2.91
2016-07-08,600765,16.45,16.36,16.8,16.31,250606,414287120.0,3.0,0.31,0.05,3.22
2016-07-11,600765,16.55,16.35,17.0,16.24,275238,458080048.0,4.65,-0.06,-0.01,3.54
2016-07-12,600765,16.36,16.41,16.45,15.9,216358,349194944.0,3.36,0.37,0.06,2.78
2016-07-13,600765,16.43,16.44,16.68,16.2,193845,317973056.0,2.93,0.18,0.03,2.49
2016-07-14,600765,16.5,16.85,17.15,16.28,330829,555598736.0,5.29,2.49,0.41,4.25
2016-07-15,600765,16.79,16.35,16.84,16.28,174307,287449952.0,3.32,-2.97,-0.5,2.24
2016-07-18,600765,16.16,15.75,16.21,15.72,173283,276594320.0,3.0,-3.67,-0.6,2.23
2016-07-19,600765,15.76,15.9,16.08,15.76,105841,168233146.0,2.03,0.95,0.15,1.36
2016-07-20,600765,15.95,15.75,15.99,15.72,98701,156239641.0,1.7,-0.94,-0.15,1.27
2016-07-21,600765,15.76,15.65,15.88,15.61,117183,184732175.0,1.71,-0.63,-0.1,1.51
2016-07-22,600765,15.79,15.65,15.94,15.61,121531,191695003.0,2.11,0.0,0.0,1.56
2016-07-25,600765,15.73,15.8,15.83,15.6,93150,146719664.0,1.47,0.96,0.15,1.2
2016-07-26,600765,15.75,15.93,15.97,15.71,114715,181649400.0,1.65,0.82,0.13,1.47
2016-07-27,600765,15.96,15.13,16.21,14.95,218856,342253232.0,7.91,-5.02,-0.8,2.81
2016-07-28,600765,15.18,15.29,15.47,14.95,135602,206907455.0,3.44,1.06,0.16,1.74
2016-07-29,600765,15.61,15.27,15.76,15.15,120406,185881766.0,3.99,-0.13,-0.02,1.55
2016-08-01,600765,15.1,15.0,15.2,14.75,91705,137141807.0,2.95,-1.77,-0.27,1.18
2016-08-02,600765,15.01,15.08,15.13,14.89,52915,79636304.0,1.6,0.53,0.08,0.68
2016-08-03,600765,14.91,15.11,15.24,14.85,74308,112042914.0,2.59,0.2,0.03,0.96
2016-08-04,600765,15.13,15.2,15.24,15.06,57926,87875027.0,1.19,0.6,0.09,0.74
2016-08-05,600765,15.21,15.01,15.24,14.9,63604,96040311.0,2.24,-1.25,-0.19,0.82
2016-08-08,600765,15.08,15.92,15.99,15.0,182643,283625232.0,6.6,6.06,0.91,2.35
2016-08-09,600765,15.79,15.81,15.95,15.64,115409,181559500.0,1.95,-0.69,-0.11,1.48
2016-08-10,600765,15.78,15.57,15.93,15.56,86086,135351307.0,2.34,-1.52,-0.24,1.11
2016-08-11,600765,15.54,15.27,15.64,15.26,73810,114044709.0,2.44,-1.93,-0.3,0.95
2016-08-12,600765,15.27,15.49,15.57,15.25,66875,103215608.0,2.1,1.44,0.22,0.86
2016-08-15,600765,15.53,15.85,15.95,15.44,135262,212902461.0,3.29,2.32,0.36,1.74
2016-08-16,600765,15.85,15.86,16.0,15.81,88086,139844072.0,1.2,0.06,0.01,1.13
2016-08-17,600765,15.85,16.0,16.27,15.77,135968,218675314.0,3.15,0.88,0.14,1.75
2016-08-18,600765,15.99,15.9,16.0,15.79,76422,121393181.0,1.31,-0.63,-0.1,0.98
2016-08-19,600765,15.91,15.9,16.0,15.71,65955,104608816.0,1.82,0.0,0.0,0.85
2016-08-22,600765,15.89,15.55,15.89,15.5,59469,93438580.0,2.45,-2.2,-0.35,0.76
2016-08-23,600765,15.48,15.61,15.66,15.46,47235,73459662.0,1.29,0.39,0.06,0.61
2016-08-24,600765,15.61,15.81,15.93,15.53,75755,119516875.0,2.56,1.28,0.2,0.97
2016-08-25,600765,15.79,15.61,15.79,15.4,64152,99690584.0,2.47,-1.27,-0.2,0.82
2016-08-26,600765,15.65,15.75,15.89,15.55,89447,140386294.0,2.18,0.9,0.14,1.15
2016-08-29,600765,16.28,15.78,16.38,15.7,164015,262418510.0,4.32,0.19,0.03,2.11
2016-08-30,600765,15.8,16.16,16.41,15.6,237419,383017584.0,5.13,2.41,0.38,3.05
2016-08-31,600765,16.0,15.99,16.15,15.83,103415,165130181.0,1.98,-1.05,-0.17,1.33
2016-09-01,600765,15.93,15.67,16.14,15.66,101460,161514958.0,3.0,-2.0,-0.32,1.3
2016-09-02,600765,15.59,15.34,15.72,15.33,87908,136300004.0,2.49,-2.11,-0.33,1.13
2016-09-05,600765,15.39,15.4,15.56,15.38,61596,95143182.0,1.17,0.39,0.06,0.79
2016-09-06,600765,15.43,15.52,15.53,15.19,92244,141785531.0,2.21,0.78,0.12,1.19
2016-09-07,600765,15.56,15.54,15.74,15.51,93132,145287243.0,1.48,0.13,0.02,1.2
2016-09-08,600765,15.55,15.61,15.68,15.5,62439,97244168.0,1.16,0.45,0.07,0.8
2016-09-09,600765,15.61,15.48,15.76,15.45,83975,130927990.0,1.99,-0.83,-0.13,1.08
2016-09-12,600765,15.2,14.99,15.41,14.98,84890,128799466.0,2.78,-3.17,-0.49,1.09
2016-09-13,600765,15.1,15.11,15.15,14.94,50564,76073053.0,1.4,0.8,0.12,0.65
2016-09-14,600765,15.01,14.64,15.06,14.58,105014,155250346.0,3.18,-3.11,-0.47,1.35
2016-09-19,600765,14.72,14.71,14.83,14.68,65944,97250187.0,1.02,0.48,0.07,0.85
2016-09-20,600765,14.73,14.62,14.76,14.5,48333,70558594.0,1.77,-0.61,-0.09,0.62
2016-09-21,600765,14.61,14.66,14.75,14.55,50225,73675713.0,1.37,0.27,0.04,0.65
2016-09-22,600765,14.76,14.67,14.84,14.66,42821,63089453.0,1.23,0.07,0.01,0.55
2016-09-23,600765,14.7,14.64,14.79,14.64,37127,54614111.0,1.02,-0.2,-0.03,0.48
2016-09-26,600765,14.6,14.2,14.67,14.18,64818,93132865.0,3.35,-3.01,-0.44,0.83
2016-09-27,600765,14.19,14.28,14.34,14.11,45746,64974127.0,1.62,0.56,0.08,0.59
2016-09-28,600765,14.33,14.22,14.35,14.2,42282,60310813.0,1.05,-0.42,-0.06,0.54
2016-09-29,600765,14.28,14.27,14.32,14.21,45559,65060764.0,0.77,0.35,0.05,0.59
2016-09-30,600765,14.23,14.35,14.4,14.23,34913,50077465.0,1.19,0.56,0.08,0.45
2016-10-10,600765,14.48,14.67,14.68,14.3,52884,76973104.0,2.65,2.23,0.32,0.68
2016-10-11,600765,14.69,14.69,14.85,14.6,54603,80368216.0,1.7,0.14,0.02,0.7
2016-10-12,600765,14.62,14.7,14.73,14.54,46199,67689880.0,1.29,0.07,0.01,0.59
2016-10-13,600765,14.68,14.71,14.79,14.6,42787,62981853.0,1.29,0.07,0.01,0.55
2016-10-14,600765,14.68,14.63,14.7,14.49,45622,66496066.0,1.43,-0.54,-0.08,0.59
2016-10-17,600765,14.69,14.45,14.73,14.41,55444,80859827.0,2.19,-1.23,-0.18,0.71
2016-10-18,600765,14.42,14.7,14.71,14.31,63421,92344131.0,2.77,1.73,0.25,0.82
2016-10-19,600765,14.7,14.89,14.99,14.67,111930,166392459.0,2.18,1.29,0.19,1.44
2016-10-20,600765,14.91,14.82,15.01,14.79,77209,114973443.0,1.48,-0.47,-0.07,0.99
2016-10-21,600765,14.82,14.92,14.95,14.72,66817,99131532.0,1.55,0.67,0.1,0.86
2016-10-24,600765,14.88,15.0,15.08,14.88,86429,129699670.0,1.34,0.54,0.08,1.11
2016-10-25,600765,15.01,14.95,15.04,14.85,56296,83977469.0,1.27,-0.33,-0.05,0.72
2016-10-26,600765,14.96,14.85,15.01,14.79,52194,77637886.0,1.47,-0.67,-0.1,0.67
2016-10-27,600765,14.85,14.9,14.98,14.76,59502,88474040.0,1.48,0.34,0.05,0.76
2016-10-28,600765,14.9,14.64,14.92,14.62,66202,97710398.0,2.01,-1.74,-0.26,0.85
2016-10-31,600765,14.67,14.71,14.76,14.55,42759,62646705.0,1.43,0.48,0.07,0.55
2016-11-01,600765,14.76,14.79,14.8,14.54,69182,101496396.0,1.77,0.54,0.08,0.89
2016-11-02,600765,15.5,15.32,16.08,15.18,340464,528588880.0,6.09,3.58,0.53,4.38
2016-11-03,600765,15.21,15.27,15.39,14.97,202979,308119440.0,2.74,-0.33,-0.05,2.61
2016-11-04,600765,15.23,15.02,15.27,14.94,119973,180815505.0,2.16,-1.64,-0.25,1.54
2016-11-07,600765,15.01,15.05,15.07,14.85,72467,108427724.0,1.46,0.2,0.03,0.93
2016-11-08,600765,15.09,15.02,15.14,14.97,75401,113369526.0,1.13,-0.2,-0.03,0.97
2016-11-09,600765,14.98,14.72,14.99,14.56,123478,182761182.0,2.86,-2.0,-0.3,1.59
2016-11-10,600765,14.85,14.84,14.92,14.8,81901,121671359.0,0.82,0.82,0.12,1.05
2016-11-11,600765,14.81,15.13,15.14,14.79,119566,179073787.0,2.36,1.95,0.29,1.54
2016-11-14,600765,15.05,15.22,15.3,15.05,118615,180314874.0,1.65,0.59,0.09,1.52
2016-11-15,600765,15.3,15.24,15.33,15.14,62208,94459227.0,1.25,0.13,0.02,0.8
2016-11-16,600765,15.23,15.19,15.23,15.14,65335,99163256.0,0.59,-0.33,-0.05,0.84
2016-11-17,600765,15.19,15.26,15.29,15.07,86627,131720862.0,1.45,0.46,0.07,1.11
2016-11-18,600765,15.26,15.01,15.28,14.98,83780,126700244.0,1.97,-1.64,-0.25,1.08
2016-11-21,600765,14.95,15.07,15.13,14.93,80416,120986483.0,1.33,0.4,0.06,1.03
2016-11-22,600765,15.08,15.19,15.2,15.03,70279,106099903.0,1.13,0.8,0.12,0.9
2016-11-23,600765,15.21,15.19,15.38,15.11,132185,201395323.0,1.78,0.0,0.0,1.7
2016-11-24,600765,15.17,14.91,15.18,14.85,132648,199011721.0,2.17,-1.84,-0.28,1.7
2016-11-25,600765,14.87,14.95,15.0,14.72,69354,103220293.0,1.88,0.27,0.04,0.89
2016-11-28,600765,14.99,14.96,15.05,14.91,58856,88113701.0,0.94,0.07,0.01,0.76
2016-11-29,600765,14.99,15.2,15.43,14.98,201897,308249408.0,3.01,1.6,0.24,2.6
2016-11-30,600765,15.18,15.11,15.28,15.01,94061,142361075.0,1.78,-0.59,-0.09,1.21
2016-12-01,600765,15.15,15.19,15.24,15.0,91899,139100738.0,1.59,0.53,0.08,1.18
2016-12-02,600765,15.25,15.21,15.49,15.18,196962,302101648.0,2.04,0.13,0.02,2.53
2016-12-05,600765,15.12,15.57,15.74,15.01,282638,438507824.0,4.8,2.37,0.36,3.63
2016-12-06,600765,15.54,15.39,15.63,15.3,136495,210960518.0,2.12,-1.16,-0.18,1.75
2016-12-07,600765,15.35,15.83,15.85,15.35,267403,419682288.0,3.25,2.86,0.44,3.44
2016-12-08,600765,15.78,15.55,15.83,15.52,183331,286984512.0,1.96,-1.77,-0.28,2.36
2016-12-09,600765,15.57,15.45,15.57,15.28,139860,215504204.0,1.86,-0.64,-0.1,1.8
2016-12-12,600765,15.46,14.43,15.52,14.33,235184,349256512.0,7.7,-6.6,-1.02,3.02
2016-12-13,600765,14.41,14.52,14.7,14.14,106862,153927579.0,3.88,0.62,0.09,1.37
2016-12-14,600765,14.49,14.46,14.9,14.26,129572,188703265.0,4.41,-0.41,-0.06,1.67
2016-12-15,600765,14.32,14.63,14.98,14.32,115244,169412193.0,4.56,1.18,0.17,1.48
2016-12-16,600765,14.6,14.59,14.74,14.52,68326,99908057.0,1.5,-0.27,-0.04,0.88
2016-12-19,600765,14.61,14.53,14.67,14.44,66468,96786524.0,1.58,-0.41,-0.06,0.85
2016-12-20,600765,14.57,14.57,14.64,14.42,47831,69581639.0,1.51,0.28,0.04,0.61
2016-12-21,600765,14.6,14.73,14.88,14.58,83420,122774360.0,2.06,1.1,0.16,1.07
2016-12-22,600765,14.69,14.77,14.88,14.69,64835,95886487.0,1.29,0.27,0.04,0.83
2016-12-23,600765,14.77,14.46,14.86,14.44,77051,112649598.0,2.84,-2.1,-0.31,0.99
2016-12-26,600765,14.42,14.48,14.49,14.14,64649,92354246.0,2.42,0.14,0.02,0.83
2016-12-27,600765,14.45,14.35,14.5,14.34,52136,75030699.0,1.1,-0.9,-0.13,0.67
2016-12-28,600765,14.35,14.21,14.45,14.16,54537,78068139.0,2.02,-0.98,-0.14,0.7
2016-12-29,600765,14.29,14.34,14.44,14.22,57605,82675083.0,1.55,0.91,0.13,0.74
2016-12-30,600765,14.29,14.33,14.4,14.25,34659,49693827.0,1.05,-0.07,-0.01,0.45
2017-01-03,600765,14.34,14.76,14.84,14.34,112895,165991154.0,3.49,3.0,0.43,1.45
2017-01-04,600765,14.75,14.79,14.82,14.69,76749,113362687.0,0.88,0.2,0.03,0.99
2017-01-05,600765,14.78,14.9,15.11,14.74,143494,214839559.0,2.5,0.74,0.11,1.84
2017-01-06,600765,15.05,14.93,15.17,14.87,115137,172902806.0,2.01,0.2,0.03,1.48
2017-01-09,600765,14.93,15.9,16.38,14.9,395511,619331392.0,9.91,6.5,0.97,5.08
2017-01-10,600765,15.77,15.49,15.9,15.48,209270,327527472.0,2.64,-2.58,-0.41,2.69
2017-01-11,600765,15.53,15.48,15.78,15.45,154804,241512616.0,2.13,-0.06,-0.01,1.99
2017-01-12,600765,15.37,15.19,15.52,15.08,151896,232448437.0,2.84,-1.87,-0.29,1.95
2017-01-13,600765,15.2,15.19,15.45,15.04,115347,175816430.0,2.7,0.0,0.0,1.48
2017-01-16,600765,15.12,14.69,15.38,14.07,149925,223186199.0,8.62,-3.29,-0.5,1.93
2017-01-17,600765,14.62,15.03,15.05,14.42,113808,168564896.0,4.29,2.31,0.34,1.46
2017-01-18,600765,14.92,15.17,15.21,14.85,118454,178561282.0,2.4,0.93,0.14,1.52
2017-01-19,600765,15.1,15.08,15.19,14.94,68711,103487752.0,1.65,-0.59,-0.09,0.88
2017-01-20,600765,15.02,15.39,15.4,14.96,110109,167956897.0,2.92,2.06,0.31,1.42
2017-01-23,600765,15.48,15.42,15.62,15.31,127489,197220573.0,2.01,0.19,0.03,1.64
2017-01-24,600765,15.54,15.48,15.74,15.34,137031,212725908.0,2.59,0.39,0.06,1.76
2017-01-25,600765,15.41,15.45,15.53,15.35,76292,117695866.0,1.16,-0.19,-0.03,0.98
2017-01-26,600765,15.5,15.51,15.67,15.46,85095,132281751.0,1.36,0.39,0.06,1.09
2017-02-03,600765,15.51,15.54,15.69,15.1,94217,146460990.0,3.8,0.19,0.03,1.21
2017-02-06,600765,15.53,15.91,15.93,15.46,159345,251197379.0,3.02,2.38,0.37,2.05
2017-02-07,600765,15.83,15.81,16.04,15.66,152052,240594029.0,2.39,-0.63,-0.1,1.95
2017-02-08,600765,15.71,16.04,16.07,15.68,172237,274403456.0,2.47,1.45,0.23,2.21
2017-02-09,600765,16.0,15.98,16.14,15.89,137909,220380909.0,1.56,-0.37,-0.06,1.77
2017-02-10,600765,15.96,15.74,16.05,15.73,120826,191260239.0,2.0,-1.5,-0.24,1.55
2017-02-13,600765,15.73,15.76,15.9,15.62,114742,180908624.0,1.78,0.13,0.02,1.47
2017-02-14,600765,15.77,15.83,15.94,15.66,113902,179775344.0,1.78,0.44,0.07,1.46
2017-02-15,600765,15.78,15.52,15.8,15.46,130314,203604311.0,2.15,-1.96,-0.31,1.67
2017-02-16,600765,15.49,15.66,15.75,15.44,93544,146385669.0,2.0,0.9,0.14,1.2
2017-02-17,600765,15.69,15.7,15.84,15.45,139908,219335363.0,2.49,0.26,0.04,1.8
2017-02-20,600765,15.7,15.94,15.98,15.7,142193,225598416.0,1.78,1.53,0.24,1.83
2017-02-21,600765,15.93,15.91,15.98,15.77,117010,185570875.0,1.32,-0.19,-0.03,1.5
2017-02-22,600765,15.88,16.14,16.15,15.8,169918,271523920.0,2.2,1.45,0.23,2.18
2017-02-23,600765,16.06,15.99,16.13,15.8,135519,216624692.0,2.04,-0.93,-0.15,1.74
2017-02-24,600765,15.98,16.03,16.36,15.92,148421,239299868.0,2.75,0.25,0.04,1.91
2017-02-27,600765,16.06,15.63,16.07,15.59,135489,213901601.0,2.99,-2.5,-0.4,1.74
2017-02-28,600765,15.65,15.72,15.76,15.62,67416,105687864.0,0.9,0.58,0.09,0.87
2017-03-01,600765,15.73,15.86,15.97,15.63,106405,168884399.0,2.16,0.89,0.14,1.37
2017-03-02,600765,15.85,15.72,15.95,15.67,81870,129144556.0,1.77,-0.88,-0.14,1.05
2017-03-03,600765,15.67,15.92,16.12,15.67,138980,221252882.0,2.86,1.27,0.2,1.79
2017-03-06,600765,16.05,16.24,16.25,15.92,162838,262573099.0,2.07,2.01,0.32,2.09
2017-03-07,600765,16.23,16.13,16.25,15.97,108638,174687760.0,1.72,-0.68,-0.11,1.4
2017-03-08,600765,16.1,16.29,16.48,16.03,204184,333018192.0,2.79,0.99,0.16,2.62
2017-03-09,600765,16.18,15.96,16.2,15.9,145624,233020543.0,1.84,-2.03,-0.33,1.87
2017-03-10,600765,15.93,15.79,16.0,15.77,83028,131957614.0,1.44,-1.07,-0.17,1.07
2017-03-13,600765,15.79,15.91,15.95,15.72,81607,129504058.0,1.46,0.76,0.12,1.05
2017-03-14,600765,15.93,15.91,15.99,15.84,94195,149797401.0,0.94,0.0,0.0,1.21
2017-03-15,600765,15.74,15.49,15.77,15.45,175025,272361152.0,2.01,-2.64,-0.42,2.25
2017-03-16,600765,15.53,15.67,15.69,15.53,96880,151226801.0,1.03,1.16,0.18,1.25
2017-03-17,600765,15.68,15.52,15.83,15.47,101631,159461547.0,2.3,-0.96,-0.15,1.31
2017-03-20,600765,15.44,15.7,15.72,15.44,77821,121250092.0,1.8,1.16,0.18,1.0
2017-03-21,600765,15.69,15.57,15.73,15.5,80013,124807668.0,1.46,-0.83,-0.13,1.03
2017-03-22,600765,15.5,15.35,15.51,15.28,96444,148255420.0,1.48,-1.41,-0.22,1.24
2017-03-23,600765,15.42,15.53,15.53,15.18,95618,147062844.0,2.28,1.17,0.18,1.23
2017-03-24,600765,15.43,15.5,15.53,15.32,71931,110969825.0,1.35,-0.19,-0.03,0.92
2017-03-27,600765,15.5,15.63,15.72,15.48,92833,144903197.0,1.55,0.84,0.13,1.19
2017-03-28,600765,15.62,15.67,15.77,15.57,69757,109248394.0,1.28,0.26,0.04,0.9
2017-03-29,600765,15.69,15.51,15.74,15.38,96211,149399132.0,2.3,-1.02,-0.16,1.24
2017-03-30,600765,15.44,15.04,15.52,15.0,93278,142546968.0,3.35,-3.03,-0.47,1.2
2017-03-31,600765,15.1,15.32,15.5,15.09,94201,144370971.0,2.73,1.86,0.28,1.21
2017-04-05,600765,15.29,15.74,15.75,15.25,115412,179290549.0,3.26,2.74,0.42,1.48
2017-04-06,600765,15.74,15.66,15.74,15.55,90136,141054213.0,1.21,-0.51,-0.08,1.16
2017-04-07,600765,16.13,15.88,16.19,15.78,204221,325280656.0,2.62,1.4,0.22,2.62
2017-04-10,600765,15.95,16.06,16.2,15.78,195240,312675440.0,2.64,1.13,0.18,2.51
2017-04-11,600765,16.07,17.67,17.67,15.93,451058,761232768.0,10.83,10.02,1.61,5.8
2017-04-12,600765,18.28,18.97,19.44,18.2,1016040,1925821792.0,7.02,7.36,1.3,13.06
2017-04-13,600765,18.77,19.29,19.43,18.58,707994,1346462048.0,4.48,1.69,0.32,9.1
2017-04-14,600765,19.2,18.82,19.8,18.6,522442,998989984.0,6.22,-2.44,-0.47,6.72
2017-04-17,600765,18.5,17.37,18.5,16.94,592453,1046425728.0,8.29,-7.7,-1.45,7.62
2017-04-18,600765,17.39,17.51,17.77,17.2,355679,621448688.0,3.28,0.81,0.14,4.57
2017-04-19,600765,17.09,17.36,17.45,16.71,291252,498772560.0,4.23,-0.86,-0.15,3.74
2017-04-20,600765,17.05,17.15,17.34,16.58,302017,513669632.0,4.38,-1.21,-0.21,3.88
2017-04-21,600765,17.12,16.63,17.3,16.6,214022,363139216.0,4.08,-3.03,-0.52,2.75
2017-04-24,600765,16.47,15.8,16.66,15.76,233179,378811264.0,5.41,-4.99,-0.83,3.0
2017-04-25,600765,15.85,16.29,16.38,15.71,267811,431785456.0,4.24,3.1,0.49,3.44
2017-04-26,600765,16.2,16.3,16.37,15.96,236733,383214160.0,2.52,0.06,0.01,3.04
2017-04-27,600765,16.16,16.47,16.8,15.61,300085,486058768.0,7.3,1.04,0.17,3.86
2017-04-28,600765,16.36,16.7,16.76,16.31,207472,344747904.0,2.73,1.4,0.23,2.67
2017-05-02,600765,16.55,16.69,16.78,16.25,175065,289092192.0,3.17,-0.06,-0.01,2.25
2017-05-03,600765,16.52,17.14,17.35,16.51,327130,556376720.0,5.03,2.7,0.45,4.2
2017-05-04,600765,17.01,16.64,17.02,16.55,241979,405475312.0,2.74,-2.92,-0.5,3.11
2017-05-05,600765,16.58,15.42,16.72,15.36,264393,426471504.0,8.17,-7.33,-1.22,3.4
2017-05-08,600765,15.2,14.21,15.26,14.18,287116,421606272.0,7.0,-7.85,-1.21,3.69
2017-05-09,600765,13.91,14.33,14.49,13.91,157144,224010703.0,4.08,0.84,0.12,2.02
2017-05-10,600765,14.31,13.61,14.44,13.59,184439,258639250.0,5.93,-5.02,-0.72,2.37
2017-05-11,600765,13.5,13.97,14.06,13.37,166371,227720988.0,5.07,2.65,0.36,2.14
2017-05-12,600765,13.95,14.04,14.26,13.86,122271,171793027.0,2.86,0.5,0.07,1.57
2017-05-15,600765,14.01,13.73,14.19,13.7,84684,118259703.0,3.49,-2.21,-0.31,1.09
2017-05-16,600765,13.66,14.25,14.27,13.4,135680,188195485.0,6.34,3.79,0.52,1.74
2017-05-17,600765,14.18,14.27,14.56,14.07,137180,196643796.0,3.44,0.14,0.02,1.76
2017-05-18,600765,14.0,14.13,14.41,13.87,92386,130766798.0,3.78,-0.98,-0.14,1.19
2017-05-19,600765,14.16,13.92,14.25,13.85,81368,114009973.0,2.83,-1.49,-0.21,1.05
2017-05-22,600765,13.82,13.66,13.95,13.6,86255,118921530.0,2.51,-1.87,-0.26,1.11
2017-05-23,600765,13.57,12.8,13.7,12.78,149734,197699270.0,6.73,-6.3,-0.86,1.92
2017-05-24,600765,12.6,13.09,13.15,12.46,120760,155188325.0,5.39,2.27,0.29,1.55
2017-05-25,600765,13.1,13.33,13.39,12.87,104891,138062454.0,3.97,1.83,0.24,1.35
2017-05-26,600765,13.23,13.21,13.39,13.2,75747,100816778.0,1.43,-0.9,-0.12,0.97
2017-05-31,600765,13.42,13.13,13.61,13.12,65494,87365088.0,3.71,-0.61,-0.08,0.84
2017-06-01,600765,13.13,12.68,13.2,12.56,79161,101962772.0,4.87,-3.43,-0.45,1.02
2017-06-02,600765,12.75,13.37,13.38,12.65,122912,161442615.0,5.76,5.44,0.69,1.58
2017-06-05,600765,13.34,13.36,13.55,13.31,81495,109517599.0,1.8,-0.07,-0.01,1.05
2017-06-06,600765,13.3,13.47,13.66,13.3,83529,112849307.0,2.69,0.82,0.11,1.07
2017-06-07,600765,13.48,13.72,13.78,13.39,112998,154005808.0,2.9,1.86,0.25,1.45
2017-06-08,600765,13.7,13.94,14.08,13.62,123513,171046332.0,3.35,1.6,0.22,1.59
2017-06-09,600765,13.82,13.74,13.92,13.6,100705,138358438.0,2.3,-1.43,-0.2,1.29
2017-06-12,600765,13.62,13.43,13.74,13.38,75369,102073204.0,2.62,-2.26,-0.31,0.97
2017-06-13,600765,13.42,13.6,13.68,13.4,59511,80813895.0,2.08,1.27,0.17,0.76
2017-06-14,600765,13.6,13.68,13.93,13.56,115515,158766435.0,2.72,0.59,0.08,1.48
2017-06-15,600765,13.62,13.75,13.86,13.61,98264,135216541.0,1.83,0.51,0.07,1.26
2017-06-16,600765,13.68,13.89,14.03,13.56,120774,166661486.0,3.42,1.02,0.14,1.55
2017-06-19,600765,13.83,14.11,14.34,13.79,139705,197133805.0,3.96,1.58,0.22,1.8
2017-06-20,600765,14.14,14.07,14.19,13.98,97657,137638033.0,1.49,-0.28,-0.04,1.26
2017-06-21,600765,14.17,14.04,14.3,13.93,115923,163320483.0,2.63,-0.21,-0.03,1.49
2017-06-22,600765,13.95,13.64,14.03,13.63,108115,150044856.0,2.85,-2.85,-0.4,1.39
2017-06-23,600765,13.7,13.77,13.87,13.42,96465,131879153.0,3.3,0.95,0.13,1.24
2017-06-26,600765,13.74,14.01,14.02,13.74,85335,118846560.0,2.03,1.74,0.24,1.1
2017-06-27,600765,14.0,14.01,14.21,13.9,99251,139275692.0,2.21,0.0,0.0,1.28
2017-06-28,600765,13.93,13.81,14.0,13.72,80924,111697612.0,2.0,-1.43,-0.2,1.04
2017-06-29,600765,13.79,13.88,13.91,13.72,62706,86753275.0,1.38,0.51,0.07,0.81
2017-06-30,600765,13.8,13.78,13.86,13.62,54293,74552235.0,1.73,-0.72,-0.1,0.7
2017-07-03,600765,13.73,13.8,13.86,13.68,67685,93244104.0,1.31,0.15,0.02,0.87
2017-07-04,600765,13.8,14.1,14.12,13.75,143418,200309585.0,2.68,2.17,0.3,1.84
2017-07-05,600765,14.01,14.09,14.1,13.89,92591,129661441.0,1.49,-0.07,-0.01,1.19
2017-07-06,600765,14.1,14.14,14.17,13.87,112863,158331761.0,2.13,0.35,0.05,1.45
2017-07-07,600765,14.05,14.4,14.49,13.96,213542,305752448.0,3.75,1.84,0.26,2.74
2017-07-10,600765,14.5,14.27,14.59,14.24,151249,217907998.0,2.43,-0.9,-0.13,1.94
2017-07-11,600765,14.2,14.15,14.45,14.06,106506,151302864.0,2.73,-0.84,-0.12,1.37
2017-07-12,600765,14.11,13.99,14.19,13.72,98387,137099243.0,3.32,-1.13,-0.16,1.26
2017-07-13,600765,13.95,14.27,14.28,13.93,97809,138258095.0,2.5,2.0,0.28,1.26
2017-07-14,600765,14.23,14.14,14.41,14.12,101713,145132983.0,2.03,-0.91,-0.13,1.31
2017-07-17,600765,14.08,12.98,14.08,12.9,172220,230195330.0,8.35,-8.2,-1.16,2.21
2017-07-18,600765,12.93,13.24,13.26,12.85,81428,106561372.0,3.16,2.0,0.26,1.05
2017-07-19,600765,13.2,13.44,13.5,13.08,88807,118059885.0,3.17,1.51,0.2,1.14
2017-07-20,600765,13.4,13.49,13.63,13.36,83530,113065979.0,2.01,0.37,0.05,1.07
2017-07-21,600765,13.45,13.54,13.76,13.41,75925,103246483.0,2.59,0.37,0.05,0.98
2017-07-24,600765,13.54,14.18,14.2,13.47,170673,237936541.0,5.39,4.73,0.64,2.19
2017-07-25,600765,14.1,14.13,14.24,13.88,141076,198242608.0,2.54,-0.35,-0.05,1.81
2017-07-26,600765,14.13,14.14,14.24,13.93,119261,168158292.0,2.19,0.07,0.01,1.53
2017-07-27,600765,14.16,14.27,14.35,13.95,149226,211723747.0,2.83,0.92,0.13,1.92
2017-07-28,600765,14.15,14.1,14.36,14.07,101847,144527650.0,2.03,-1.19,-0.17,1.31
2017-07-31,600765,14.17,14.02,14.23,13.85,112771,157301807.0,2.7,-0.57,-0.08,1.45
2017-08-01,600765,14.1,14.0,14.14,13.9,94843,132790987.0,1.71,-0.14,-0.02,1.22
2017-08-02,600765,14.0,13.42,14.0,13.33,183360,249170725.0,4.79,-4.14,-0.58,2.36
2017-08-03,600765,13.56,13.46,13.64,13.33,76800,103591214.0,2.31,0.3,0.04,0.99
2017-08-04,600765,13.43,14.8,14.81,13.43,515926,743517056.0,10.25,9.96,1.34,6.63
2017-08-07,600765,14.57,14.5,14.65,14.27,273443,394560592.0,2.57,-2.03,-0.3,3.51
2017-08-08,600765,14.39,14.53,14.73,14.16,277982,402064304.0,3.93,0.21,0.03,3.57
2017-08-09,600765,14.37,14.39,14.49,14.27,133916,192506064.0,1.51,-0.96,-0.14,1.72
2017-08-10,600765,14.4,14.55,14.68,14.29,213403,309688816.0,2.71,1.11,0.16,2.74
2017-08-11,600765,14.5,14.92,15.68,14.41,453997,687156816.0,8.73,2.54,0.37,5.84
2017-08-14,600765,14.89,15.62,15.68,14.68,358329,548636016.0,6.7,4.69,0.7,4.61
2017-08-15,600765,15.4,15.47,15.54,15.22,241290,371002416.0,2.05,-0.96,-0.15,3.1
2017-08-16,600765,15.42,15.6,15.86,15.26,260143,404363424.0,3.88,0.84,0.13,3.34
2017-08-17,600765,15.5,15.28,15.79,15.1,272400,420211392.0,4.42,-2.05,-0.32,3.5
2017-08-18,600765,15.18,15.08,15.34,14.98,182996,276681024.0,2.36,-1.31,-0.2,2.35
2017-08-21,600765,15.1,15.21,15.22,15.03,118156,178565504.0,1.26,0.86,0.13,1.52
2017-08-22,600765,15.21,14.72,15.24,14.68,164530,244856403.0,3.68,-3.22,-0.49,2.11
2017-08-23,600765,14.74,14.82,14.94,14.62,105877,156588886.0,2.17,0.68,0.1,1.36
2017-08-24,600765,14.85,14.81,15.05,14.65,107234,159162146.0,2.7,-0.07,-0.01,1.38
2017-08-25,600765,14.81,14.99,15.04,14.69,135609,201631932.0,2.36,1.22,0.18,1.74
2017-08-28,600765,14.91,15.26,15.29,14.87,171720,260374414.0,2.8,1.8,0.27,2.21
2017-08-29,600765,15.06,14.71,15.16,14.62,225159,334577952.0,3.54,-3.6,-0.55,2.89
2017-08-30,600765,14.51,14.63,14.67,14.35,152286,220877511.0,2.18,-0.54,-0.08,1.96
2017-08-31,600765,14.59,14.57,14.68,14.48,76028,110759105.0,1.37,-0.41,-0.06,0.98
2017-09-01,600765,14.56,14.61,14.64,14.48,89152,129670226.0,1.1,0.27,0.04,1.15
2017-09-04,600765,14.7,14.9,14.92,14.7,154124,228150895.0,1.51,1.98,0.29,1.98
2017-09-05,600765,14.81,14.68,14.92,14.65,98251,144845638.0,1.81,-1.48,-0.22,1.26
2017-09-06,600765,14.69,14.94,15.03,14.61,128840,191367147.0,2.86,1.77,0.26,1.66
2017-09-07,600765,14.9,14.75,15.12,14.67,157497,235235036.0,3.01,-1.27,-0.19,2.02
2017-09-08,600765,14.7,14.59,14.8,14.45,121289,177335634.0,2.37,-1.08,-0.16,1.56
2017-09-11,600765,14.57,14.66,14.75,14.42,86618,126714033.0,2.26,0.48,0.07,1.11
2017-09-12,600765,14.64,14.5,14.68,14.45,87593,127378616.0,1.57,-1.09,-0.16,1.13
2017-09-13,600765,14.51,14.53,14.66,14.46,59404,86384217.0,1.38,0.21,0.03,0.76
2017-09-14,600765,14.51,14.46,14.63,14.4,80556,116768532.0,1.58,-0.48,-0.07,1.04
2017-09-15,600765,14.51,14.68,14.78,14.45,143778,210618436.0,2.28,1.52,0.22,1.85
2017-09-18,600765,14.6,14.67,14.74,14.58,67238,98432413.0,1.09,-0.07,-0.01,0.86
2017-09-19,600765,14.65,14.62,14.79,14.47,82468,121182710.0,2.18,-0.34,-0.05,1.06
2017-09-20,600765,14.57,14.84,14.85,14.57,117542,173584554.0,1.92,1.5,0.22,1.51
2017-09-21,600765,14.79,14.43,14.79,14.42,99403,145455060.0,2.49,-2.76,-0.41,1.28
2017-09-22,600765,14.45,14.15,14.47,14.01,117531,166664980.0,3.19,-1.94,-0.28,1.51
2017-09-25,600765,14.18,13.95,14.31,13.93,71444,101065615.0,2.69,-1.41,-0.2,0.92
2017-09-26,600765,14.01,14.07,14.15,13.92,47295,66374423.0,1.65,0.86,0.12,0.61
2017-09-27,600765,14.08,14.14,14.17,14.02,46069,65067672.0,1.07,0.5,0.07,0.59
2017-09-28,600765,14.12,14.21,14.32,14.1,56616,80443301.0,1.56,0.5,0.07,0.73
2017-09-29,600765,14.22,14.25,14.33,14.14,47545,67817378.0,1.34,0.28,0.04,0.61
2017-10-09,600765,14.4,14.34,14.43,14.29,57151,82087364.0,0.98,0.63,0.09,0.73
2017-10-10,600765,14.32,14.5,14.55,14.3,64038,92425114.0,1.74,1.12,0.16,0.82
2017-10-11,600765,14.48,14.44,14.58,14.37,48440,70022076.0,1.45,-0.41,-0.06,0.62
2017-10-12,600765,14.43,14.74,14.85,14.39,183365,269657392.0,3.19,2.08,0.3,2.36
2017-10-13,600765,14.69,14.59,14.72,14.51,81970,119682511.0,1.42,-1.02,-0.15,1.05
2017-10-16,600765,14.6,14.41,14.84,14.41,114578,167706224.0,2.95,-1.23,-0.18,1.47
2017-10-17,600765,14.38,14.19,14.38,14.12,85274,121349416.0,1.8,-1.53,-0.22,1.1
2017-10-18,600765,14.19,14.11,14.35,14.05,66420,94356024.0,2.11,-0.56,-0.08,0.85
2017-10-19,600765,14.09,13.58,14.15,13.56,99962,137500644.0,4.18,-3.76,-0.53,1.28
2017-10-20,600765,13.54,13.73,13.74,13.51,36481,49835540.0,1.69,1.1,0.15,0.47
2017-10-23,600765,13.72,13.68,13.82,13.62,44417,60842566.0,1.46,-0.36,-0.05,0.57
2017-10-24,600765,13.68,13.69,13.8,13.52,47533,64954991.0,2.05,0.07,0.01,0.61
2017-10-25,600765,13.71,13.77,13.8,13.65,39185,53828250.0,1.1,0.58,0.08,0.5
2017-10-26,600765,13.78,13.86,13.88,13.67,53976,74450157.0,1.53,0.65,0.09,0.69
2017-10-27,600765,13.81,13.65,13.92,13.58,58577,80508252.0,2.45,-1.52,-0.21,0.75
2017-10-30,600765,13.67,13.15,13.67,13.07,78701,104357373.0,4.4,-3.66,-0.5,1.01
2017-10-31,600765,13.17,13.29,13.3,13.17,33594,44479739.0,0.99,1.06,0.14,0.43
2017-11-01,600765,13.27,13.3,13.43,13.27,40500,54031588.0,1.2,0.08,0.01,0.52
2017-11-02,600765,13.3,13.07,13.35,13.07,46407,61054865.0,2.11,-1.73,-0.23,0.6
2017-11-03,600765,13.08,12.95,13.2,12.91,52029,67802662.0,2.22,-0.92,-0.12,0.67
2017-11-06,600765,12.98,13.12,13.13,12.96,39336,51422932.0,1.31,1.31,0.17,0.51
2017-11-07,600765,13.12,13.28,13.3,13.06,47444,62602739.0,1.83,1.22,0.16,0.61
2017-11-08,600765,13.26,13.31,13.4,13.2,55946,74557846.0,1.51,0.23,0.03,0.72
2017-11-09,600765,13.31,13.58,13.59,13.28,67811,91121853.0,2.33,2.03,0.27,0.87
2017-11-10,600765,13.64,13.7,13.72,13.41,75590,102225178.0,2.28,0.88,0.12,0.97
2017-11-13,600765,13.6,13.51,13.73,13.5,54376,73959959.0,1.68,-1.39,-0.19,0.7
2017-11-14,600765,13.51,13.57,13.71,13.42,47697,64844464.0,2.15,0.44,0.06,0.61
2017-11-15,600765,13.61,13.19,13.61,13.17,46405,62127624.0,3.24,-2.8,-0.38,0.6
2017-11-16,600765,13.18,13.11,13.28,13.1,36283,47905730.0,1.36,-0.61,-0.08,0.47
2017-11-17,600765,13.11,12.59,13.22,12.5,101760,131095387.0,5.49,-3.97,-0.52,1.31
2017-11-20,600765,12.6,12.76,12.81,12.12,59780,74349251.0,5.48,1.35,0.17,0.77
2017-11-21,600765,12.68,12.64,12.84,12.6,36331,46150657.0,1.88,-0.94,-0.12,0.47
2017-11-22,600765,12.68,12.91,13.16,12.55,95109,122732617.0,4.83,2.14,0.27,1.22
2017-11-23,600765,12.88,12.37,12.97,12.35,63235,80338851.0,4.8,-4.18,-0.54,0.81
2017-11-24,600765,12.2,12.36,12.48,12.2,41297,51152167.0,2.26,-0.08,-0.01,0.53
2017-11-27,600765,12.36,12.26,12.65,12.25,37393,46464373.0,3.24,-0.81,-0.1,0.48
2017-11-28,600765,12.31,12.43,12.46,12.27,34345,42544721.0,1.55,1.39,0.17,0.44
2017-11-29,600765,12.44,12.42,12.47,12.22,37099,45834239.0,2.01,-0.08,-0.01,0.48
2017-11-30,600765,12.37,12.37,12.55,12.3,39397,48892374.0,2.01,-0.4,-0.05,0.51
2017-12-01,600765,12.36,12.41,12.44,12.26,36812,45538258.0,1.46,0.32,0.04,0.47
2017-12-04,600765,12.38,12.08,12.4,12.07,55558,67974422.0,2.66,-2.66,-0.33,0.71
2017-12-05,600765,12.17,11.84,12.37,11.76,75147,90881551.0,5.05,-1.99,-0.24,0.97
2017-12-06,600765,11.78,12.06,12.06,11.76,47392,56374306.0,2.53,1.86,0.22,0.61
2017-12-07,600765,12.0,12.2,12.37,11.98,69103,84572595.0,3.23,1.16,0.14,0.89
2017-12-08,600765,12.12,12.29,12.36,12.1,54813,67339589.0,2.13,0.74,0.09,0.7
2017-12-11,600765,12.31,12.34,12.36,12.25,38165,46971470.0,0.9,0.41,0.05,0.49
2017-12-12,600765,12.33,12.02,12.33,12.01,39830,48406078.0,2.59,-2.59,-0.32,0.51
2017-12-13,600765,12.02,12.3,12.31,12.01,42783,52172438.0,2.5,2.33,0.28,0.55
2017-12-14,600765,12.45,12.41,12.54,12.35,55346,68836626.0,1.54,0.89,0.11,0.71
2017-12-15,600765,12.3,12.45,12.5,12.28,61725,76501081.0,1.77,0.32,0.04,0.79
2017-12-18,600765,12.46,12.29,12.46,12.2,41003,50527926.0,2.09,-1.29,-0.16,0.53
2017-12-19,600765,12.3,12.38,12.41,12.29,33453,41376311.0,0.98,0.73,0.09,0.43
2017-12-20,600765,12.41,12.12,12.42,12.09,38552,47205030.0,2.67,-2.1,-0.26,0.5
2017-12-21,600765,12.15,12.29,12.34,11.96,51769,63220288.0,3.14,1.4,0.17,0.67
2017-12-22,600765,12.3,12.22,12.39,12.21,26119,32049455.0,1.46,-0.57,-0.07,0.34
2017-12-25,600765,12.25,11.9,12.29,11.85,59159,70868946.0,3.6,-2.62,-0.32,0.76
2017-12-26,600765,11.9,11.99,12.01,11.81,33692,40158357.0,1.68,0.76,0.09,0.43
2017-12-27,600765,11.99,11.99,12.04,11.88,35863,42873962.0,1.33,0.0,0.0,0.46
2017-12-28,600765,11.99,12.03,12.09,11.91,39415,47347288.0,1.5,0.33,0.04,0.51
2017-12-29,600765,11.98,12.02,12.09,11.97,27121,32584489.0,1.0,-0.08,-0.01,0.35
2018-01-02,600765,12.04,12.14,12.16,11.99,42403,51279870.0,1.41,1.0,0.12,0.55
2018-01-03,600765,12.12,12.33,12.41,12.11,62037,76189725.0,2.47,1.57,0.19,0.8
2018-01-04,600765,12.36,12.3,12.48,12.27,53098,65634293.0,1.7,-0.24,-0.03,0.68
2018-01-05,600765,12.29,12.39,12.43,12.23,49786,61375634.0,1.63,0.73,0.09,0.64
2018-01-08,600765,12.36,12.27,12.39,12.16,60403,73989675.0,1.86,-0.97,-0.12,0.78
2018-01-09,600765,12.27,12.59,12.59,12.23,117141,145769963.0,2.93,2.61,0.32,1.51
2018-01-10,600765,12.58,12.38,12.58,12.29,80470,99980637.0,2.3,-1.67,-0.21,1.03
2018-01-11,600765,12.38,12.39,12.44,12.25,59805,73927532.0,1.53,0.08,0.01,0.77
2018-01-12,600765,12.35,12.26,12.43,12.21,47148,57920605.0,1.78,-1.05,-0.13,0.61
2018-01-15,600765,12.2,11.68,12.24,11.65,91800,109248033.0,4.81,-4.73,-0.58,1.18
2018-01-16,600765,11.68,11.69,11.75,11.59,52898,61718553.0,1.37,0.09,0.01,0.68
2018-01-17,600765,11.67,11.77,11.85,11.53,58254,68001461.0,2.74,0.68,0.08,0.75
2018-01-18,600765,11.75,11.75,11.81,11.71,25752,30257018.0,0.85,-0.17,-0.02,0.33
2018-01-19,600765,11.87,11.85,12.09,11.82,53390,63783275.0,2.3,0.85,0.1,0.69
2018-01-22,600765,11.78,11.91,11.99,11.75,33903,40208144.0,2.03,0.51,0.06,0.44
2018-01-23,600765,12.01,11.95,12.02,11.88,36402,43464602.0,1.18,0.34,0.04,0.47
2018-01-24,600765,11.92,12.0,12.05,11.91,42347,50786351.0,1.17,0.42,0.05,0.54
2018-01-25,600765,11.91,12.08,12.32,11.91,83509,101651557.0,3.42,0.67,0.08,1.07
2018-01-26,600765,12.07,12.04,12.18,12.0,42271,50994661.0,1.49,-0.33,-0.04,0.54
2018-01-29,600765,12.0,11.83,12.06,11.81,40302,47990735.0,2.08,-1.74,-0.21,0.52
2018-01-30,600765,11.83,11.83,11.9,11.77,19936,23580388.0,1.1,0.0,0.0,0.26
2018-01-31,600765,11.79,11.48,11.79,11.4,62041,71749370.0,3.3,-2.96,-0.35,0.8
2018-02-01,600765,11.49,10.87,11.53,10.78,105160,116058253.0,6.53,-5.31,-0.61,1.35
2018-02-02,600765,10.85,10.68,10.85,10.52,63332,67716794.0,3.04,-1.75,-0.19,0.81
2018-02-05,600765,10.45,10.6,10.61,10.27,47237,49364864.0,3.18,-0.75,-0.08,0.61
2018-02-06,600765,10.32,9.54,10.4,9.54,119467,117987445.0,8.11,-10.0,-1.06,1.54
2018-02-07,600765,9.73,9.51,9.77,9.15,67148,63998061.0,6.5,-0.31,-0.03,0.86
2018-02-08,600765,9.48,9.66,9.8,9.48,39299,38072283.0,3.36,1.58,0.15,0.51
2018-02-09,600765,9.37,9.06,9.47,8.96,94371,86593027.0,5.28,-6.21,-0.6,1.21
2018-02-12,600765,9.2,9.26,9.3,9.1,38012,35103511.0,2.21,2.21,0.2,0.49
2018-02-13,600765,9.29,9.44,9.78,9.29,70602,67340307.0,5.29,1.94,0.18,0.91
2018-02-14,600765,9.4,9.48,9.59,9.38,37185,35208138.0,2.22,0.42,0.04,0.48
2018-02-22,600765,9.59,9.62,9.67,9.53,32162,30909303.0,1.48,1.48,0.14,0.41
2018-02-23,600765,9.6,9.72,9.85,9.56,46147,44799174.0,3.01,1.04,0.1,0.59
2018-02-26,600765,9.78,9.99,10.05,9.69,66667,65908032.0,3.7,2.78,0.27,0.86
2018-02-27,600765,10.03,10.67,10.85,9.93,174295,182498035.0,9.21,6.81,0.68,2.24
2018-02-28,600765,10.5,10.41,10.83,10.39,130575,138054440.0,4.12,-2.44,-0.26,1.68
2018-03-01,600765,10.32,10.46,10.6,10.25,74101,77551499.0,3.36,0.48,0.05,0.95
2018-03-02,600765,10.4,10.48,10.63,10.0,62398,65388422.0,6.02,0.19,0.02,0.8
2018-03-05,600765,10.55,10.6,10.79,10.53,63761,67821754.0,2.48,1.15,0.12,0.82
2018-03-06,600765,10.65,10.66,10.77,10.48,74636,79317023.0,2.74,0.57,0.06,0.96
2018-03-07,600765,10.64,10.41,10.67,10.4,50706,53356838.0,2.53,-2.35,-0.25,0.65
2018-03-08,600765,10.36,10.55,10.59,10.36,45394,47766783.0,2.21,1.34,0.14,0.58
2018-03-09,600765,10.55,10.79,10.92,10.55,87072,93535291.0,3.51,2.27,0.24,1.12
2018-03-12,600765,10.64,10.89,10.9,10.61,124565,133777703.0,2.69,0.93,0.1,1.6
2018-03-13,600765,10.85,10.62,10.88,10.6,84168,90406786.0,2.57,-2.48,-0.27,1.08
2018-03-14,600765,10.57,10.28,10.65,10.22,89610,92920230.0,4.05,-3.2,-0.34,1.15
2018-03-15,600765,10.27,10.32,10.5,10.2,64076,66328745.0,2.92,0.39,0.04,0.82
2018-03-16,600765,10.33,10.15,10.38,10.11,52740,54145515.0,2.62,-1.65,-0.17,0.68
2018-03-19,600765,10.2,10.19,10.33,10.15,41882,42990052.0,1.77,0.39,0.04,0.54
2018-03-20,600765,10.16,10.29,10.4,10.04,55135,56362397.0,3.53,0.98,0.1,0.71
2018-03-21,600765,10.25,10.41,10.68,10.25,110366,115824355.0,4.18,1.17,0.12,1.42
2018-03-22,600765,10.41,10.41,10.55,10.33,62458,65135380.0,2.11,0.0,0.0,0.8
2018-03-23,600765,10.1,9.81,10.29,9.61,118211,117974211.0,6.53,-5.76,-0.6,1.52
2018-03-26,600765,9.79,10.28,10.3,9.68,112906,113369939.0,6.32,4.79,0.47,1.45
2018-03-27,600765,10.39,10.55,10.62,10.24,123787,129483783.0,3.7,2.63,0.27,1.59
2018-03-28,600765,10.4,10.61,10.8,10.34,143042,152008155.0,4.36,0.57,0.06,1.84
2018-03-29,600765,10.71,10.52,10.74,10.38,106493,112114164.0,3.39,-0.85,-0.09,1.37
2018-03-30,600765,10.52,10.82,10.87,10.49,154567,166031538.0,3.61,2.85,0.3,1.99
2018-04-02,600765,10.81,10.85,11.09,10.76,132015,144215573.0,3.05,0.28,0.03,1.7
2018-04-03,600765,10.66,10.65,10.85,10.47,122323,130190791.0,3.5,-1.84,-0.2,1.57
2018-04-04,600765,10.73,10.89,11.25,10.63,211641,233447553.0,5.82,2.25,0.24,2.72
2018-04-09,600765,10.96,11.32,11.47,10.84,190533,213462483.0,5.79,3.95,0.43,2.45
2018-04-10,600765,11.39,10.95,11.39,10.8,153876,169289395.0,5.21,-3.27,-0.37,1.98
2018-04-11,600765,10.97,11.03,11.05,10.84,91990,100698448.0,1.92,0.73,0.08,1.18
2018-04-12,600765,10.97,10.83,11.12,10.81,85493,93986991.0,2.81,-1.81,-0.2,1.1
2018-04-13,600765,10.9,10.79,11.15,10.75,85732,93864428.0,3.69,-0.37,-0.04,1.1
2018-04-16,600765,10.89,10.83,10.92,10.7,63593,68676488.0,2.04,0.37,0.04,0.82
2018-04-17,600765,10.86,10.49,11.04,10.43,89444,96137687.0,5.63,-3.14,-0.34,1.15
2018-04-18,600765,10.6,10.68,10.73,10.28,81436,85457963.0,4.29,1.81,0.19,1.05
2018-04-19,600765,10.65,11.01,11.12,10.6,142656,156178323.0,4.87,3.09,0.33,1.83
2018-04-20,600765,10.93,10.59,11.09,10.56,109147,118159105.0,4.81,-3.81,-0.42,1.4
2018-04-23,600765,10.57,10.2,10.8,10.1,96610,100545465.0,6.61,-3.68,-0.39,1.24
2018-04-24,600765,10.22,10.44,10.44,10.12,51487,53106700.0,3.14,2.35,0.24,0.66
2018-04-25,600765,10.32,10.45,10.51,10.3,50495,52637103.0,2.01,0.1,0.01,0.65
2018-04-26,600765,10.3,10.0,10.3,9.98,93188,94319716.0,3.06,-4.31,-0.45,1.2
2018-04-27,600765,10.07,10.05,10.08,9.83,36675,36680998.0,2.5,0.5,0.05,0.47
2018-05-02,600765,10.03,9.72,10.09,9.68,59764,58977771.0,4.08,-3.28,-0.33,0.77
2018-05-03,600765,9.75,9.86,9.88,9.55,54330,52825878.0,3.4,1.44,0.14,0.7
2018-05-04,600765,9.86,9.89,9.93,9.8,35777,35315596.0,1.32,0.3,0.03,0.46
2018-05-07,600765,10.0,10.04,10.08,9.91,32956,32986639.0,1.72,1.52,0.15,0.42
2018-05-08,600765,10.06,10.11,10.27,10.06,49412,50192990.0,2.09,0.7,0.07,0.64
2018-05-09,600765,10.14,10.04,10.14,9.99,29236,29355091.0,1.48,-0.69,-0.07,0.38
2018-05-10,600765,10.03,9.97,10.07,9.84,32696,32554326.0,2.29,-0.7,-0.07,0.42
2018-05-11,600765,9.98,9.86,10.0,9.84,24399,24178620.0,1.6,-1.1,-0.11,0.31
2018-05-14,600765,9.92,9.74,9.94,9.7,36860,36210800.0,2.43,-1.22,-0.12,0.47
2018-05-15,600765,9.73,9.83,9.85,9.71,25691,25157415.0,1.44,0.92,0.09,0.33
2018-05-16,600765,9.83,9.81,9.94,9.75,31150,30677651.0,1.93,-0.2,-0.02,0.4
2018-05-17,600765,9.76,9.68,9.87,9.66,25754,25182351.0,2.14,-1.33,-0.13,0.33
2018-05-18,600765,9.74,9.81,9.83,9.63,32920,32110970.0,2.07,1.34,0.13,0.42
2018-05-21,600765,9.86,9.93,9.98,9.86,34671,34462529.0,1.22,1.22,0.12,0.45
2018-05-22,600765,9.97,9.91,9.98,9.85,29173,28877198.0,1.31,-0.2,-0.02,0.37
2018-05-23,600765,9.88,9.83,9.98,9.8,40738,40265280.0,1.82,-0.81,-0.08,0.52
2018-05-24,600765,9.74,9.59,9.83,9.53,53140,51473796.0,3.05,-2.44,-0.24,0.68
2018-05-25,600765,9.62,9.65,9.75,9.54,36163,34926173.0,2.19,0.63,0.06,0.46
2018-05-28,600765,9.61,9.34,9.64,9.3,42774,40342496.0,3.52,-3.21,-0.31,0.55
2018-05-29,600765,9.31,9.19,9.41,9.14,40529,37541314.0,2.89,-1.61,-0.15,0.52
2018-05-30,600765,9.13,8.79,9.13,8.78,54954,49390699.0,3.81,-4.35,-0.4,0.71
2018-05-31,600765,8.9,8.9,8.99,8.78,47403,42007194.0,2.39,1.25,0.11,0.61
2018-06-01,600765,8.87,8.75,9.06,8.65,58786,51946767.0,4.61,-1.69,-0.15,0.76
2018-06-04,600765,8.84,8.89,8.95,8.78,48239,42866958.0,1.94,1.6,0.14,0.62
2018-06-20,600765,8.0,8.29,8.5,8.0,103794,84593102.0,5.62,-6.75,-0.6,1.33
2018-06-21,600765,8.2,7.46,8.25,7.46,130601,101469611.0,9.53,-10.01,-0.83,1.68
2018-06-22,600765,7.21,7.41,7.55,7.21,68697,50913028.0,4.56,-0.67,-0.05,0.88
2018-06-25,600765,7.45,7.04,7.5,6.99,139646,100660691.0,6.88,-4.99,-0.37,1.79
2018-06-26,600765,6.98,7.22,7.22,6.86,92698,65753678.0,5.11,2.56,0.18,1.19
2018-06-27,600765,7.23,7.26,7.35,7.16,84782,61625992.0,2.63,0.55,0.04,1.09
2018-06-28,600765,7.3,7.09,7.35,7.02,64912,46843042.0,4.55,-2.34,-0.17,0.83
2018-06-29,600765,7.1,7.44,7.47,7.09,78223,57201101.0,5.36,4.94,0.35,1.01
2018-07-02,600765,7.39,7.37,7.51,7.27,59989,44447868.0,3.23,-0.94,-0.07,0.77
2018-07-03,600765,7.33,7.8,7.83,7.28,134982,102785990.0,7.46,5.83,0.43,1.73
2018-07-04,600765,7.72,7.74,7.8,7.6,92371,70921503.0,2.56,-0.77,-0.06,1.19
2018-07-05,600765,7.63,7.51,7.73,7.47,56376,42858153.0,3.36,-2.97,-0.23,0.72
2018-07-06,600765,7.48,7.67,7.77,7.44,58117,44492023.0,4.39,2.13,0.16,0.75
2018-07-09,600765,7.68,7.76,7.8,7.65,38504,29873943.0,1.96,1.17,0.09,0.49
2018-07-10,600765,7.75,7.79,7.84,7.69,48233,37404977.0,1.93,0.39,0.03,0.62
2018-07-11,600765,7.71,7.5,7.73,7.37,71943,54049891.0,4.62,-3.72,-0.29,0.92
2018-07-12,600765,7.54,7.76,7.79,7.51,64341,49392831.0,3.73,3.47,0.26,0.83
2018-07-13,600765,7.76,7.71,7.89,7.66,44175,34235577.0,2.96,-0.64,-0.05,0.57
2018-07-16,600765,7.73,7.75,7.82,7.67,45544,35313404.0,1.95,0.52,0.04,0.59
2018-07-17,600765,7.74,7.65,7.74,7.55,56515,43082384.0,2.45,-1.29,-0.1,0.73
2018-07-18,600765,7.64,7.64,7.79,7.62,48905,37668928.0,2.22,-0.13,-0.01,0.63
2018-07-19,600765,7.7,7.52,7.71,7.44,34738,26209355.0,3.53,-1.57,-0.12,0.45
2018-07-20,600765,7.56,7.68,7.71,7.41,43623,33155850.0,3.99,2.13,0.16,0.56
2018-07-23,600765,7.68,7.96,8.03,7.68,80931,64222601.0,4.56,3.65,0.28,1.04
2018-07-24,600765,7.99,8.08,8.19,7.9,72105,58146454.0,3.64,1.51,0.12,0.93
2018-07-25,600765,8.03,8.14,8.25,8.03,65578,53589154.0,2.72,0.74,0.06,0.84
2018-07-26,600765,8.14,8.16,8.32,8.1,51495,42198210.0,2.7,0.25,0.02,0.66
2018-07-27,600765,8.19,8.32,8.43,8.1,79252,65721600.0,4.04,1.96,0.16,1.02
2018-07-30,600765,8.31,8.26,8.4,8.15,74545,61706888.0,3.0,-0.72,-0.06,0.96
2018-07-31,600765,8.22,8.11,8.29,8.01,62398,50613238.0,3.39,-1.82,-0.15,0.8
2018-08-01,600765,8.08,7.81,8.16,7.77,63337,50792497.0,4.81,-3.7,-0.3,0.81
2018-08-02,600765,7.89,7.4,7.89,7.22,101167,75680740.0,8.58,-5.25,-0.41,1.3
2018-08-03,600765,7.43,7.45,7.58,7.36,57179,42832390.0,2.97,0.68,0.05,0.73
2018-08-06,600765,7.35,7.47,7.64,7.35,60759,45609276.0,3.89,0.27,0.02,0.78
2018-08-07,600765,7.5,7.65,7.68,7.28,72016,54006334.0,5.35,2.41,0.18,0.93
2018-08-08,600765,7.6,7.47,7.64,7.42,56778,42853754.0,2.88,-2.35,-0.18,0.73
2018-08-09,600765,7.46,7.64,7.71,7.36,55154,41919846.0,4.69,2.28,0.17,0.71
2018-08-10,600765,7.6,7.71,7.73,7.6,35191,26968604.0,1.7,0.92,0.07,0.45
2018-08-13,600765,7.62,7.9,7.96,7.56,64042,49503530.0,5.19,2.46,0.19,0.82
2018-08-14,600765,7.88,7.9,7.93,7.72,43126,33785192.0,2.66,0.0,0.0,0.55
2018-08-15,600765,7.9,7.68,7.96,7.64,48261,37473223.0,4.05,-2.78,-0.22,0.62
2018-08-16,600765,7.63,7.66,7.74,7.47,26501,20289777.0,3.52,-0.26,-0.02,0.34
2018-08-17,600765,7.67,7.43,7.76,7.38,39783,30043745.0,4.96,-3.0,-0.23,0.51
2018-08-20,600765,7.38,7.44,7.46,7.25,34361,25296201.0,2.83,0.13,0.01,0.44
2018-08-21,600765,7.4,7.59,7.65,7.4,39181,29609680.0,3.36,2.02,0.15,0.5
2018-08-22,600765,7.61,7.69,7.77,7.56,45012,34666080.0,2.77,1.32,0.1,0.58
2018-08-23,600765,7.68,7.7,7.79,7.65,34864,26939233.0,1.82,0.13,0.01,0.45
2018-08-24,600765,7.71,7.64,7.79,7.62,30172,23249010.0,2.21,-0.78,-0.06,0.39
2018-08-27,600765,7.67,7.88,7.91,7.67,48376,37917400.0,3.14,3.14,0.24,0.62
2018-08-28,600765,7.85,7.93,8.05,7.84,51187,40673983.0,2.66,0.63,0.05,0.66
2018-08-29,600765,7.89,7.94,7.99,7.84,37259,29482374.0,1.89,0.13,0.01,0.48
2018-08-30,600765,7.91,7.75,7.95,7.75,31725,24827832.0,2.52,-2.39,-0.19,0.41
2018-08-31,600765,7.78,7.72,7.82,7.63,30170,23260522.0,2.45,-0.39,-0.03,0.39
2018-09-03,600765,7.72,7.73,7.76,7.54,41078,31368185.0,2.85,0.13,0.01,0.53
2018-09-04,600765,7.75,8.07,8.09,7.7,83244,66542799.0,5.05,4.4,0.34,1.07
2018-09-05,600765,8.02,7.97,8.13,7.95,64884,52124483.0,2.23,-1.24,-0.1,0.83
2018-09-06,600765,7.96,8.07,8.22,7.92,72020,58069614.0,3.76,1.25,0.1,0.93
2018-09-07,600765,8.05,7.88,8.14,7.87,82170,65659011.0,3.35,-2.35,-0.19,1.06
2018-09-10,600765,7.9,7.72,7.92,7.71,50868,39731588.0,2.66,-2.03,-0.16,0.65
2018-09-11,600765,7.72,7.79,7.92,7.67,43397,33903598.0,3.24,0.91,0.07,0.56
2018-09-12,600765,7.78,8.15,8.3,7.78,128315,104049877.0,6.68,4.62,0.36,1.65
2018-09-13,600765,8.22,8.53,8.54,8.08,174945,145377304.0,5.64,4.66,0.38,2.25
2018-09-14,600765,8.47,8.38,8.58,8.28,123780,104072677.0,3.52,-1.76,-0.15,1.59
2018-09-17,600765,8.35,8.27,8.38,8.21,68489,56701219.0,2.03,-1.31,-0.11,0.88
2018-09-18,600765,8.21,8.33,8.35,8.14,66037,54438808.0,2.54,0.73,0.06,0.85
2018-09-19,600765,8.29,8.57,8.64,8.21,130779,111118837.0,5.16,2.88,0.24,1.68
2018-09-20,600765,8.52,8.38,8.54,8.32,63538,53465468.0,2.57,-2.22,-0.19,0.82
2018-09-21,600765,8.39,8.45,8.46,8.29,42044,35284145.0,2.03,0.84,0.07,0.54
2018-09-25,600765,8.38,8.35,8.53,8.31,47970,40448390.0,2.6,-1.18,-0.1,0.62
2018-09-26,600765,8.39,8.48,8.56,8.3,61636,51950387.0,3.11,1.56,0.13,0.79
2018-09-27,600765,8.47,8.19,8.48,8.19,51356,42662217.0,3.42,-3.42,-0.29,0.66
2018-09-28,600765,8.17,8.24,8.31,8.17,34847,28726517.0,1.71,0.61,0.05,0.45
2018-10-08,600765,8.2,7.84,8.2,7.81,78242,62627077.0,4.73,-4.85,-0.4,1.01
2018-10-09,600765,7.87,7.93,8.07,7.87,58304,46468902.0,2.55,1.15,0.09,0.75
2018-10-10,600765,8.03,7.99,8.05,7.91,25120,20042464.0,1.77,0.76,0.06,0.32
2018-10-11,600765,7.61,7.19,7.98,7.19,113530,85802329.0,9.89,-10.01,-0.8,1.46
2018-10-12,600765,7.2,7.27,7.38,6.85,80061,57109206.0,7.37,1.11,0.08,1.03
2018-10-15,600765,7.26,7.04,7.4,7.04,52390,37797032.0,4.95,-3.16,-0.23,0.67
2018-10-16,600765,7.15,6.89,7.26,6.86,41103,28932564.0,5.68,-2.13,-0.15,0.53
2018-10-17,600765,7.02,6.99,7.06,6.76,39867,27666676.0,4.35,1.45,0.1,0.51
2018-10-18,600765,6.94,6.75,6.94,6.73,44590,30448543.0,3.0,-3.43,-0.24,0.57
2018-10-19,600765,6.73,6.89,6.91,6.59,44213,29970296.0,4.74,2.07,0.14,0.57
2018-10-22,600765,6.91,7.24,7.37,6.91,56924,40856755.0,6.68,5.08,0.35,0.73
2018-10-23,600765,7.25,7.13,7.31,7.09,45603,32804781.0,3.04,-1.52,-0.11,0.59
2018-10-24,600765,7.07,7.13,7.2,7.0,35795,25480232.0,2.81,0.0,0.0,0.46
2018-10-25,600765,6.91,7.08,7.09,6.89,35403,24652640.0,2.81,-0.7,-0.05,0.46
2018-10-26,600765,7.2,7.24,7.43,7.2,50470,36902093.0,3.25,2.26,0.16,0.65
2018-10-29,600765,7.2,7.7,7.88,7.17,114015,86026391.0,9.81,6.35,0.46,1.47
2018-10-30,600765,7.69,7.71,7.83,7.44,82783,63194719.0,5.06,0.13,0.01,1.06
2018-10-31,600765,7.67,7.71,7.8,7.62,47506,36737959.0,2.33,0.0,0.0,0.61
2018-11-01,600765,7.74,7.88,7.89,7.68,65338,51002017.0,2.72,2.2,0.17,0.84
2018-11-02,600765,7.93,7.97,8.05,7.85,60685,48157347.0,2.54,1.14,0.09,0.78
2018-11-05,600765,7.94,7.97,8.03,7.8,46491,36812762.0,2.89,0.0,0.0,0.6
2018-11-06,600765,7.93,8.02,8.08,7.85,40332,32092395.0,2.89,0.63,0.05,0.52
2018-11-07,600765,8.05,7.91,8.09,7.88,42208,33665956.0,2.62,-1.37,-0.11,0.54
2018-11-08,600765,7.98,7.93,8.08,7.92,48437,38728731.0,2.02,0.25,0.02,0.62
2018-11-09,600765,7.88,8.04,8.06,7.85,45315,36259074.0,2.65,1.39,0.11,0.58
2018-11-12,600765,8.0,8.23,8.29,7.95,58975,48222442.0,4.23,2.36,0.19,0.76
2018-11-13,600765,8.12,8.32,8.37,8.09,53061,43853449.0,3.4,1.09,0.09,0.68
2018-11-14,600765,8.32,8.2,8.4,8.13,58735,48363956.0,3.25,-1.44,-0.12,0.75
2018-11-15,600765,8.24,8.37,8.41,8.2,60181,50120058.0,2.56,2.07,0.17,0.77
2018-11-16,600765,8.38,8.43,8.57,8.33,63283,53397243.0,2.87,0.72,0.06,0.81
2018-11-19,600765,8.43,8.51,8.55,8.3,59513,50211257.0,2.97,0.95,0.08,0.76
2018-11-20,600765,8.44,8.3,8.76,8.26,81845,69970958.0,5.88,-2.47,-0.21,1.05
2018-11-21,600765,8.1,8.49,8.52,8.02,67729,56712105.0,6.02,2.29,0.19,0.87
2018-11-22,600765,8.49,8.39,8.55,8.35,39985,33727314.0,2.36,-1.18,-0.1,0.51
2018-11-23,600765,8.16,8.08,8.37,8.04,49273,40305108.0,3.93,-3.69,-0.31,0.63
2018-11-26,600765,8.08,8.05,8.26,7.97,37484,30406098.0,3.59,-0.37,-0.03,0.48
2018-11-27,600765,8.05,8.21,8.25,8.05,42898,35092872.0,2.48,1.99,0.16,0.55
2018-11-28,600765,8.24,8.45,8.48,8.09,56143,46663677.0,4.75,2.92,0.24,0.72
2018-11-29,600765,8.52,8.17,8.55,8.15,44432,37294282.0,4.73,-3.31,-0.28,0.57
2018-11-30,600765,8.15,8.46,8.46,8.15,50004,41720670.0,3.79,3.55,0.29,0.64
2018-12-03,600765,8.66,8.53,8.7,8.44,77446,66356698.0,3.07,0.83,0.07,1.0
2018-12-04,600765,8.54,8.53,8.58,8.42,49583,42119492.0,1.88,0.0,0.0,0.64
2018-12-05,600765,8.43,8.28,8.43,8.21,61452,51012987.0,2.58,-2.93,-0.25,0.79
2018-12-06,600765,8.28,8.25,8.42,8.14,59481,49160306.0,3.38,-0.36,-0.03,0.76
2018-12-07,600765,8.23,8.13,8.24,8.12,38173,31198130.0,1.45,-1.45,-0.12,0.49
2018-12-10,600765,8.05,8.07,8.21,8.02,39322,31942524.0,2.34,-0.74,-0.06,0.51
2018-12-11,600765,8.05,8.05,8.14,8.0,33824,27245826.0,1.73,-0.25,-0.02,0.43
2018-12-12,600765,8.09,8.05,8.11,7.98,31542,25355105.0,1.61,0.0,0.0,0.41
2018-12-13,600765,8.07,8.2,8.22,7.99,59202,48186297.0,2.86,1.86,0.15,0.76
2018-12-14,600765,8.13,7.81,8.17,7.71,72907,58170045.0,5.61,-4.76,-0.39,0.94
2018-12-17,600765,7.81,7.86,7.9,7.74,49687,38919840.0,2.05,0.64,0.05,0.64
2018-12-18,600765,7.82,7.85,7.95,7.68,44850,35047121.0,3.44,-0.13,-0.01,0.58
2018-12-19,600765,7.86,7.68,7.89,7.57,57436,44453956.0,4.08,-2.17,-0.17,0.74
2018-12-20,600765,7.7,7.51,7.74,7.44,60953,46291289.0,3.91,-2.21,-0.17,0.78
2018-12-21,600765,7.51,7.63,7.69,7.45,62535,47508057.0,3.2,1.6,0.12,0.8
2018-12-24,600765,7.6,7.74,7.79,7.54,46919,36067710.0,3.28,1.44,0.11,0.6
2018-12-25,600765,7.65,7.59,7.65,7.36,54498,40772114.0,3.75,-1.94,-0.15,0.7
2018-12-26,600765,7.55,7.5,7.64,7.48,29521,22207338.0,2.11,-1.19,-0.09,0.38
2018-12-27,600765,7.62,7.38,7.67,7.33,51850,38811832.0,4.53,-1.6,-0.12,0.67
2018-12-28,600765,7.41,7.44,7.55,7.4,47068,35127557.0,2.03,0.81,0.06,0.6
2019-01-02,600765,7.48,7.57,7.61,7.44,47970,36218918.0,2.28,1.75,0.13,0.62
2019-01-03,600765,7.51,7.9,8.15,7.51,107904,85234968.0,8.45,4.36,0.33,1.39
2019-01-04,600765,7.8,8.12,8.14,7.76,107140,85780394.0,4.81,2.78,0.22,1.38
2019-01-07,600765,8.25,8.57,8.7,8.2,179577,151765660.0,6.16,5.54,0.45,2.31
2019-01-08,600765,8.5,8.44,8.59,8.35,122593,103828510.0,2.8,-1.52,-0.13,1.58
2019-01-09,600765,8.46,8.39,8.63,8.39,117401,100028370.0,2.84,-0.59,-0.05,1.51
2019-01-10,600765,8.51,8.71,9.03,8.5,214117,187973749.0,6.32,3.81,0.32,2.75
2019-01-11,600765,8.71,8.76,8.95,8.62,127049,111295898.0,3.79,0.57,0.05,1.63
2019-01-14,600765,8.92,8.86,9.23,8.77,137025,122712260.0,5.25,1.14,0.1,1.76
2019-01-15,600765,8.88,8.89,9.18,8.78,112884,100754770.0,4.51,0.34,0.03,1.45
2019-01-16,600765,8.9,8.73,9.03,8.71,107728,95048726.0,3.6,-1.8,-0.16,1.38
2019-01-17,600765,8.83,8.65,9.05,8.65,106159,93981598.0,4.58,-0.92,-0.08,1.36
2019-01-18,600765,8.77,8.82,8.96,8.72,87060,76937483.0,2.77,1.97,0.17,1.12
2019-01-21,600765,8.77,8.75,8.91,8.69,85080,74794069.0,2.49,-0.79,-0.07,1.09
2019-01-22,600765,8.69,8.61,8.83,8.57,73123,63602211.0,2.97,-1.6,-0.14,0.94
2019-01-23,600765,8.66,8.67,8.77,8.6,67473,58533615.0,1.97,0.7,0.06,0.87
2019-01-24,600765,8.68,8.66,8.74,8.57,62055,53662557.0,1.96,-0.12,-0.01,0.8
2019-01-25,600765,8.62,8.52,8.69,8.5,61318,52655897.0,2.19,-1.62,-0.14,0.79
2019-01-28,600765,8.61,8.45,8.69,8.42,70553,60369003.0,3.17,-0.82,-0.07,0.91
2019-01-29,600765,8.47,8.3,8.47,8.12,80555,66507790.0,4.14,-1.78,-0.15,1.04
2019-01-30,600765,8.25,8.43,8.64,8.25,116499,98921408.0,4.7,1.57,0.13,1.5
2019-01-31,600765,8.4,8.22,8.6,8.09,99134,82454654.0,6.05,-2.49,-0.21,1.27
2019-02-01,600765,8.23,8.79,8.8,8.23,106511,91191942.0,6.93,6.93,0.57,1.37
2019-02-11,600765,8.77,8.89,8.94,8.68,133023,117223916.0,2.96,1.14,0.1,1.71
2019-02-12,600765,8.82,8.88,8.95,8.79,103284,91507913.0,1.8,-0.11,-0.01,1.33
2019-02-13,600765,8.88,9.01,9.05,8.78,132925,118846460.0,3.04,1.46,0.13,1.71
2019-02-14,600765,8.97,9.17,9.19,8.82,134116,120463951.0,4.11,1.78,0.16,1.72
2019-02-15,600765,9.12,8.85,9.12,8.83,148862,133337498.0,3.16,-3.49,-0.32,1.91
2019-02-18,600765,8.92,9.36,9.36,8.85,217780,199148180.0,5.76,5.76,0.51,2.8
2019-02-19,600765,9.36,9.34,9.42,9.12,163779,151636129.0,3.21,-0.21,-0.02,2.11
2019-02-20,600765,9.21,9.3,9.54,9.16,151592,141190455.0,4.07,-0.43,-0.04,1.95
2019-02-21,600765,9.4,9.18,9.49,9.11,203450,188990061.0,4.09,-1.29,-0.12,2.62
2019-02-22,600765,9.18,9.43,9.47,9.13,219794,204122165.0,3.7,2.72,0.25,2.83
2019-02-25,600765,9.47,9.88,9.96,9.3,365775,351198608.0,7.0,4.77,0.45,4.7
2019-02-26,600765,9.79,9.77,9.98,9.61,277029,271569472.0,3.74,-1.11,-0.11,3.56
2019-02-27,600765,9.77,10.0,10.28,9.71,291319,291932336.0,5.83,2.35,0.23,3.74
2019-02-28,600765,10.12,9.9,10.28,9.79,192878,192491716.0,4.9,-1.0,-0.1,2.48
2019-03-01,600765,9.99,9.9,10.02,9.67,155809,153217626.0,3.54,0.0,0.0,2.0
2019-03-04,600765,9.92,10.11,10.25,9.92,218580,219805081.0,3.33,2.12,0.21,2.81
2019-03-05,600765,10.06,10.23,10.27,9.94,183984,186227052.0,3.26,1.19,0.12,2.36
2019-03-06,600765,10.24,10.24,10.32,10.03,207751,211538822.0,2.83,0.1,0.01,2.67
2019-03-07,600765,10.24,10.47,10.66,10.16,297494,311058752.0,4.88,2.25,0.23,3.82
2019-03-08,600765,10.15,10.01,10.38,10.01,243534,247397679.0,3.53,-4.39,-0.46,3.13
2019-03-11,600765,9.88,10.26,10.27,9.88,186587,189497821.0,3.9,2.5,0.25,2.4
2019-03-12,600765,10.42,10.49,10.75,10.22,282510,294764144.0,5.17,2.24,0.23,3.63
2019-03-13,600765,10.48,10.34,10.8,10.2,320499,337522064.0,5.72,-1.43,-0.15,4.12
2019-03-14,600765,10.15,10.1,10.38,9.91,195801,197907533.0,4.55,-2.32,-0.24,2.52
2019-03-15,600765,10.24,10.1,10.35,10.0,141148,143384708.0,3.47,0.0,0.0,1.81
2019-03-18,600765,10.11,10.31,10.35,10.06,162682,166459773.0,2.87,2.08,0.21,2.09
2019-03-19,600765,10.33,10.55,10.64,10.27,204866,214642715.0,3.59,2.33,0.24,2.63
2019-03-20,600765,10.5,10.33,10.5,10.16,163062,168222174.0,3.22,-2.09,-0.22,2.1
2019-03-21,600765,10.33,10.43,10.55,10.3,180097,187858317.0,2.42,0.97,0.1,2.31
2019-03-22,600765,10.42,10.88,11.17,10.38,398275,429469712.0,7.57,4.31,0.45,5.12
2019-03-25,600765,10.73,11.97,11.97,10.66,722944,838330992.0,12.04,10.02,1.09,9.29
2019-03-26,600765,12.11,11.13,12.19,10.98,520016,594827776.0,10.11,-7.02,-0.84,6.68
2019-03-27,600765,11.0,10.77,11.1,10.53,308640,330800848.0,5.12,-3.23,-0.36,3.97
2019-03-28,600765,10.8,10.53,11.1,10.48,260710,282551840.0,5.76,-2.23,-0.24,3.35
2019-03-29,600765,10.65,10.95,11.06,10.56,255825,277111776.0,4.75,3.99,0.42,3.29
2019-04-01,600765,11.02,11.42,11.61,11.02,292889,333588320.0,5.39,4.29,0.47,3.76
2019-04-02,600765,11.45,11.59,11.85,11.28,337828,391740000.0,4.99,1.49,0.17,4.34
2019-04-03,600765,11.45,11.55,11.62,11.28,232043,265311660.0,2.93,-0.35,-0.04,2.98
2019-04-04,600765,11.6,11.44,11.67,11.39,184471,211745909.0,2.42,-0.95,-0.11,2.37
2019-04-08,600765,11.55,11.15,11.64,11.0,210323,236929080.0,5.59,-2.53,-0.29,2.7
2019-04-09,600765,11.2,11.22,11.3,11.05,123729,138558439.0,2.24,0.63,0.07,1.59
2019-04-10,600765,11.15,11.15,11.22,11.02,109799,122005073.0,1.78,-0.62,-0.07,1.41
2019-04-11,600765,11.13,10.91,11.24,10.85,146522,161642810.0,3.5,-2.15,-0.24,1.88
2019-04-12,600765,10.86,10.87,10.95,10.73,95572,103434322.0,2.02,-0.37,-0.04,1.23
2019-04-15,600765,10.99,10.85,11.17,10.83,103424,114023118.0,3.13,-0.18,-0.02,1.33
2019-04-16,600765,10.76,11.14,11.14,10.67,100914,110200671.0,4.33,2.67,0.29,1.3
2019-04-17,600765,11.14,11.25,11.39,11.1,130233,146589291.0,2.6,0.99,0.11,1.67
2019-04-18,600765,11.28,11.26,11.39,11.13,131358,148119640.0,2.31,0.09,0.01,1.69
2019-04-19,600765,11.27,11.21,11.28,10.98,102062,113745448.0,2.66,-0.44,-0.05,1.31
2019-04-22,600765,11.23,11.11,11.32,11.02,99158,110883536.0,2.68,-0.89,-0.1,1.27
2019-04-23,600765,11.06,10.65,11.13,10.61,106830,115542650.0,4.68,-4.14,-0.46,1.37
2019-04-24,600765,10.7,10.66,10.75,10.4,92754,98204697.0,3.29,0.09,0.01,1.19
2019-04-25,600765,10.6,10.2,10.77,10.2,91337,95821792.0,5.35,-4.32,-0.46,1.17
2019-04-26,600765,10.11,10.06,10.28,10.06,87170,88609641.0,2.16,-1.37,-0.14,1.12
2019-04-29,600765,10.08,9.58,10.18,9.54,107745,105470881.0,6.36,-4.77,-0.48,1.38
2019-04-30,600765,9.6,9.71,9.83,9.54,75546,73247022.0,3.03,1.36,0.13,0.97
2019-05-06,600765,9.35,8.75,9.41,8.75,134376,121460561.0,6.8,-9.89,-0.96,1.73
2019-05-07,600765,8.83,8.93,8.94,8.68,79613,70381905.0,2.97,2.06,0.18,1.02
2019-05-08,600765,8.78,8.96,9.1,8.7,79558,71307968.0,4.48,0.34,0.03,1.02
2019-05-09,600765,8.94,9.0,9.17,8.88,75541,68398836.0,3.24,0.45,0.04,0.97
2019-05-10,600765,9.06,9.42,9.44,8.91,110726,102473732.0,5.89,4.67,0.42,1.42
2019-05-13,600765,9.4,9.29,9.4,9.25,58871,54870506.0,1.59,-1.38,-0.13,0.76
2019-05-14,600765,9.18,9.28,9.43,9.16,75133,70086216.0,2.91,-0.11,-0.01,0.97
2019-05-15,600765,9.33,9.4,9.43,9.26,69974,65604251.0,1.83,1.29,0.12,0.9
2019-05-16,600765,9.4,9.57,9.72,9.34,96176,91773846.0,4.04,1.81,0.17,1.24
2019-05-17,600765,9.53,9.06,9.61,9.05,85235,79256093.0,5.85,-5.33,-0.51,1.1
2019-05-20,600765,9.17,9.35,9.37,8.98,85319,78333793.0,4.3,3.2,0.29,1.1
2019-05-21,600765,9.32,9.37,9.44,9.22,80365,75089924.0,2.35,0.21,0.02,1.03
2019-05-22,600765,9.38,9.22,9.4,9.13,56602,52422988.0,2.88,-1.6,-0.15,0.73
2019-05-23,600765,9.19,9.15,9.34,9.1,64612,59566830.0,2.6,-0.76,-0.07,0.83
2019-05-24,600765,9.11,9.12,9.25,9.02,51227,46833313.0,2.51,-0.33,-0.03,0.66
2019-05-27,600765,9.16,9.33,9.33,9.03,60220,55418660.0,3.29,2.3,0.21,0.77
2019-05-28,600765,9.32,9.28,9.4,9.25,53257,49723018.0,1.61,-0.54,-0.05,0.68
2019-05-29,600765,9.25,9.3,9.35,9.2,40809,37888528.0,1.62,0.22,0.02,0.52
2019-05-30,600765,9.3,9.13,9.3,9.04,58931,53663512.0,2.8,-1.83,-0.17,0.76
2019-05-31,600765,9.16,9.15,9.22,9.1,45673,41846845.0,1.31,0.22,0.02,0.59
2019-06-03,600765,9.22,8.98,9.28,8.95,55288,50263963.0,3.61,-1.86,-0.17,0.71
2019-06-04,600765,8.98,8.83,9.02,8.76,46111,40931246.0,2.9,-1.67,-0.15,0.59
2019-06-05,600765,8.9,8.85,8.99,8.85,34215,30501238.0,1.59,0.23,0.02,0.44
2019-06-06,600765,8.86,8.65,8.86,8.62,38355,33433448.0,2.71,-2.26,-0.2,0.49
2019-06-10,600765,8.69,8.83,9.3,8.69,46149,40625439.0,7.05,2.08,0.18,0.59
2019-06-11,600765,8.82,9.11,9.12,8.77,64513,58072637.0,3.96,3.17,0.28,0.83
2019-06-12,600765,9.12,9.12,9.23,9.07,60749,55591977.0,1.76,0.11,0.01,0.78
2019-06-13,600765,9.1,9.11,9.15,9.01,37303,33900205.0,1.54,-0.11,-0.01,0.48
2019-06-14,600765,9.11,9.03,9.34,8.98,69358,63671649.0,3.95,-0.88,-0.08,0.89
2019-06-17,600765,9.0,8.99,9.09,8.9,40212,36210861.0,2.1,-0.44,-0.04,0.52
2019-06-18,600765,8.97,8.87,9.02,8.8,39467,35149588.0,2.45,-1.33,-0.12,0.51
2019-06-19,600765,9.05,9.03,9.12,9.02,61657,55902159.0,1.13,1.8,0.16,0.79
2019-06-20,600765,9.01,9.31,9.31,8.91,93755,85772461.0,4.43,3.1,0.28,1.21
2019-06-21,600765,9.3,9.5,9.5,9.26,99579,93721536.0,2.58,2.04,0.19,1.28
2019-06-24,600765,9.49,9.41,9.49,9.33,66096,62114160.0,1.68,-0.95,-0.09,0.85
2019-06-25,600765,9.38,9.28,9.41,9.19,57046,52993799.0,2.34,-1.38,-0.13,0.73
2019-06-26,600765,9.24,9.41,9.41,9.22,43650,40816087.0,2.05,1.4,0.13,0.56
2019-06-27,600765,9.42,9.39,9.48,9.35,62588,58869526.0,1.38,-0.21,-0.02,0.8
2019-06-28,600765,9.38,9.23,9.4,9.13,48746,44951238.0,2.88,-1.7,-0.16,0.63
2019-07-01,600765,9.38,9.46,9.48,9.35,74488,70102939.0,1.41,2.49,0.23,0.96
2019-07-02,600765,9.6,9.45,9.62,9.42,67968,64692831.0,2.11,-0.11,-0.01,0.87
2019-07-03,600765,9.46,9.49,9.55,9.31,77223,72841193.0,2.54,0.42,0.04,0.99
2019-07-04,600765,9.49,9.83,9.96,9.45,197385,192957922.0,5.37,3.58,0.34,2.54
2019-07-05,600765,9.76,10.0,10.22,9.7,221479,221017541.0,5.29,1.73,0.17,2.85
2019-07-08,600765,10.0,9.8,10.0,9.56,141664,138029601.0,4.4,-2.0,-0.2,1.82
2019-07-09,600765,9.75,9.64,9.79,9.57,95091,92003769.0,2.24,-1.63,-0.16,1.22
2019-07-10,600765,9.67,9.75,9.88,9.52,131996,128662538.0,3.73,1.14,0.11,1.7
2019-07-11,600765,9.74,9.56,9.81,9.48,96846,93438460.0,3.38,-1.95,-0.19,1.24
2019-07-12,600765,9.59,9.49,9.66,9.46,68752,65764212.0,2.09,-0.73,-0.07,0.88
2019-07-15,600765,9.49,9.83,9.84,9.46,90751,88019055.0,4.0,3.58,0.34,1.17
2019-07-16,600765,9.79,9.73,9.91,9.69,65672,64187125.0,2.24,-1.02,-0.1,0.84
2019-07-17,600765,9.78,9.66,9.83,9.63,62125,60380539.0,2.06,-0.72,-0.07,0.8
2019-07-18,600765,9.62,9.33,9.62,9.31,83396,78540667.0,3.21,-3.42,-0.33,1.07
2019-07-19,600765,9.31,9.36,9.45,9.31,51524,48297176.0,1.5,0.32,0.03,0.66
2019-07-22,600765,9.3,8.97,9.36,8.8,77276,69898585.0,5.98,-4.17,-0.39,0.99
2019-07-23,600765,9.01,9.13,9.14,9.0,33766,30611487.0,1.56,1.78,0.16,0.43
2019-07-24,600765,9.13,9.3,9.34,9.13,47912,44473346.0,2.3,1.86,0.17,0.62
2019-07-25,600765,9.21,9.27,9.34,9.21,36795,34109152.0,1.4,-0.32,-0.03,0.47
2019-07-26,600765,9.25,9.41,9.48,9.21,53234,49943110.0,2.91,1.51,0.14,0.68
2019-07-29,600765,9.43,9.48,9.59,9.39,55657,52783557.0,2.13,0.74,0.07,0.72
2019-07-30,600765,9.55,9.45,9.58,9.45,48544,46161354.0,1.37,-0.32,-0.03,0.62
2019-07-31,600765,9.44,9.59,9.6,9.42,62852,59929393.0,1.9,1.48,0.14,0.81
2019-08-01,600765,9.52,9.27,9.58,9.22,85381,79791376.0,3.75,-3.34,-0.32,1.1
2019-08-02,600765,9.23,9.09,9.28,9.01,69161,63119610.0,2.91,-1.94,-0.18,0.89
2019-08-05,600765,9.06,9.03,9.27,9.03,54145,49463754.0,2.64,-0.66,-0.06,0.7
2019-08-06,600765,8.88,8.95,9.11,8.78,75613,67351724.0,3.65,-0.89,-0.08,0.97
2019-08-07,600765,8.99,8.65,9.0,8.6,98486,86220146.0,4.47,-3.35,-0.3,1.27
2019-08-08,600765,8.66,8.72,8.84,8.66,57770,50517118.0,2.08,0.81,0.07,0.74
2019-08-09,600765,8.86,8.5,8.86,8.45,63961,54986480.0,4.7,-2.52,-0.22,0.82
2019-08-12,600765,8.5,8.58,8.59,8.46,66201,56390742.0,1.53,0.94,0.08,0.85
2019-08-13,600765,8.51,8.48,8.53,8.38,66814,56357472.0,1.75,-1.17,-0.1,0.86
2019-08-14,600765,8.56,8.52,8.6,8.46,61518,52447322.0,1.65,0.47,0.04,0.79
2019-08-15,600765,8.33,8.48,8.51,8.27,46891,39388033.0,2.82,-0.47,-0.04,0.6
2019-08-16,600765,8.48,8.55,8.64,8.45,56677,48496351.0,2.24,0.83,0.07,0.73
2019-08-19,600765,8.59,8.88,8.92,8.58,73677,64659805.0,3.98,3.86,0.33,0.95
2019-08-20,600765,8.86,8.92,9.09,8.86,68794,61673529.0,2.59,0.45,0.04,0.88
2019-08-21,600765,8.94,9.04,9.11,8.9,63202,57083348.0,2.35,1.35,0.12,0.81
2019-08-22,600765,9.08,9.23,9.28,9.02,82149,75390224.0,2.88,2.1,0.19,1.06
2019-08-23,600765,9.22,9.37,9.38,9.17,78575,72932992.0,2.28,1.52,0.14,1.01
2019-08-26,600765,9.15,9.2,9.28,9.13,59495,54698591.0,1.6,-1.81,-0.17,0.76
2019-08-27,600765,9.28,9.46,9.51,9.02,97276,91103479.0,5.33,2.83,0.26,1.25
2019-08-28,600765,9.66,9.8,9.95,9.5,187216,181907205.0,4.76,3.59,0.34,2.41
2019-08-29,600765,9.81,9.82,9.98,9.73,124011,121972348.0,2.55,0.2,0.02,1.59
2019-08-30,600765,9.91,9.98,10.09,9.82,157315,156663599.0,2.75,1.63,0.16,2.02
2019-09-02,600765,9.99,10.65,10.87,9.99,367720,384608512.0,8.82,6.71,0.67,4.73
2019-09-03,600765,10.6,10.8,10.93,10.5,244379,261572383.0,4.04,1.41,0.15,3.14
2019-09-04,600765,10.69,11.15,11.25,10.59,320491,349938576.0,6.11,3.24,0.35,4.12
2019-09-05,600765,11.15,10.96,11.39,10.92,261298,290624000.0,4.22,-1.7,-0.19,3.36
2019-09-06,600765,11.0,11.05,11.19,10.88,159735,176322862.0,2.83,0.82,0.09,2.05
2019-09-09,600765,11.15,11.36,11.4,10.98,205588,229910006.0,3.8,2.81,0.31,2.64
2019-09-10,600765,11.3,11.01,11.53,10.8,252425,280119056.0,6.43,-3.08,-0.35,3.24
2019-09-11,600765,11.05,11.12,11.24,10.95,174483,193797698.0,2.63,1.0,0.11,2.24
2019-09-12,600765,11.14,11.0,11.16,10.96,106261,117370803.0,1.8,-1.08,-0.12,1.37
2019-09-16,600765,11.14,11.41,11.61,11.09,223415,253790131.0,4.73,3.73,0.41,2.87
2019-09-17,600765,11.33,10.8,11.36,10.65,187509,205018964.0,6.22,-5.35,-0.61,2.41
2019-09-18,600765,10.89,10.83,10.98,10.71,117478,127588850.0,2.5,0.28,0.03,1.51
2019-09-19,600765,10.81,10.93,10.98,10.72,89881,97740307.0,2.4,0.92,0.1,1.16
2019-09-20,600765,10.97,10.88,10.99,10.58,116031,125242653.0,3.75,-0.46,-0.05,1.49
2019-09-23,600765,10.84,10.69,10.91,10.52,108850,116304796.0,3.58,-1.75,-0.19,1.4
2019-09-24,600765,10.68,10.8,11.02,10.63,116736,126210022.0,3.65,1.03,0.11,1.5
2019-09-25,600765,10.67,10.44,10.81,10.42,102128,108270565.0,3.61,-3.33,-0.36,1.31
2019-09-26,600765,10.62,10.34,10.86,10.31,125672,132554314.0,5.27,-0.96,-0.1,1.62
2019-09-27,600765,10.35,10.34,10.46,10.3,94506,97915817.0,1.55,0.0,0.0,1.21
2019-09-30,600765,10.3,10.33,10.44,10.19,71219,73491098.0,2.42,-0.1,-0.01,0.92
2019-10-08,600765,10.41,10.18,10.46,10.11,86765,89264853.0,3.39,-1.45,-0.15,1.12
2019-10-09,600765,10.23,10.52,10.57,10.16,107552,112187525.0,4.03,3.34,0.34,1.38
2019-10-10,600765,10.5,10.49,10.59,10.37,87956,92084137.0,2.09,-0.29,-0.03,1.13
2019-10-11,600765,10.53,10.56,10.73,10.47,101083,106989841.0,2.48,0.67,0.07,1.3
2019-10-14,600765,10.7,10.63,10.75,10.56,114916,122023700.0,1.8,0.66,0.07,1.48
2019-10-15,600765,10.55,10.3,10.58,10.25,84154,87023583.0,3.1,-3.1,-0.33,1.08
2019-10-16,600765,10.34,10.86,11.0,10.33,244509,263392558.0,6.5,5.44,0.56,3.14
2019-10-17,600765,10.75,10.4,10.85,10.35,192918,204699222.0,4.6,-4.24,-0.46,2.48
2019-10-18,600765,10.32,10.81,11.23,10.3,296295,323581936.0,8.94,3.94,0.41,3.81
2019-10-21,600765,10.86,10.72,10.96,10.63,140870,151409674.0,3.05,-0.83,-0.09,1.81
2019-10-22,600765,10.77,10.44,10.84,10.25,193145,202400934.0,5.5,-2.61,-0.28,2.48
2019-10-23,600765,10.4,10.32,10.55,10.26,81874,84937807.0,2.78,-1.15,-0.12,1.05
2019-10-24,600765,10.32,10.38,10.47,10.15,71907,74349859.0,3.1,0.58,0.06,0.92
2019-10-25,600765,10.33,10.41,10.46,10.28,74744,77593076.0,1.73,0.29,0.03,0.96
2019-10-28,600765,10.4,10.67,10.68,10.38,96733,101909837.0,2.88,2.5,0.26,1.24
2019-10-29,600765,10.64,10.7,10.88,10.6,122847,131899184.0,2.62,0.28,0.03,1.58
2019-10-30,600765,9.63,9.63,9.88,9.63,219003,211744545.0,2.34,-10.0,-1.07,2.81
2019-10-31,600765,9.52,9.08,9.56,8.97,192662,176814435.0,6.13,-5.71,-0.55,2.48
2019-11-01,600765,9.04,9.01,9.25,8.98,125850,114280144.0,2.97,-0.77,-0.07,1.62
2019-11-04,600765,9.03,8.8,9.09,8.78,157045,139632685.0,3.44,-2.33,-0.21,2.02
2019-11-05,600765,8.85,8.82,8.92,8.75,84142,74350436.0,1.93,0.23,0.02,1.08
2019-11-06,600765,8.91,9.01,9.19,8.87,131452,118940827.0,3.63,2.15,0.19,1.69
2019-11-07,600765,9.02,8.88,9.03,8.86,64218,57349164.0,1.89,-1.44,-0.13,0.83
2019-11-08,600765,8.94,8.79,8.96,8.75,70372,62278336.0,2.36,-1.01,-0.09,0.9
2019-11-11,600765,8.8,8.63,8.8,8.56,68060,58723646.0,2.73,-1.82,-0.16,0.87
2019-11-12,600765,8.6,8.68,8.71,8.53,50584,43622701.0,2.09,0.58,0.05,0.65
2019-11-13,600765,8.67,8.59,8.67,8.55,33294,28650676.0,1.38,-1.04,-0.09,0.43
2019-11-14,600765,8.59,8.58,8.64,8.55,28008,24076781.0,1.05,-0.12,-0.01,0.36
2019-11-15,600765,8.58,8.42,8.61,8.42,41083,34852692.0,2.21,-1.86,-0.16,0.53
2019-11-18,600765,8.42,8.64,8.66,8.39,50650,43379043.0,3.21,2.61,0.22,0.65
2019-11-19,600765,8.64,8.89,8.93,8.63,83794,73751031.0,3.47,2.89,0.25,1.08
2019-11-20,600765,8.87,8.88,8.92,8.81,52054,46195961.0,1.24,-0.11,-0.01,0.67
2019-11-21,600765,8.84,8.93,9.01,8.83,51717,46158054.0,2.03,0.56,0.05,0.66
2019-11-22,600765,8.88,8.93,9.03,8.83,56359,50272531.0,2.24,0.0,0.0,0.72
2019-11-25,600765,9.0,8.83,9.0,8.75,69631,61598021.0,2.8,-1.12,-0.1,0.89
2019-11-26,600765,8.88,8.88,8.93,8.8,37093,32873488.0,1.47,0.57,0.05,0.48
2019-11-27,600765,8.83,8.88,8.92,8.76,39891,35323668.0,1.8,0.0,0.0,0.51
2019-11-28,600765,8.9,8.95,8.95,8.81,34961,31037980.0,1.58,0.79,0.07,0.45
2019-11-29,600765,8.99,8.99,9.02,8.83,68835,61208566.0,2.12,0.45,0.04,0.88
2019-12-02,600765,8.9,9.39,9.45,8.9,149736,139305496.0,6.12,4.45,0.4,1.92
2019-12-03,600765,9.3,9.44,9.44,9.28,82857,77513025.0,1.7,0.53,0.05,1.06
2019-12-04,600765,9.39,9.45,9.5,9.34,46542,43732752.0,1.69,0.11,0.01,0.6
2019-12-05,600765,9.45,9.46,9.51,9.4,53797,50849475.0,1.16,0.11,0.01,0.69
2019-12-06,600765,9.48,9.4,9.48,9.36,57499,54170754.0,1.27,-0.63,-0.06,0.74
2019-12-09,600765,9.53,9.4,9.55,9.39,47397,44739089.0,1.7,0.0,0.0,0.61
2019-12-10,600765,9.49,9.57,9.62,9.3,91771,86885438.0,3.4,1.81,0.17,1.18
2019-12-11,600765,9.55,9.69,9.73,9.53,79608,76859849.0,2.09,1.25,0.12,1.02
2019-12-12,600765,9.74,9.6,9.74,9.58,58253,56110608.0,1.65,-0.93,-0.09,0.75
2019-12-13,600765,9.66,9.83,9.88,9.63,87678,85335341.0,2.6,2.4,0.23,1.13
2019-12-16,600765,9.88,9.98,10.05,9.73,116088,115203422.0,3.26,1.53,0.15,1.49
2019-12-17,600765,9.95,10.35,10.38,9.88,141267,143839217.0,5.01,3.71,0.37,1.82
2019-12-18,600765,10.35,10.36,10.42,10.21,85923,88589300.0,2.03,0.1,0.01,1.1
2019-12-19,600765,10.34,10.29,10.41,10.19,61304,62986003.0,2.12,-0.68,-0.07,0.79
2019-12-20,600765,10.03,10.03,10.3,9.91,114687,115560590.0,3.79,-2.53,-0.26,1.47
2019-12-23,600765,10.04,9.77,10.09,9.72,109119,107753694.0,3.69,-2.59,-0.26,1.4
2019-12-24,600765,9.8,9.88,9.94,9.7,39265,38708955.0,2.46,1.13,0.11,0.5
2019-12-25,600765,9.88,9.92,9.98,9.81,51209,50565696.0,1.72,0.4,0.04,0.66
2019-12-26,600765,9.88,9.9,9.94,9.71,61535,60750216.0,2.32,-0.2,-0.02,0.79
2019-12-27,600765,9.93,9.88,10.08,9.83,74702,74391299.0,2.53,-0.2,-0.02,0.96
2019-12-30,600765,9.83,9.88,9.96,9.63,61915,60881115.0,3.34,0.0,0.0,0.8
2019-12-31,600765,9.93,10.23,10.23,9.86,111974,112842122.0,3.74,3.54,0.35,1.44
2020-01-02,600765,10.24,10.33,10.33,10.12,125191,128036085.0,2.05,0.98,0.1,1.61
2020-01-03,600765,10.08,10.47,10.53,10.08,156081,162364710.0,4.36,1.36,0.14,2.01
2020-01-06,600765,10.53,10.49,10.75,10.38,134902,142404657.0,3.53,0.19,0.02,1.73
2020-01-07,600765,10.46,10.46,10.57,10.4,70602,73969592.0,1.62,-0.29,-0.03,0.91
2020-01-08,600765,10.53,10.5,10.65,10.35,118454,124003840.0,2.87,0.38,0.04,1.52
2020-01-09,600765,10.49,10.54,10.55,10.33,89921,93855147.0,2.1,0.38,0.04,1.16
2020-01-10,600765,10.45,10.29,10.53,10.24,68714,71156449.0,2.75,-2.37,-0.25,0.88
2020-01-13,600765,10.34,10.84,10.86,10.23,166831,177155686.0,6.12,5.34,0.55,2.14
2020-01-14,600765,10.85,10.35,10.85,10.28,185503,194434895.0,5.26,-4.52,-0.49,2.38
2020-01-15,600765,10.24,10.03,10.3,9.93,120067,120885765.0,3.57,-3.09,-0.32,1.54
2020-01-16,600765,10.08,10.05,10.16,9.95,67408,67807456.0,2.09,0.2,0.02,0.87
2020-01-17,600765,10.06,9.99,10.13,9.9,75130,75092843.0,2.29,-0.6,-0.06,0.97
2020-01-20,600765,9.8,10.08,10.15,9.8,63425,63664160.0,3.5,0.9,0.09,0.82
2020-01-21,600765,10.08,9.97,10.08,9.93,48573,48496511.0,1.49,-1.09,-0.11,0.62
2020-01-22,600765,9.91,9.91,9.96,9.68,77465,76051186.0,2.81,-0.6,-0.06,1.0
2020-01-23,600765,9.81,9.56,9.91,9.41,85432,82376817.0,5.05,-3.53,-0.35,1.1
2020-02-03,600765,8.6,8.6,8.6,8.6,29032,24967520.0,0.0,-10.04,-0.96,0.37
2020-02-04,600765,7.99,8.45,8.56,7.99,115076,96791566.0,6.63,-1.74,-0.15,1.48
2020-02-05,600765,8.58,8.7,8.8,8.48,109329,94983444.0,3.79,2.96,0.25,1.41
2020-02-06,600765,8.75,8.94,9.01,8.6,97052,85893095.0,4.71,2.76,0.24,1.25
2020-02-07,600765,8.97,8.93,9.01,8.78,120231,106803922.0,2.57,-0.11,-0.01,1.55
2020-02-10,600765,8.88,9.02,9.08,8.85,83415,75057365.0,2.58,1.01,0.09,1.07
2020-02-11,600765,8.97,9.0,9.08,8.92,66481,59876888.0,1.77,-0.22,-0.02,0.85
2020-02-12,600765,8.95,9.05,9.07,8.92,60854,54800390.0,1.67,0.56,0.05,0.78
2020-02-13,600765,9.05,8.88,9.08,8.86,64506,57709208.0,2.43,-1.88,-0.17,0.83
2020-02-14,600765,8.8,8.8,8.94,8.73,72648,64213927.0,2.36,-0.9,-0.08,0.93
2020-02-17,600765,8.92,9.68,9.68,8.9,225708,212342428.0,8.86,10.0,0.88,2.9
2020-02-18,600765,9.96,10.22,10.5,9.88,522114,535735840.0,6.4,5.58,0.54,6.71
2020-02-19,600765,10.01,10.09,10.35,10.0,313044,318465712.0,3.42,-1.27,-0.13,4.02
2020-02-20,600765,9.93,10.08,10.15,9.81,174003,174086169.0,3.37,-0.1,-0.01,2.24
2020-02-21,600765,10.05,10.34,10.44,10.01,268331,276401040.0,4.27,2.58,0.26,3.45
2020-02-24,600765,10.35,10.29,10.53,10.21,183536,189389690.0,3.09,-0.48,-0.05,2.36
2020-02-25,600765,10.01,10.18,10.26,9.73,179894,180604929.0,5.15,-1.07,-0.11,2.31
2020-02-26,600765,10.03,10.13,10.43,10.01,215267,220759180.0,4.13,-0.49,-0.05,2.77
2020-02-27,600765,10.18,10.42,10.85,9.92,310658,322087360.0,9.18,2.86,0.29,3.99
2020-02-28,600765,10.02,9.49,10.18,9.47,246020,241941375.0,6.81,-8.93,-0.93,3.16
2020-03-02,600765,9.69,10.01,10.12,9.56,176172,173769032.0,5.9,5.48,0.52,2.26
2020-03-03,600765,10.12,10.39,10.61,10.11,265482,275261904.0,5.0,3.8,0.38,3.41
2020-03-04,600765,10.3,10.42,10.65,10.21,169621,176601083.0,4.23,0.29,0.03,2.18
2020-03-05,600765,10.55,10.62,10.78,10.43,230530,244676521.0,3.36,1.92,0.2,2.96
2020-03-06,600765,10.52,10.5,10.62,10.34,129390,135791574.0,2.64,-1.13,-0.12,1.66
2020-03-09,600765,10.26,9.98,10.35,9.9,191033,192354668.0,4.29,-4.95,-0.52,2.46
2020-03-10,600765,9.73,10.22,10.24,9.73,144736,145873511.0,5.11,2.4,0.24,1.86
2020-03-11,600765,10.24,10.26,10.62,10.18,188536,196521002.0,4.31,0.39,0.04,2.42
2020-03-12,600765,10.09,10.06,10.31,9.94,124210,125250391.0,3.61,-1.95,-0.2,1.6
2020-03-13,600765,9.52,9.99,10.12,9.52,151975,148762669.0,5.96,-0.7,-0.07,1.95
2020-03-16,600765,10.1,9.36,10.13,9.28,149853,145549457.0,8.51,-6.31,-0.63,1.93
2020-03-17,600765,9.3,9.3,9.5,9.01,116631,108406089.0,5.24,-0.64,-0.06,1.5
2020-03-18,600765,9.36,8.99,9.44,8.99,108274,100195156.0,4.84,-3.33,-0.31,1.39
2020-03-19,600765,9.0,9.08,9.17,8.9,107504,97239446.0,3.0,1.0,0.09,1.38
2020-03-20,600765,9.14,9.09,9.2,8.92,70834,64135752.0,3.08,0.11,0.01,0.91
2020-03-23,600765,8.86,8.78,8.89,8.65,91193,79885785.0,2.64,-3.41,-0.31,1.17
2020-03-24,600765,8.88,8.82,9.01,8.65,89368,78887472.0,4.1,0.46,0.04,1.15
2020-03-25,600765,9.0,8.92,9.07,8.83,80111,71606007.0,2.72,1.13,0.1,1.03
2020-03-26,600765,8.85,8.72,8.86,8.65,71918,62976839.0,2.35,-2.24,-0.2,0.92
2020-03-27,600765,8.81,8.72,8.85,8.7,52138,45682255.0,1.72,0.0,0.0,0.67
2020-03-30,600765,8.61,8.83,8.85,8.4,116784,100645719.0,5.16,1.26,0.11,1.5
2020-03-31,600765,8.89,8.85,8.89,8.66,93605,82348538.0,2.6,0.23,0.02,1.2
2020-04-01,600765,8.72,8.71,8.83,8.59,89183,77518937.0,2.71,-1.58,-0.14,1.15
2020-04-02,600765,8.6,8.86,8.87,8.57,83010,72488364.0,3.44,1.72,0.15,1.07
2020-04-03,600765,8.79,8.76,8.89,8.65,60257,52666934.0,2.71,-1.13,-0.1,0.77
2020-04-07,600765,8.87,8.96,9.1,8.85,88669,79513050.0,2.85,2.28,0.2,1.14
2020-04-08,600765,8.94,9.17,9.25,8.88,112140,102032078.0,4.13,2.34,0.21,1.44
2020-04-09,600765,9.24,9.15,9.33,9.12,73577,67800314.0,2.29,-0.22,-0.02,0.95
2020-04-10,600765,9.19,9.13,9.2,8.98,89967,81760472.0,2.4,-0.22,-0.02,1.16
2020-04-13,600765,9.05,8.96,9.09,8.92,67364,60490143.0,1.86,-1.86,-0.17,0.87
2020-04-14,600765,8.99,9.07,9.08,8.92,60609,54475259.0,1.79,1.23,0.11,0.78
2020-04-15,600765,9.05,8.84,9.07,8.83,68054,60915802.0,2.65,-2.54,-0.23,0.87
2020-04-16,600765,8.83,8.91,8.97,8.76,70202,62305702.0,2.38,0.79,0.07,0.9
2020-04-17,600765,8.94,8.9,9.09,8.8,95394,85269720.0,3.25,-0.11,-0.01,1.23
2020-04-20,600765,8.92,8.87,8.95,8.76,80944,71658113.0,2.13,-0.34,-0.03,1.04
2020-04-21,600765,8.81,8.84,8.91,8.78,64032,56620190.0,1.47,-0.34,-0.03,0.82
2020-04-22,600765,8.8,8.9,8.91,8.69,64611,56884208.0,2.49,0.68,0.06,0.83
2020-04-23,600765,8.88,9.11,9.12,8.85,137081,123818607.0,3.03,2.36,0.21,1.76
2020-04-24,600765,9.04,8.98,9.12,8.83,91462,82032154.0,3.18,-1.43,-0.13,1.18
2020-04-27,600765,8.93,8.78,9.07,8.78,74150,66318416.0,3.23,-2.23,-0.2,0.95
2020-04-28,600765,8.78,8.59,8.84,8.38,77588,66544830.0,5.24,-2.16,-0.19,1.0
2020-04-29,600765,8.57,8.59,8.66,8.48,62960,53916670.0,2.1,0.0,0.0,0.81
2020-04-30,600765,8.71,9.45,9.45,8.71,266235,245315129.0,8.61,10.01,0.86,3.42
2020-05-06,600765,9.36,9.58,9.75,9.3,207660,197664000.0,4.76,1.38,0.13,2.67
2020-05-07,600765,9.49,9.53,9.65,9.43,131065,125157890.0,2.3,-0.52,-0.05,1.68
2020-05-08,600765,9.59,9.52,9.71,9.51,86902,83243663.0,2.1,-0.1,-0.01,1.12
2020-05-11,600765,9.58,9.63,9.79,9.5,130477,125653171.0,3.05,1.16,0.11,1.68
2020-05-12,600765,9.6,9.63,9.88,9.51,119282,115308910.0,3.84,0.0,0.0,1.53
2020-05-13,600765,9.62,9.59,9.68,9.53,89152,85591059.0,1.56,-0.42,-0.04,1.15
2020-05-14,600765,9.55,9.71,9.82,9.41,176565,170620384.0,4.28,1.25,0.12,2.27
2020-05-15,600765,9.7,9.69,9.84,9.61,119211,115767209.0,2.37,-0.21,-0.02,1.53
2020-05-18,600765,9.7,10.04,10.15,9.64,211644,210962160.0,5.26,3.61,0.35,2.72
2020-05-19,600765,9.99,9.93,10.02,9.84,125411,124422055.0,1.79,-1.1,-0.11,1.61
2020-05-20,600765,9.92,9.61,9.93,9.59,161273,156920686.0,3.42,-3.22,-0.32,2.07
2020-05-21,600765,9.65,9.48,9.7,9.44,81544,77899524.0,2.71,-1.35,-0.13,1.05
2020-05-22,600765,9.48,9.67,9.73,9.4,108562,103803744.0,3.48,2.0,0.19,1.4
2020-05-25,600765,9.64,9.65,9.76,9.37,85572,81782001.0,4.03,-0.21,-0.02,1.1
2020-05-26,600765,9.67,9.69,9.7,9.53,79869,76825094.0,1.76,0.41,0.04,1.03
2020-05-27,600765,9.66,9.53,9.67,9.43,74223,70811754.0,2.48,-1.65,-0.16,0.95
2020-05-28,600765,9.57,9.46,9.61,9.33,67625,63969855.0,2.94,-0.73,-0.07,0.87
2020-05-29,600765,9.45,9.52,9.56,9.39,53447,50792855.0,1.8,0.63,0.06,0.69
2020-06-01,600765,9.52,9.71,9.75,9.52,91268,88280221.0,2.42,2.0,0.19,1.17
2020-06-02,600765,9.72,9.74,9.9,9.69,118373,116016762.0,2.16,0.31,0.03,1.52
2020-06-03,600765,9.76,9.6,9.79,9.57,108622,104933438.0,2.26,-1.44,-0.14,1.4
2020-06-04,600765,9.6,9.47,9.62,9.39,87460,82761219.0,2.4,-1.35,-0.13,1.12
2020-06-05,600765,9.41,9.38,9.48,9.31,60070,56296068.0,1.8,-0.95,-0.09,0.77
2020-06-08,600765,9.4,9.41,9.59,9.4,79440,75341483.0,2.03,0.32,0.03,1.02
2020-06-09,600765,9.42,9.51,9.51,9.31,65483,61637041.0,2.13,1.06,0.1,0.84
2020-06-10,600765,9.49,9.78,9.88,9.43,167768,162882378.0,4.73,2.84,0.27,2.16
2020-06-11,600765,9.73,9.76,9.83,9.6,93405,90876638.0,2.35,-0.2,-0.02,1.2
2020-06-12,600765,9.63,9.9,9.93,9.59,128439,125842834.0,3.48,1.43,0.14,1.65
2020-06-15,600765,9.83,9.75,9.94,9.69,126498,124070480.0,2.53,-1.52,-0.15,1.63
2020-06-16,600765,9.81,9.86,9.91,9.75,91884,90161671.0,1.64,1.13,0.11,1.18
2020-06-17,600765,9.92,10.09,10.09,9.87,157091,157080364.0,2.23,2.33,0.23,2.02
2020-06-18,600765,9.98,9.82,10.0,9.74,125425,123263775.0,2.58,-2.68,-0.27,1.61
2020-06-19,600765,9.79,9.87,9.88,9.75,76703,75383829.0,1.32,0.51,0.05,0.99
2020-06-22,600765,9.87,10.15,10.18,9.82,168600,169093906.0,3.65,2.84,0.28,2.17
2020-06-23,600765,10.1,9.98,10.1,9.92,124603,124559793.0,1.77,-1.67,-0.17,1.6
2020-06-24,600765,9.99,9.88,10.0,9.75,79770,78481871.0,2.51,-1.0,-0.1,1.03
2020-06-29,600765,9.85,10.17,10.25,9.76,154233,155717459.0,4.96,2.94,0.29,1.98
2020-06-30,600765,10.18,10.22,10.26,10.07,120907,122934931.0,1.87,0.49,0.05,1.55
2020-07-01,600765,10.26,10.07,10.26,9.94,126718,127299785.0,3.13,-1.47,-0.15,1.63
2020-07-02,600765,10.05,10.25,10.29,9.96,149566,151787101.0,3.28,1.79,0.18,1.92
2020-07-03,600765,10.28,10.27,10.47,10.19,160869,165730133.0,2.73,0.2,0.02,2.07
2020-07-06,600765,10.36,11.07,11.1,10.34,279518,302197936.0,7.4,7.79,0.8,3.59
2020-07-07,600765,11.11,11.02,11.47,10.81,305924,342241536.0,5.96,-0.45,-0.05,3.93
2020-07-08,600765,10.99,12.12,12.12,10.95,422442,493050000.0,10.62,9.98,1.1,5.43
2020-07-09,600765,12.37,12.53,13.16,12.3,463797,585659984.0,7.1,3.38,0.41,5.96
2020-07-10,600765,12.54,12.03,12.74,11.96,339585,416081200.0,6.23,-3.99,-0.5,4.36
2020-07-13,600765,12.0,12.26,12.36,11.91,227869,276878816.0,3.74,1.91,0.23,2.93
2020-07-14,600765,12.25,12.4,12.83,12.11,295499,367605360.0,5.87,1.14,0.14,3.8
2020-07-15,600765,12.4,12.07,12.55,11.95,204384,250294116.0,4.84,-2.66,-0.33,2.63
2020-07-16,600765,12.1,11.73,12.52,11.67,230580,281148944.0,7.04,-2.82,-0.34,2.96
2020-07-17,600765,11.77,12.9,12.9,11.77,481204,610246640.0,9.63,9.97,1.17,6.19
2020-07-20,600765,13.52,14.19,14.19,13.44,214204,297475600.0,5.81,10.0,1.29,2.75
2020-07-21,600765,15.61,13.96,15.61,13.88,1137179,1688074944.0,12.19,-1.62,-0.23,14.62
2020-07-22,600765,13.66,13.7,14.44,13.47,805757,1126771168.0,6.95,-1.86,-0.26,10.36
2020-07-23,600765,13.76,14.28,14.8,13.76,680780,972568000.0,7.59,4.23,0.58,8.75
2020-07-24,600765,14.29,13.52,14.77,13.2,637969,904775168.0,10.99,-5.32,-0.76,8.2
2020-07-27,600765,13.46,13.52,13.72,12.8,333730,443499712.0,6.8,0.0,0.0,4.29
2020-07-28,600765,13.57,13.98,14.06,13.2,351683,483630752.0,6.36,3.4,0.46,4.52
2020-07-29,600765,13.71,13.97,14.07,13.42,281645,388062048.0,4.65,-0.07,-0.01,3.62
2020-07-30,600765,13.9,13.56,14.53,13.47,315154,439357968.0,7.59,-2.93,-0.41,4.05
2020-07-31,600765,13.56,13.36,13.66,13.18,237427,317454528.0,3.54,-1.47,-0.2,3.05
2020-08-03,600765,13.55,14.36,14.5,13.41,419671,594102480.0,8.16,7.49,1.0,5.39
2020-08-04,600765,14.27,13.41,14.27,13.4,407973,557766192.0,6.06,-6.62,-0.95,5.24
2020-08-05,600765,13.28,13.98,14.25,13.25,368035,510912608.0,7.46,4.25,0.57,4.73
2020-08-06,600765,13.93,14.39,14.8,13.93,493812,708872704.0,6.22,2.93,0.41,6.35
2020-08-07,600765,14.3,14.91,15.26,13.83,639669,937510752.0,9.94,3.61,0.52,8.22
2020-08-10,600765,14.97,14.35,15.58,14.35,490588,728297552.0,8.25,-3.76,-0.56,6.31
2020-08-11,600765,14.2,13.98,14.7,13.94,339936,484546032.0,5.3,-2.58,-0.37,4.37
2020-08-12,600765,14.0,13.32,14.1,12.9,299708,399528960.0,8.58,-4.72,-0.66,3.85
2020-08-13,600765,13.39,13.52,13.79,13.21,227058,306902976.0,4.35,1.5,0.2,2.92
2020-08-14,600765,13.37,14.87,14.87,13.31,551268,803955680.0,11.54,9.99,1.35,7.09
2020-08-17,600765,15.42,15.34,15.55,14.72,562076,856259792.0,5.58,3.16,0.47,7.22
2020-08-18,600765,15.33,15.27,15.9,15.1,447793,687602704.0,5.22,-0.46,-0.07,5.76
2020-08-19,600765,15.35,14.59,15.44,14.55,304373,453873680.0,5.83,-4.45,-0.68,3.91
2020-08-20,600765,14.48,14.08,14.75,13.99,209231,299314624.0,5.21,-3.5,-0.51,2.69
2020-08-21,600765,14.08,13.92,14.26,13.76,172194,240883000.0,3.55,-1.14,-0.16,2.21
2020-08-24,600765,13.99,14.14,14.2,13.8,124970,175049373.0,2.87,1.58,0.22,1.61
2020-08-25,600765,14.15,13.43,14.22,13.31,194349,264280547.0,6.44,-5.02,-0.71,2.5
2020-08-26,600765,13.41,12.87,13.53,12.73,228929,298644784.0,5.96,-4.17,-0.56,2.94
2020-08-27,600765,12.84,13.3,13.39,12.51,209466,271919728.0,6.84,3.34,0.43,2.69
2020-08-28,600765,13.18,13.31,13.54,12.98,207841,274689392.0,4.21,0.08,0.01,2.67
2020-08-31,600765,13.43,13.34,13.63,13.26,213719,286852768.0,2.78,0.23,0.03,2.75
2020-09-01,600765,13.49,13.5,13.68,13.3,163480,219876084.0,2.85,1.2,0.16,2.1
2020-09-02,600765,13.51,13.46,13.75,13.34,175852,237931955.0,3.04,-0.3,-0.04,2.26
2020-09-03,600765,13.32,13.11,13.38,13.0,129122,169682730.0,2.82,-2.6,-0.35,1.66
2020-09-04,600765,12.87,13.0,13.17,12.8,131665,170541644.0,2.82,-0.84,-0.11,1.69
2020-09-07,600765,12.95,12.72,13.0,12.64,133340,170535922.0,2.77,-2.15,-0.28,1.71
2020-09-08,600765,12.92,12.83,12.99,12.4,124525,157719645.0,4.64,0.86,0.11,1.6
2020-09-09,600765,12.66,12.81,13.09,12.56,142542,182781558.0,4.13,-0.16,-0.02,1.83
2020-09-10,600765,12.83,12.73,13.27,12.61,145695,189031386.0,5.15,-0.62,-0.08,1.87
2020-09-11,600765,12.65,12.87,12.99,12.54,96794,123458951.0,3.53,1.1,0.14,1.24
2020-09-14,600765,12.97,13.16,13.27,12.91,111845,146238925.0,2.8,2.25,0.29,1.44
2020-09-15,600765,13.11,13.24,13.42,13.04,93078,123467419.0,2.89,0.61,0.08,1.2
2020-09-16,600765,13.16,12.94,13.16,12.89,55106,71482274.0,2.04,-2.27,-0.3,0.71
2020-09-17,600765,12.81,12.89,13.02,12.61,61619,78591141.0,3.17,-0.39,-0.05,0.79
2020-09-18,600765,12.94,13.41,13.42,12.89,123359,163958348.0,4.11,4.03,0.52,1.59
2020-09-21,600765,13.5,14.15,14.33,13.5,238375,336354032.0,6.19,5.52,0.74,3.06
2020-09-22,600765,13.94,13.96,14.15,13.72,120963,168703677.0,3.04,-1.34,-0.19,1.55
2020-09-23,600765,13.92,13.9,14.1,13.74,64050,88722569.0,2.58,-0.43,-0.06,0.82
2020-09-24,600765,13.78,13.88,14.05,13.56,114254,157804267.0,3.53,-0.14,-0.02,1.47
2020-09-25,600765,13.9,13.9,14.14,13.74,76202,106457122.0,2.88,0.14,0.02,0.98
2020-09-28,600765,13.87,13.93,14.32,13.85,100508,141959145.0,3.38,0.22,0.03,1.29
2020-09-29,600765,13.9,14.34,14.63,13.88,155221,222423356.0,5.38,2.94,0.41,2.0
2020-09-30,600765,14.31,13.97,14.31,13.79,137120,191523525.0,3.63,-2.58,-0.37,1.76
2020-10-09,600765,14.09,14.4,14.55,14.02,128758,184493092.0,3.79,3.08,0.43,1.65
2020-10-12,600765,14.34,14.94,15.05,14.26,165042,244037468.0,5.49,3.75,0.54,2.12
2020-10-13,600765,14.94,15.02,15.27,14.68,144544,216280324.0,3.95,0.54,0.08,1.86
2020-10-14,600765,14.97,14.94,15.31,14.76,118231,177143828.0,3.66,-0.53,-0.08,1.52
2020-10-15,600765,14.94,14.69,14.96,14.6,98591,145227150.0,2.41,-1.67,-0.25,1.27
2020-10-16,600765,14.69,14.55,14.85,14.5,76834,112296967.0,2.38,-0.95,-0.14,0.99
2020-10-19,600765,14.64,14.35,14.74,14.23,96704,139831889.0,3.51,-1.37,-0.2,1.24
2020-10-20,600765,14.22,14.37,14.42,14.07,72633,103542965.0,2.44,0.14,0.02,0.93
2020-10-21,600765,14.38,14.01,14.44,13.92,71956,101348898.0,3.62,-2.51,-0.36,0.92
2020-10-22,600765,14.06,13.89,14.06,13.45,85459,117302277.0,4.35,-0.86,-0.12,1.1
2020-10-23,600765,13.79,13.55,14.04,13.51,55712,76728422.0,3.82,-2.45,-0.34,0.72
2020-10-26,600765,13.59,13.82,13.94,13.43,44745,61508179.0,3.76,1.99,0.27,0.58
2020-10-27,600765,13.82,13.91,14.02,13.69,45952,63672206.0,2.39,0.65,0.09,0.59
2020-10-28,600765,13.96,13.88,13.98,13.52,46369,63662429.0,3.31,-0.22,-0.03,0.6
2020-10-29,600765,13.89,15.0,15.27,13.73,322588,482059376.0,11.1,8.07,1.12,4.15
2020-10-30,600765,15.09,14.36,15.45,14.27,232458,346465680.0,7.87,-4.27,-0.64,2.99
2020-11-02,600765,14.68,13.9,14.68,13.59,187384,262312140.0,7.59,-3.2,-0.46,2.41
2020-11-03,600765,14.04,15.06,15.27,13.9,257620,380169184.0,9.86,8.35,1.16,3.31
2020-11-04,600765,15.09,14.99,15.19,14.71,149173,222476439.0,3.19,-0.46,-0.07,1.92
2020-11-05,600765,14.94,14.93,14.99,14.5,140621,207792763.0,3.27,-0.4,-0.06,1.81
2020-11-06,600765,14.9,14.34,14.9,14.25,124922,180681091.0,4.35,-3.95,-0.59,1.61
2020-11-09,600765,14.29,15.26,15.34,14.0,238706,351697216.0,9.34,6.42,0.92,3.07
2020-11-10,600765,15.2,15.2,15.52,14.86,174960,264954753.0,4.33,-0.39,-0.06,2.25
2020-11-11,600765,15.06,14.61,15.28,14.61,138264,205594284.0,4.41,-3.88,-0.59,1.78
2020-11-12,600765,14.65,14.53,14.75,14.35,94966,137627328.0,2.74,-0.55,-0.08,1.22
2020-11-13,600765,14.46,15.98,15.98,14.36,443278,693293776.0,11.15,9.98,1.45,5.7
2020-11-16,600765,16.31,16.85,17.03,16.01,583769,964542432.0,6.38,5.44,0.87,7.5
2020-11-17,600765,16.75,16.41,16.83,15.9,401124,654140640.0,5.52,-2.61,-0.44,5.16
2020-11-18,600765,16.19,17.63,17.98,16.09,507136,865558048.0,11.52,7.43,1.22,6.52
2020-11-19,600765,17.28,18.92,19.3,17.1,548602,994640688.0,12.48,7.32,1.29,7.05
2020-11-20,600765,18.56,18.47,19.25,18.23,405914,755315168.0,5.39,-2.38,-0.45,5.22
2020-11-23,600765,18.2,18.46,18.89,17.94,385486,708534080.0,5.14,-0.05,-0.01,4.95
2020-11-24,600765,18.09,18.12,18.9,18.09,286440,526121344.0,4.39,-1.84,-0.34,3.68
2020-11-25,600765,17.92,17.49,18.29,17.45,297753,528224848.0,4.64,-3.48,-0.63,3.83
2020-11-26,600765,17.55,17.66,18.22,16.99,365296,641064848.0,7.03,0.97,0.17,4.7
2020-11-27,600765,17.42,17.59,18.25,17.01,309656,547179280.0,7.02,-0.4,-0.07,3.98
2020-11-30,600765,17.57,18.38,19.1,17.57,414023,764580896.0,8.7,4.49,0.79,5.32
2020-12-01,600765,18.38,18.46,18.79,18.09,297086,548106784.0,3.81,0.44,0.08,3.82
2020-12-02,600765,18.4,18.33,18.65,17.78,277815,506509216.0,4.71,-0.7,-0.13,3.57
2020-12-03,600765,18.1,18.25,18.72,17.78,279519,509017200.0,5.13,-0.44,-0.08,3.59
2020-12-04,600765,18.26,18.33,18.53,17.79,169139,306741824.0,4.05,0.44,0.08,2.17
2020-12-07,600765,18.3,19.46,19.79,18.08,394006,753067632.0,9.33,6.16,1.13,5.06
2020-12-08,600765,19.19,19.51,19.55,18.96,246905,475191760.0,3.03,0.26,0.05,3.17
2020-12-09,600765,19.51,19.52,20.37,19.27,386217,766237728.0,5.64,0.05,0.01,4.96
2020-12-10,600765,19.61,20.53,20.82,19.3,386410,778302768.0,7.79,5.17,1.01,4.97
2020-12-11,600765,20.22,18.48,20.9,18.48,544561,1069242208.0,11.79,-9.99,-2.05,7.0
2020-12-14,600765,17.63,19.53,19.99,17.58,530463,1007089760.0,13.04,5.68,1.05,6.82
2020-12-15,600765,19.62,19.53,19.72,18.83,302541,584216304.0,4.56,0.0,0.0,3.89
2020-12-16,600765,19.08,18.88,19.46,18.22,336313,634878416.0,6.35,-3.33,-0.65,4.32
2020-12-17,600765,18.95,18.5,19.05,17.68,297800,546656640.0,7.26,-2.01,-0.38,3.83
2020-12-18,600765,18.46,17.93,18.5,17.87,212113,383821344.0,3.41,-3.08,-0.57,2.73
2020-12-21,600765,17.84,19.04,19.48,17.79,422586,800289808.0,9.43,6.19,1.11,4.93
2020-12-22,600765,19.18,19.05,19.9,18.97,306247,590913440.0,4.88,0.05,0.01,3.57
2020-12-23,600765,19.07,20.01,20.1,18.91,401448,785600608.0,6.25,5.04,0.96,4.68
2020-12-24,600765,20.11,20.15,20.71,19.7,453821,918147744.0,5.05,0.7,0.14,5.29
2020-12-25,600765,19.93,20.04,20.12,19.25,259319,511869824.0,4.32,-0.55,-0.11,3.02
2020-12-28,600765,19.9,19.9,20.4,19.17,310012,608881552.0,6.14,-0.7,-0.14,3.62
2020-12-29,600765,20.21,21.01,21.57,19.75,477084,987674336.0,9.15,5.58,1.11,5.56
2020-12-30,600765,20.61,23.11,23.11,20.52,430443,943438768.0,12.33,10.0,2.1,5.02
2020-12-31,600765,23.99,25.0,25.42,23.22,622086,1505248304.0,9.52,8.18,1.89,7.26
2021-01-04,600765,25.0,25.5,25.96,24.26,715439,1810071904.0,6.8,2.0,0.5,8.34
2021-01-05,600765,24.79,25.19,25.6,24.2,561056,1393469232.0,5.49,-1.22,-0.31,6.54
2021-01-06,600765,25.18,25.05,26.0,24.55,534561,1351186448.0,5.76,-0.56,-0.14,6.23
2021-01-07,600765,24.4,24.83,25.65,24.1,545687,1353911056.0,6.19,-0.88,-0.22,6.36
2021-01-08,600765,25.07,24.55,25.37,23.52,426268,1039210416.0,7.45,-1.13,-0.28,4.97
2021-01-11,600765,24.7,24.1,25.52,23.89,418467,1031816512.0,6.64,-1.83,-0.45,4.88
2021-01-12,600765,23.9,24.49,25.0,23.6,456905,1113989824.0,5.81,1.62,0.39,5.33
2021-01-13,600765,24.45,22.86,24.5,22.6,509863,1186333232.0,7.76,-6.66,-1.63,5.95
2021-01-14,600765,22.82,21.0,22.82,20.99,439165,951757360.0,8.01,-8.14,-1.86,5.12
2021-01-15,600765,21.31,21.19,21.88,20.44,309824,657362720.0,6.86,0.9,0.19,3.61
2021-01-18,600765,21.7,21.95,22.47,21.68,361690,797617744.0,3.73,3.59,0.76,4.22
2021-01-19,600765,21.55,21.22,21.77,20.89,265241,563823952.0,4.01,-3.33,-0.73,3.09
2021-01-20,600765,21.04,21.36,21.63,20.57,275490,585389952.0,5.0,0.66,0.14,3.21
2021-01-21,600765,21.22,21.38,21.67,20.88,248524,530357968.0,3.7,0.09,0.02,2.9
2021-01-22,600765,21.45,21.02,21.53,20.74,236025,496954480.0,3.7,-1.68,-0.36,2.75
2021-01-25,600765,21.23,21.29,22.2,21.22,339055,735607792.0,4.66,1.28,0.27,3.95
2021-01-26,600765,20.9,20.07,20.91,19.58,378872,761275968.0,6.25,-5.73,-1.22,4.42
2021-01-27,600765,19.91,20.31,20.44,19.82,146729,296333760.0,3.09,1.2,0.24,1.71
2021-01-28,600765,20.0,20.42,21.04,19.88,197132,406389456.0,5.71,0.54,0.11,2.3
2021-01-29,600765,20.43,19.35,20.8,18.8,250643,493054144.0,9.79,-5.24,-1.07,2.92
2021-02-01,600765,19.78,19.09,19.89,18.8,148047,283715824.0,5.63,-1.34,-0.26,1.73
2021-02-02,600765,19.37,19.6,19.7,18.62,184640,354460016.0,5.66,2.67,0.51,2.15
2021-02-03,600765,19.6,18.94,19.68,18.91,123119,236267475.0,3.93,-3.37,-0.66,1.44
2021-02-04,600765,18.66,18.44,19.15,18.17,123902,229641334.0,5.17,-2.64,-0.5,1.45
2021-02-05,600765,18.67,17.7,18.93,17.66,166414,301678240.0,6.89,-4.01,-0.74,1.94
2021-02-08,600765,17.74,17.55,17.95,17.21,145158,255458375.0,4.18,-0.85,-0.15,1.69
2021-02-09,600765,17.8,18.6,18.82,17.42,214997,394124912.0,7.98,5.98,1.05,2.51
2021-02-10,600765,18.7,18.47,18.7,18.15,110394,202876756.0,2.96,-0.7,-0.13,1.29
2021-02-18,600765,18.62,18.59,19.12,18.41,138746,260103025.0,3.84,0.65,0.12,1.62
2021-02-19,600765,18.69,19.05,19.06,18.6,122402,230724419.0,2.47,2.47,0.46,1.43
2021-02-22,600765,19.05,18.7,19.87,18.68,227470,437122528.0,6.25,-1.84,-0.35,2.65
2021-02-23,600765,18.5,19.97,20.35,18.0,306144,595049952.0,12.57,6.79,1.27,3.57
2021-02-24,600765,20.0,19.31,20.48,19.0,269775,526295744.0,7.41,-3.3,-0.66,3.15
2021-02-25,600765,19.3,19.32,19.75,19.05,215256,416358240.0,3.63,0.05,0.01,2.51
2021-02-26,600765,18.63,18.67,19.18,18.57,140101,263038001.0,3.16,-3.36,-0.65,1.63
2021-03-01,600765,18.75,18.72,18.86,18.25,158559,293882416.0,3.27,0.27,0.05,1.85
2021-03-02,600765,18.86,19.51,19.8,18.55,241143,461261776.0,6.68,4.22,0.79,2.81
2021-03-03,600765,19.2,19.17,19.24,18.65,175201,332103904.0,3.02,-1.74,-0.34,2.04
2021-03-04,600765,19.14,18.73,19.35,18.63,159542,300878528.0,3.76,-2.3,-0.44,1.86
2021-03-05,600765,18.35,18.03,18.5,17.85,140798,254914323.0,3.47,-3.74,-0.7,1.64
2021-03-08,600765,17.94,16.23,18.09,16.23,330637,557673536.0,10.32,-9.98,-1.8,3.86
2021-03-09,600765,16.1,15.75,16.19,15.1,260705,408008944.0,6.72,-2.96,-0.48,3.04
2021-03-10,600765,16.15,15.81,16.2,15.45,122874,193672524.0,4.76,0.38,0.06,1.43
2021-03-11,600765,15.93,16.05,16.25,15.7,126570,202439157.0,3.48,1.52,0.24,1.48
2021-03-12,600765,15.57,16.09,16.31,15.57,152695,243609117.0,4.61,0.25,0.04,1.78
2021-03-15,600765,16.5,16.6,17.7,16.46,365307,619050032.0,7.71,3.17,0.51,4.26
2021-03-16,600765,16.62,16.63,16.78,16.35,195273,323394976.0,2.59,0.18,0.03,2.28
2021-03-17,600765,16.53,16.73,16.82,16.37,173399,287698800.0,2.71,0.6,0.1,2.02
2021-03-18,600765,16.69,16.76,17.08,16.6,147028,247331063.0,2.87,0.18,0.03,1.71
2021-03-19,600765,16.5,17.48,17.92,16.43,317391,548406432.0,8.89,4.3,0.72,3.7
2021-03-22,600765,17.48,17.8,17.95,16.92,221482,390468560.0,5.89,1.83,0.32,2.58
2021-03-23,600765,17.7,17.03,17.7,16.91,182765,314932352.0,4.44,-4.33,-0.77,2.13
2021-03-24,600765,17.03,17.12,17.47,16.72,183198,314217968.0,4.4,0.53,0.09,2.14
2021-03-25,600765,16.85,17.15,17.25,16.69,105777,180167074.0,3.27,0.18,0.03,1.23
2021-03-26,600765,17.1,18.15,18.3,17.09,254065,455407840.0,7.06,5.83,1.0,2.96
2021-03-29,600765,18.1,18.62,18.91,18.1,251346,467522112.0,4.46,2.59,0.47,2.93
2021-03-30,600765,18.6,18.37,19.54,18.27,344160,651054544.0,6.82,-1.34,-0.25,4.01
2021-03-31,600765,18.49,17.59,18.5,17.45,254848,451715168.0,5.72,-4.25,-0.78,2.97
2021-04-01,600765,17.81,17.91,18.02,17.42,130422,231481367.0,3.41,1.82,0.32,1.52
2021-04-02,600765,17.88,17.78,18.04,17.55,106373,189085506.0,2.74,-0.73,-0.13,1.24
2021-04-06,600765,17.85,17.9,18.29,17.78,117737,212028106.0,2.87,0.67,0.12,1.37
2021-04-07,600765,17.73,17.62,17.84,17.41,100609,177130138.0,2.4,-1.56,-0.28,1.17
2021-04-08,600765,17.54,17.54,18.05,17.41,106746,188819964.0,3.63,-0.45,-0.08,1.24
2021-04-09,600765,17.54,17.51,17.92,17.4,93306,164479393.0,2.96,-0.17,-0.03,1.09
2021-04-12,600765,17.4,16.85,17.51,16.78,135099,230546249.0,4.17,-3.77,-0.66,1.58
2021-04-13,600765,16.75,16.93,17.06,16.75,56240,94965989.0,1.84,0.47,0.08,0.66
2021-04-14,600765,16.91,17.18,17.38,16.83,69777,119542002.0,3.25,1.48,0.25,0.81
2021-04-15,600765,17.17,17.26,17.3,16.94,55917,96001018.0,2.1,0.47,0.08,0.65
2021-04-16,600765,17.31,17.23,17.37,17.08,71697,123412802.0,1.68,-0.17,-0.03,0.84
2021-04-19,600765,17.08,17.49,17.59,16.61,148500,255146827.0,5.69,1.51,0.26,1.73
2021-04-20,600765,17.45,17.52,17.75,17.28,105841,185584668.0,2.69,0.17,0.03,1.23
2021-04-21,600765,17.55,17.38,17.75,17.23,128453,223499911.0,2.97,-0.8,-0.14,1.5
2021-04-22,600765,17.53,18.07,18.27,17.44,241692,434849696.0,4.78,3.97,0.69,2.82
2021-04-23,600765,18.14,18.18,18.38,17.76,160772,290663680.0,3.43,0.61,0.11,1.88
2021-04-26,600765,18.17,18.39,19.0,18.0,227315,424292032.0,5.5,1.16,0.21,2.65
2021-04-27,600765,18.29,18.54,18.77,18.13,143271,265593663.0,3.48,0.82,0.15,1.67
2021-04-28,600765,18.58,18.44,18.65,18.12,113200,208112724.0,2.86,-0.54,-0.1,1.32
2021-04-29,600765,18.4,18.58,18.75,18.36,103271,192114357.0,2.11,0.76,0.14,1.2
2021-04-30,600765,18.5,17.7,18.53,16.72,374800,658420048.0,9.74,-4.74,-0.88,4.37
2021-05-06,600765,17.79,17.72,18.08,17.3,151117,267176247.0,4.41,0.11,0.02,1.76
2021-05-07,600765,17.6,16.93,17.6,16.88,146874,252512654.0,4.06,-4.46,-0.79,1.71
2021-05-10,600765,16.93,16.48,16.98,16.27,119238,196159534.0,4.19,-2.66,-0.45,1.39
2021-05-11,600765,16.39,17.08,17.23,16.34,134953,226184575.0,5.4,3.64,0.6,1.57
2021-05-12,600765,16.89,16.87,16.97,16.67,73866,124042059.0,1.76,-1.23,-0.21,0.86
2021-05-13,600765,16.77,16.79,17.14,16.7,80668,136060164.0,2.61,-0.47,-0.08,0.94
2021-05-14,600765,16.73,18.07,18.22,16.62,271727,478528848.0,9.53,7.62,1.28,3.17
2021-05-17,600765,18.39,18.18,18.64,18.07,199640,365671200.0,3.15,0.61,0.11,2.33
2021-05-18,600765,18.34,18.54,18.91,17.95,184623,343305632.0,5.28,1.98,0.36,2.15
2021-05-19,600765,18.39,18.31,18.68,18.19,135819,249425897.0,2.64,-1.24,-0.23,1.58
2021-05-20,600765,18.36,18.27,18.67,18.15,123242,226181828.0,2.84,-0.22,-0.04,1.44
2021-05-21,600765,18.3,18.24,18.49,17.92,111145,202592689.0,3.12,-0.16,-0.03,1.3
2021-05-24,600765,18.29,18.12,18.45,17.93,135278,246096867.0,2.85,-0.66,-0.12,1.58
2021-05-25,600765,18.15,18.73,18.77,18.06,282512,525332688.0,3.92,3.37,0.61,3.29
2021-05-26,600765,18.86,18.68,19.03,18.4,216420,404410368.0,3.36,-0.27,-0.05,2.52
2021-05-27,600765,18.83,18.66,18.94,18.53,126484,236399488.0,2.19,-0.11,-0.02,1.48
2021-05-28,600765,18.89,19.01,19.01,18.54,198618,373869328.0,2.52,1.88,0.35,2.32
2021-05-31,600765,19.26,19.5,19.79,19.01,298557,579441328.0,4.1,2.58,0.49,3.48
2021-06-01,600765,19.55,19.29,19.97,19.24,273414,534852704.0,3.74,-1.08,-0.21,3.19
2021-06-02,600765,19.29,18.35,19.38,18.27,279136,521846672.0,5.75,-4.87,-0.94,3.26
2021-06-03,600765,18.26,19.51,19.88,18.05,391077,746462128.0,9.97,6.32,1.16,4.56
2021-06-04,600765,19.25,20.7,20.8,18.51,459696,914851568.0,11.74,6.1,1.19,5.36
2021-06-07,600765,20.98,21.88,22.58,20.31,415511,899355984.0,10.97,5.7,1.18,4.85
2021-06-08,600765,21.81,21.75,22.49,21.65,330901,729182496.0,3.84,-0.59,-0.13,3.86
2021-06-09,600765,21.89,21.56,22.3,21.31,189239,410336800.0,4.55,-0.87,-0.19,2.21
2021-06-10,600765,21.88,21.29,21.93,20.97,206631,439241152.0,4.45,-1.25,-0.27,2.41
2021-06-11,600765,21.29,20.9,21.68,20.8,193545,409492656.0,4.13,-1.83,-0.39,2.26
2021-06-15,600765,20.76,21.24,21.65,20.68,206734,438185488.0,4.64,1.63,0.34,2.41
2021-06-16,600765,21.05,20.52,21.74,20.4,213216,450170976.0,6.31,-3.39,-0.72,2.49
2021-06-17,600765,20.88,20.66,21.4,20.35,146837,305169360.0,5.12,0.68,0.14,1.71
2021-06-18,600765,20.8,21.76,21.88,20.27,261709,559329360.0,7.79,5.32,1.1,3.05
2021-06-21,600765,21.9,22.55,23.19,21.9,262501,593207440.0,5.93,3.63,0.79,3.06
2021-06-22,600765,22.88,22.18,23.48,22.06,230602,521622176.0,6.3,-1.64,-0.37,2.69
2021-06-23,600765,22.04,22.21,22.45,21.72,152390,337222224.0,3.29,0.14,0.03,1.78
2021-06-24,600765,22.12,21.48,22.57,21.48,176854,386253328.0,4.91,-3.29,-0.73,2.06
2021-06-25,600765,21.48,21.92,22.25,20.88,188592,409324464.0,6.38,2.05,0.44,2.2
2021-06-28,600765,22.25,22.87,23.08,22.05,236629,537479744.0,4.7,4.33,0.95,2.76
2021-06-29,600765,22.84,21.95,23.42,21.9,217179,488283760.0,6.65,-4.02,-0.92,2.53
2021-06-30,600765,22.01,22.65,22.7,21.99,161553,361247120.0,3.23,3.19,0.7,1.88
2021-07-01,600765,23.15,21.66,23.39,21.57,184962,409663584.0,8.04,-4.37,-0.99,2.16
2021-07-02,600765,21.8,21.4,21.95,20.7,179801,382307056.0,5.77,-1.2,-0.26,2.1
2021-07-05,600765,21.58,21.16,21.9,20.82,145364,310330864.0,5.05,-1.12,-0.24,1.7
2021-07-06,600765,21.16,21.11,21.3,20.53,135408,283237504.0,3.64,-0.24,-0.05,1.58
2021-07-07,600765,20.98,22.61,22.73,20.65,242880,535507136.0,9.85,7.11,1.5,2.83
2021-07-08,600765,22.8,23.29,23.58,22.42,256974,597435712.0,5.13,3.01,0.68,3.0
2021-07-09,600765,23.13,23.04,23.82,22.75,236630,549260144.0,4.59,-1.07,-0.25,2.76
2021-07-12,600765,23.1,23.09,23.99,22.61,191216,447691872.0,5.99,0.22,0.05,2.23
2021-07-13,600765,22.9,23.09,23.3,22.66,122387,281383808.0,2.77,0.0,0.0,1.43
2021-07-14,600765,22.8,22.43,23.0,22.22,110971,250350838.0,3.38,-2.86,-0.66,1.29
2021-07-15,600765,22.32,21.8,22.66,21.35,145349,316742384.0,5.84,-2.81,-0.63,1.7
2021-07-16,600765,21.68,23.4,23.98,21.61,535588,1265130752.0,10.87,7.34,1.6,6.25
2021-07-19,600765,23.17,22.62,23.3,22.33,438485,995533232.0,4.15,-3.33,-0.78,5.11
2021-07-20,600765,22.1,23.73,23.79,22.06,320805,741694864.0,7.65,4.91,1.11,3.74
2021-07-21,600765,23.94,24.98,25.44,23.51,340725,845464096.0,8.13,5.27,1.25,3.97
2021-07-22,600765,24.98,24.88,25.0,24.22,231582,569773872.0,3.12,-0.4,-0.1,2.7
2021-07-23,600765,24.56,25.39,25.68,24.45,312408,780784288.0,4.94,2.05,0.51,3.64
2021-07-26,600765,26.0,26.6,27.55,25.5,514606,1378013136.0,8.07,4.77,1.21,6.0
2021-07-27,600765,26.37,25.65,27.42,25.57,412468,1094456832.0,6.95,-3.57,-0.95,4.81
2021-07-28,600765,25.23,24.81,25.3,23.3,283326,695230288.0,7.8,-3.27,-0.84,3.3
2021-07-29,600765,25.3,27.29,27.29,25.3,359140,963142032.0,8.02,10.0,2.48,4.19
2021-07-30,600765,27.29,27.21,27.56,26.62,270247,732549920.0,3.44,-0.29,-0.08,3.15
2021-08-02,600765,27.0,29.92,29.93,26.8,462922,1356056784.0,11.5,9.96,2.71,5.4
2021-08-03,600765,29.4,29.22,30.79,28.7,379779,1128065056.0,6.99,-2.34,-0.7,4.43
2021-08-04,600765,29.05,30.6,31.45,28.7,364589,1106814512.0,9.41,4.72,1.38,4.25
2021-08-05,600765,30.3,31.2,31.68,30.0,351719,1094961376.0,5.49,1.96,0.6,4.1
2021-08-06,600765,30.92,30.88,31.12,29.87,255371,778234432.0,4.01,-1.03,-0.32,2.98
2021-08-09,600765,30.5,31.01,31.75,29.59,249668,765993776.0,6.99,0.42,0.13,2.91
2021-08-10,600765,31.2,30.89,33.08,30.78,351537,1121353248.0,7.42,-0.39,-0.12,4.1
2021-08-11,600765,30.6,29.38,30.6,29.12,382273,1132598960.0,4.79,-4.89,-1.51,4.46
2021-08-12,600765,29.44,28.19,29.66,27.93,320736,912169712.0,5.89,-4.05,-1.19,3.74
2021-08-13,600765,28.52,28.56,29.29,28.1,251067,720581440.0,4.22,1.31,0.37,2.93
2021-08-16,600765,28.56,28.22,29.58,27.7,233059,665286256.0,6.58,-1.19,-0.34,2.72
2021-08-17,600765,28.09,28.31,28.95,27.85,205893,586891248.0,3.9,0.32,0.09,2.4
2021-08-18,600765,28.16,29.55,30.29,27.91,293795,864528384.0,8.41,4.38,1.24,3.43
2021-08-19,600765,29.11,30.81,31.27,29.01,286476,872376688.0,7.65,4.26,1.26,3.34
2021-08-20,600765,30.42,30.91,31.31,30.09,212175,652791568.0,3.96,0.32,0.1,2.47
2021-08-23,600765,31.32,33.38,33.95,30.5,344965,1121191104.0,11.16,7.99,2.47,4.02
2021-08-24,600765,32.36,32.86,33.18,31.36,263187,850081344.0,5.45,-1.56,-0.52,3.07
2021-08-25,600765,32.86,31.21,32.86,30.36,245900,765724592.0,7.61,-5.02,-1.65,2.87
2021-08-26,600765,30.99,30.96,32.16,30.6,165761,520450320.0,5.0,-0.8,-0.25,1.93
2021-08-27,600765,30.46,30.46,31.17,29.5,160652,485228752.0,5.39,-1.61,-0.5,1.87
2021-08-30,600765,31.68,32.62,33.28,30.94,296220,950270848.0,7.68,7.09,2.16,3.45
2021-08-31,600765,34.21,35.88,35.88,32.5,627413,2213852336.0,10.36,9.99,3.26,7.32
2021-09-01,600765,35.88,36.01,37.64,33.39,546024,1945194880.0,11.85,0.36,0.13,6.37
2021-09-02,600765,36.01,34.1,36.3,33.03,359390,1225208912.0,9.08,-5.3,-1.91,4.19
2021-09-03,600765,33.7,33.41,34.04,31.5,377513,1238960656.0,7.45,-2.02,-0.69,4.4
2021-09-06,600765,33.02,33.95,34.0,31.5,242931,805444336.0,7.48,1.62,0.54,2.83
2021-09-07,600765,33.6,34.35,35.22,33.36,210343,727398800.0,5.48,1.18,0.4,2.45
2021-09-08,600765,34.35,32.5,34.73,32.35,198183,657550736.0,6.93,-5.39,-1.85,2.31
2021-09-09,600765,32.77,35.0,35.33,32.56,296286,1000607296.0,8.52,7.69,2.5,3.46
2021-09-10,600765,34.98,33.99,34.99,33.63,185508,632329168.0,3.89,-2.89,-1.01,2.16
2021-09-13,600765,33.94,33.57,34.08,32.6,161056,534062368.0,4.35,-1.24,-0.42,1.88
2021-09-14,600765,33.2,33.56,34.2,33.2,134414,454103168.0,2.98,-0.03,-0.01,1.57
2021-09-15,600765,33.56,34.12,34.56,32.99,137077,468089120.0,4.68,1.67,0.56,1.6
2021-09-16,600765,33.94,34.73,36.15,33.94,251280,882872544.0,6.48,1.79,0.61,2.93
2021-09-17,600765,34.41,31.26,35.48,31.26,329280,1064405200.0,12.15,-9.99,-3.47,3.84
2021-09-22,600765,30.02,34.08,34.39,29.25,276420,898210032.0,16.44,9.02,2.82,3.22
2021-09-23,600765,34.43,34.13,34.64,31.76,225352,745559632.0,8.45,0.15,0.05,2.63
2021-09-24,600765,33.2,33.4,34.41,32.58,136223,457567648.0,5.36,-2.14,-0.73,1.59
2021-09-27,600765,32.91,31.51,33.9,30.82,153121,488970960.0,9.22,-5.66,-1.89,1.79
2021-09-28,600765,31.68,31.08,32.4,31.05,107564,339717920.0,4.28,-1.36,-0.43,1.25
2021-09-29,600765,31.01,29.16,31.35,29.1,146411,437051712.0,7.24,-6.18,-1.92,1.71
2021-09-30,600765,29.23,30.41,31.14,29.21,125775,383571232.0,6.62,4.29,1.25,1.47
2021-10-08,600765,30.34,30.1,31.05,29.53,99206,299422336.0,5.0,-1.02,-0.31,1.16
2021-10-11,600765,29.95,30.63,31.85,29.88,122032,379204640.0,6.54,1.76,0.53,1.42
2021-10-12,600765,30.03,29.6,30.43,29.0,102425,303767712.0,4.67,-3.36,-1.03,1.19
2021-10-13,600765,29.3,30.2,30.4,28.46,111458,327774432.0,6.55,2.03,0.6,1.3
2021-10-14,600765,29.87,32.72,33.22,29.78,300638,980429504.0,11.39,8.34,2.52,3.51
2021-10-15,600765,32.69,33.51,33.69,32.3,165381,549247984.0,4.25,2.41,0.79,1.93
2021-10-18,600765,33.58,34.46,34.95,33.39,152309,522527984.0,4.66,2.83,0.95,1.78
2021-10-19,600765,34.45,34.0,34.75,33.4,135321,461365280.0,3.92,-1.33,-0.46,1.58
2021-10-20,600765,34.24,36.07,37.0,33.57,236306,848767504.0,10.09,6.09,2.07,2.76
2021-10-21,600765,36.16,35.16,36.4,35.0,156076,554189312.0,3.88,-2.52,-0.91,1.82
2021-10-22,600765,35.3,34.87,35.36,34.4,96414,335911600.0,2.73,-0.82,-0.29,1.12
2021-10-25,600765,36.65,37.77,38.2,35.58,299933,1114383760.0,7.51,8.32,2.9,3.5
2021-10-26,600765,37.77,36.96,39.65,36.6,219982,830577696.0,8.08,-2.14,-0.81,2.57
2021-10-27,600765,37.65,38.3,39.18,37.65,201750,775927840.0,4.14,3.63,1.34,2.35
2021-10-28,600765,38.72,37.54,39.37,37.38,140282,534059776.0,5.2,-1.98,-0.76,1.64
2021-10-29,600765,37.3,37.48,38.45,37.1,121665,458646496.0,3.6,-0.16,-0.06,1.42
2021-11-01,600765,37.72,39.0,39.82,37.72,165476,644218352.0,5.6,4.06,1.52,1.93
2021-11-02,600765,39.45,39.86,40.9,38.73,212523,852229216.0,5.56,2.21,0.86,2.48
2021-11-03,600765,39.19,38.7,40.36,37.8,195396,757311520.0,6.42,-2.91,-1.16,2.28
2021-11-04,600765,38.8,41.86,42.28,38.8,201614,820599664.0,8.99,8.17,3.16,2.35
2021-11-05,600765,41.89,41.88,42.17,40.5,143728,594104976.0,3.99,0.05,0.02,1.68
2021-11-08,600765,41.46,42.28,42.42,40.34,103020,427426224.0,4.97,0.96,0.4,1.2
2021-11-09,600765,42.01,45.1,46.0,41.2,211521,928312656.0,11.35,6.67,2.82,2.47
2021-11-10,600765,45.26,44.83,45.62,43.7,161875,720534336.0,4.26,-0.6,-0.27,1.89
2021-11-11,600765,44.5,45.15,45.68,43.6,114039,509512672.0,4.64,0.71,0.32,1.33
2021-11-12,600765,44.76,45.75,47.02,44.76,165072,757769312.0,5.01,1.33,0.6,1.93
2021-11-15,600765,45.75,45.35,47.38,44.9,148209,680852192.0,5.42,-0.87,-0.4,1.73
2021-11-16,600765,44.78,44.16,47.68,43.18,234348,1056700224.0,9.92,-2.62,-1.19,2.73
2021-11-17,600765,44.08,46.95,47.22,43.81,216488,992697888.0,7.72,6.32,2.79,2.52
2021-11-18,600765,46.14,48.87,49.65,46.0,191248,919889904.0,7.77,4.09,1.92,2.23
2021-11-19,600765,48.88,48.9,49.28,47.98,147323,716236656.0,2.66,0.06,0.03,1.72
2021-11-22,600765,48.84,47.76,48.98,46.3,201564,964435440.0,5.48,-2.33,-1.14,2.35
2021-11-23,600765,47.29,47.2,48.16,46.86,124810,593355712.0,2.72,-1.17,-0.56,1.46
2021-11-24,600765,47.2,45.4,47.97,44.96,201370,921714416.0,6.38,-3.81,-1.8,2.35
2021-11-25,600765,45.38,45.58,46.34,44.59,143087,646713664.0,3.85,0.4,0.18,1.67
2021-11-26,600765,45.65,46.0,46.51,45.48,101570,466786672.0,2.26,0.92,0.42,1.18
2021-11-29,600765,45.91,50.6,50.6,45.45,252965,1236051376.0,11.2,10.0,4.6,2.95
2021-11-30,600765,51.52,50.6,53.99,49.5,239235,1234703712.0,8.87,0.0,0.0,2.79
2021-12-01,600765,50.86,48.81,50.98,47.78,198626,975872096.0,6.32,-3.54,-1.79,2.32
2021-12-02,600765,48.89,48.54,49.35,47.28,157913,762936320.0,4.24,-0.55,-0.27,1.84
2021-12-03,600765,48.87,50.0,50.16,47.9,156314,769707008.0,4.66,3.01,1.46,1.82
2021-12-06,600765,49.66,50.44,52.18,49.01,147751,749240128.0,6.34,0.88,0.44,1.72
2021-12-07,600765,50.0,47.52,50.88,46.99,164390,796720304.0,7.71,-5.79,-2.92,1.92
2021-12-08,600765,47.55,46.72,48.44,46.0,186750,875663744.0,5.13,-1.68,-0.8,2.18
2021-12-09,600765,46.28,46.43,47.15,44.68,182243,838460784.0,5.29,-0.62,-0.29,2.13
2021-12-10,600765,45.9,46.83,47.2,45.58,141451,657548896.0,3.49,0.86,0.4,1.65
2021-12-13,600765,46.89,47.32,47.74,45.12,179930,838833488.0,5.59,1.05,0.49,2.1
2021-12-14,600765,46.89,48.95,49.94,46.32,169879,830421952.0,7.65,3.44,1.63,1.98
2021-12-15,600765,48.5,49.37,50.0,47.58,118758,581643664.0,4.94,0.86,0.42,1.39
2021-12-16,600765,49.3,48.96,50.82,48.52,92599,456629472.0,4.66,-0.83,-0.41,1.08
2021-12-17,600765,48.22,48.52,50.6,48.22,98922,488090240.0,4.86,-0.9,-0.44,1.15
2021-12-20,600765,47.35,48.25,49.78,47.15,122763,596578464.0,5.42,-0.56,-0.27,1.43
2021-12-21,600765,47.82,46.71,48.74,45.39,166872,778760000.0,6.94,-3.19,-1.54,1.95
2021-12-22,600765,46.99,44.63,47.0,43.77,195058,878772032.0,6.92,-4.45,-2.08,2.27
2021-12-23,600765,44.63,45.67,46.0,43.95,167934,760958032.0,4.59,2.33,1.04,1.96
2021-12-24,600765,45.5,45.47,46.8,45.01,98071,451905328.0,3.92,-0.44,-0.2,1.14
2021-12-27,600765,45.73,44.75,45.99,44.39,122647,551842544.0,3.52,-1.58,-0.72,1.29
2021-12-28,600765,44.74,44.91,45.26,43.3,132377,584650128.0,4.38,0.36,0.16,1.39
2021-12-29,600765,44.66,46.05,47.28,44.66,145087,671969264.0,5.83,2.54,1.14,1.52
2021-12-30,600765,46.05,49.81,50.6,45.86,194338,948172688.0,10.29,8.17,3.76,2.04
2021-12-31,600765,49.9,50.49,51.1,49.03,130740,656219248.0,4.16,1.37,0.68,1.37
2022-01-04,600765,50.2,47.04,51.0,46.25,184074,879944272.0,9.41,-6.83,-3.45,1.93
2022-01-05,600765,46.59,44.99,47.61,44.8,210062,964217024.0,5.97,-4.36,-2.05,2.21
2022-01-06,600765,44.98,42.73,45.5,41.53,285750,1228609936.0,8.82,-5.02,-2.26,3.0
2022-01-07,600765,42.72,44.13,45.0,42.72,273249,1213285984.0,5.34,3.28,1.4,2.87
2022-01-10,600765,44.0,44.78,46.26,42.14,174443,781086208.0,9.34,1.47,0.65,1.83
2022-01-11,600765,45.25,45.09,48.26,43.77,269364,1246723056.0,10.03,0.69,0.31,2.83
2022-01-12,600765,45.09,49.6,49.6,44.48,226554,1082016176.0,11.36,10.0,4.51,2.38
2022-01-13,600765,48.5,46.64,49.0,45.7,225420,1057693152.0,6.65,-5.97,-2.96,2.37
2022-01-14,600765,46.02,48.75,49.69,46.02,177498,864478336.0,7.87,4.52,2.11,1.86
2022-01-17,600765,48.75,48.31,49.9,48.18,108934,531666768.0,3.53,-0.9,-0.44,1.14
2022-01-18,600765,48.31,49.2,50.44,48.31,118949,589314928.0,4.41,1.84,0.89,1.25
2022-01-19,600765,49.16,49.0,49.79,47.7,106924,521665696.0,4.25,-0.41,-0.2,1.12
2022-01-20,600765,49.23,47.83,49.23,46.45,181320,861808352.0,5.67,-2.39,-1.17,1.91
2022-01-21,600765,46.86,43.06,47.0,43.05,317157,1371373776.0,8.26,-9.97,-4.77,3.33
2022-01-24,600765,43.75,44.85,45.32,41.78,264247,1148235168.0,8.22,4.16,1.79,2.78
2022-01-25,600765,44.8,44.9,46.15,44.6,159080,719825680.0,3.46,0.11,0.05,1.67
2022-01-26,600765,44.39,43.0,45.68,41.3,241339,1040784928.0,9.76,-4.23,-1.9,2.54
2022-01-27,600765,42.42,41.78,43.96,41.65,137952,588777280.0,5.37,-2.84,-1.22,1.45
2022-01-28,600765,42.54,42.97,44.1,40.74,135673,579415840.0,8.04,2.85,1.19,1.43
2022-02-07,600765,43.65,42.29,44.5,41.67,113175,482256240.0,6.59,-1.58,-0.68,1.19
2022-02-08,600765,42.29,40.65,42.59,39.5,153598,621690832.0,7.31,-3.88,-1.64,1.61
2022-02-09,600765,40.65,42.3,42.7,39.75,155407,640690448.0,7.26,4.06,1.65,1.63
2022-02-10,600765,42.58,41.51,43.6,41.26,99508,418419264.0,5.53,-1.87,-0.79,1.05
2022-02-11,600765,41.18,40.01,41.6,39.74,103177,416749584.0,4.48,-3.61,-1.5,1.08
2022-02-14,600765,40.01,40.28,41.3,39.55,93988,380516368.0,4.37,0.67,0.27,0.99
2022-02-15,600765,40.51,42.69,43.16,39.89,141334,588284848.0,8.12,5.98,2.41,1.48
2022-02-16,600765,42.55,42.78,44.09,42.3,124424,537368432.0,4.19,0.21,0.09,1.31
2022-02-17,600765,42.78,43.09,43.66,41.03,120086,509791648.0,6.15,0.72,0.31,1.26
2022-02-18,600765,42.68,43.17,43.95,42.6,66917,289064448.0,3.13,0.19,0.08,0.7
2022-02-21,600765,43.06,44.0,44.88,42.91,127774,560718256.0,4.56,1.92,0.83,1.34
2022-02-22,600765,44.88,43.6,44.88,42.2,99856,430235040.0,6.09,-0.91,-0.4,1.05
2022-02-23,600765,43.6,45.25,45.85,43.31,160343,722154144.0,5.83,3.78,1.65,1.68
2022-02-24,600765,45.0,45.4,47.47,44.71,193525,882302352.0,6.1,0.33,0.15,2.03
2022-02-25,600765,45.0,46.83,47.0,45.0,124557,576942592.0,4.41,3.15,1.43,1.31
2022-02-28,600765,47.3,48.07,48.95,46.49,163123,782052720.0,5.25,2.65,1.24,1.71
2022-03-01,600765,48.25,49.1,49.76,48.2,155583,764425600.0,3.25,2.14,1.03,1.63
2022-03-02,600765,48.85,48.8,49.45,47.99,97125,474973088.0,2.97,-0.61,-0.3,1.02
2022-03-03,600765,49.14,46.4,49.14,45.78,227448,1059975424.0,6.89,-4.92,-2.4,2.39
2022-03-04,600765,46.44,45.25,46.44,44.82,151138,687892768.0,3.49,-2.48,-1.15,1.59
2022-03-07,600765,45.27,44.25,45.88,43.26,150518,669343472.0,5.79,-2.21,-1.0,1.58
2022-03-08,600765,44.25,39.83,44.67,39.83,282357,1165193216.0,10.94,-9.99,-4.42,2.97
2022-03-09,600765,39.0,40.01,41.07,38.0,319513,1268501984.0,7.71,0.45,0.18,3.36
2022-03-10,600765,41.8,44.01,44.01,41.46,273634,1192876912.0,6.37,10.0,4.0,2.87
2022-03-11,600765,43.15,44.37,44.68,42.58,153203,666658448.0,4.77,0.82,0.36,1.61
2022-03-14,600765,43.67,43.69,45.29,43.59,159256,708704720.0,3.83,-1.53,-0.68,1.67
2022-03-15,600765,43.06,42.38,44.6,41.58,177766,763452464.0,6.91,-3.0,-1.31,1.87
2022-03-16,600765,43.1,45.99,46.25,42.38,238969,1060066000.0,9.13,8.52,3.61,2.51
2022-03-17,600765,45.99,46.7,48.17,45.51,181464,853440416.0,5.78,1.54,0.71,1.91
2022-03-18,600765,46.66,45.51,47.22,44.83,111244,508052432.0,5.12,-2.55,-1.19,1.17
2022-03-21,600765,45.71,45.04,45.99,44.7,116431,528214432.0,2.83,-1.03,-0.47,1.22
2022-03-22,600765,45.33,44.28,45.62,43.88,76426,340570176.0,3.86,-1.69,-0.76,0.8
2022-03-23,600765,44.28,45.7,46.35,43.63,113196,512884160.0,6.14,3.21,1.42,1.19
2022-03-24,600765,45.33,45.95,46.7,44.66,112602,516434128.0,4.46,0.55,0.25,1.18
2022-03-25,600765,45.59,44.33,46.3,43.8,103945,466888096.0,5.44,-3.53,-1.62,1.09
2022-03-28,600765,43.8,42.0,43.8,41.0,150451,634089408.0,6.32,-5.26,-2.33,1.58
2022-03-29,600765,42.7,43.3,44.76,42.65,160402,702373632.0,5.02,3.1,1.3,1.69
2022-03-30,600765,44.1,44.58,44.82,42.79,144851,638149792.0,4.69,2.96,1.28,1.52
2022-03-31,600765,44.58,42.89,44.78,42.21,129773,559047872.0,5.76,-3.79,-1.69,1.36
2022-04-01,600765,42.89,42.5,43.97,42.08,125707,539780208.0,4.41,-0.91,-0.39,1.32
2022-04-06,600765,42.55,40.16,42.71,39.11,244311,981440160.0,8.47,-5.51,-2.34,2.57
2022-04-07,600765,39.94,39.02,40.29,38.76,153978,605468128.0,3.81,-2.84,-1.14,1.62
2022-04-08,600765,39.14,39.47,39.69,37.7,215543,835755664.0,5.1,1.15,0.45,2.26
2022-04-11,600765,39.11,37.22,39.11,37.01,154285,580187808.0,5.32,-5.7,-2.25,1.62
2022-04-12,600765,37.23,36.31,37.5,34.78,217620,780429968.0,7.31,-2.44,-0.91,2.29
2022-04-13,600765,35.9,35.95,36.69,35.5,125476,454100832.0,3.28,-0.99,-0.36,1.32
2022-04-14,600765,36.43,34.8,36.46,34.55,154147,540409696.0,5.31,-3.2,-1.15,1.62
2022-04-15,600765,34.84,34.67,35.18,33.04,199222,677996112.0,6.15,-0.37,-0.13,2.09
2022-04-18,600765,34.18,36.36,37.25,34.12,198965,717289488.0,9.03,4.87,1.69,2.09
2022-04-19,600765,36.38,36.86,37.18,36.02,137435,504139296.0,3.19,1.38,0.5,1.44
2022-04-20,600765,36.4,34.73,37.1,34.42,159212,563431376.0,7.27,-5.78,-2.13,1.67
2022-04-21,600765,34.41,33.43,35.24,33.26,116660,399609056.0,5.7,-3.74,-1.3,1.23
2022-04-22,600765,33.19,32.36,33.75,32.07,136242,447931952.0,5.03,-3.2,-1.07,1.43
2022-04-25,600765,32.36,29.46,32.36,29.37,159240,489253632.0,9.24,-8.96,-2.9,1.67
2022-04-26,600765,29.46,29.64,30.44,27.99,198137,587327024.0,8.32,0.61,0.18,2.08
2022-04-27,600765,29.24,32.6,32.6,28.9,169083,527143728.0,12.48,9.99,2.96,1.78
2022-04-28,600765,32.01,32.69,33.23,31.66,183565,596130752.0,4.82,0.28,0.09,1.93
2022-04-29,600765,32.74,35.96,35.96,32.74,218358,757878576.0,9.85,10.0,3.27,2.29
2022-05-05,600765,36.6,38.03,39.15,36.34,271034,1038443056.0,7.81,5.76,2.07,2.85
2022-05-06,600765,37.3,37.94,39.42,36.53,204621,773433392.0,7.6,-0.24,-0.09,2.15
2022-05-09,600765,37.35,39.7,39.89,37.3,214576,837016560.0,6.83,4.64,1.76,2.25
2022-05-10,600765,38.92,39.95,40.85,38.8,189949,756982928.0,5.16,0.63,0.25,2.0
2022-05-11,600765,39.88,39.46,40.7,39.45,152912,612561344.0,3.13,-1.23,-0.49,1.61
2022-05-12,600765,38.84,40.05,40.88,38.8,130570,520906368.0,5.27,1.5,0.59,1.37
2022-05-13,600765,40.2,40.26,40.5,39.49,81691,327178944.0,2.52,0.52,0.21,0.86
2022-05-16,600765,40.69,40.03,41.41,39.66,124516,503727776.0,4.35,-0.57,-0.23,1.31
2022-05-17,600765,40.13,40.74,41.0,38.75,100239,403643488.0,5.62,1.77,0.71,1.05
2022-05-18,600765,40.7,40.03,40.95,39.54,108228,433825216.0,3.46,-1.74,-0.71,1.14
2022-05-19,600765,28.2,30.08,30.17,28.06,182231,528115872.0,5.27,-24.86,-9.95,1.37
2022-05-20,600765,29.9,28.03,29.9,27.2,552444,1550522272.0,8.98,-6.82,-2.05,4.15
2022-05-23,600765,27.28,27.19,27.85,26.38,401575,1081831968.0,5.24,-3.0,-0.84,3.01
2022-05-24,600765,27.1,26.49,28.1,26.47,306135,836329168.0,5.99,-2.57,-0.7,2.3
2022-05-25,600765,26.48,26.9,27.37,26.4,202960,544481232.0,3.66,1.55,0.41,1.52
2022-05-26,600765,26.85,27.7,29.08,26.61,390193,1087601328.0,9.18,2.97,0.8,2.93
2022-05-27,600765,27.83,27.33,28.15,26.8,333060,907953008.0,4.87,-1.34,-0.37,2.5
2022-05-30,600765,27.42,27.44,27.62,26.89,164701,449311824.0,2.67,0.4,0.11,1.24
2022-05-31,600765,27.11,27.41,27.63,26.5,201192,544080976.0,4.12,-0.11,-0.03,1.51
2022-06-01,600765,27.26,26.65,27.42,26.25,301129,806222736.0,4.27,-2.77,-0.76,2.26
2022-06-02,600765,26.5,27.14,27.32,26.31,278286,751054816.0,3.79,1.84,0.49,2.09
2022-06-06,600765,27.25,27.42,27.89,27.03,308600,847543472.0,3.17,1.03,0.28,2.32
2022-06-07,600765,27.46,26.77,27.66,26.5,306614,822363296.0,4.23,-2.37,-0.65,2.3
2022-06-08,600765,26.69,25.71,26.82,25.5,450400,1170966064.0,4.93,-3.96,-1.06,3.38
2022-06-09,600765,26.0,25.18,26.01,24.89,303123,764658160.0,4.36,-2.06,-0.53,2.27
2022-06-10,600765,24.94,27.04,27.26,24.94,428253,1131237968.0,9.21,7.39,1.86,3.21
2022-06-13,600765,27.1,26.4,27.43,26.05,286806,762187776.0,5.1,-2.37,-0.64,2.15
2022-06-14,600765,25.93,25.71,25.98,25.0,259138,660709360.0,3.71,-2.61,-0.69,1.94
2022-06-15,600765,25.7,25.59,26.28,25.5,242193,628643152.0,3.03,-0.47,-0.12,1.82
2022-06-16,600765,25.6,25.77,26.05,25.4,178912,460252960.0,2.54,0.7,0.18,1.34
2022-06-17,600765,25.5,26.35,26.6,24.4,463625,1181844688.0,8.54,2.25,0.58,3.48
2022-06-20,600765,26.3,28.51,28.73,26.3,634158,1778409104.0,9.22,8.2,2.16,4.76
2022-06-21,600765,28.41,27.5,28.68,27.0,340442,943197904.0,5.89,-3.54,-1.01,2.55
2022-06-22,600765,27.34,26.91,28.21,26.9,223866,615268368.0,4.76,-2.15,-0.59,1.68
2022-06-23,600765,26.76,29.12,29.58,26.4,529527,1504968080.0,11.82,8.21,2.21,3.97
2022-06-24,600765,29.36,30.74,31.8,29.36,487638,1507705728.0,8.38,5.56,1.62,3.66
2022-06-27,600765,30.99,30.72,32.28,30.46,467855,1457298080.0,5.92,-0.07,-0.02,3.51
2022-06-28,600765,30.79,31.84,32.3,30.79,330540,1053163072.0,4.92,3.65,1.12,2.48
2022-06-29,600765,31.6,30.89,32.3,30.7,222826,696904912.0,5.03,-2.98,-0.95,1.67
2022-06-30,600765,30.97,32.18,32.83,30.67,245042,780541840.0,6.99,4.18,1.29,1.84
2022-07-01,600765,32.15,32.5,33.62,32.0,234772,773216096.0,5.03,0.99,0.32,1.76
2022-07-04,600765,32.85,34.1,34.18,32.22,255864,862745456.0,6.03,4.92,1.6,1.92
2022-07-05,600765,34.3,33.5,34.4,32.91,240567,806011680.0,4.37,-1.76,-0.6,1.81
2022-07-06,600765,33.31,33.03,34.1,32.6,247953,823365712.0,4.48,-1.4,-0.47,1.86
2022-07-07,600765,33.11,33.85,34.46,32.98,273715,928582752.0,4.48,2.48,0.82,2.05
2022-07-08,600765,33.71,32.23,34.1,32.13,286770,943024448.0,5.82,-4.79,-1.62,2.15
2022-07-11,600765,33.01,31.89,33.18,30.9,327777,1033598048.0,7.07,-1.05,-0.34,2.46
2022-07-12,600765,31.87,31.54,32.94,31.23,259042,827250392.0,5.36,-1.1,-0.35,1.94
2022-07-13,600765,31.33,31.89,32.14,30.75,171195,540993891.0,4.41,1.11,0.35,1.28
2022-07-14,600765,31.51,33.11,33.47,31.51,288018,950346426.0,6.15,3.83,1.22,2.16
2022-07-15,600765,33.12,32.13,33.84,32.05,207798,685122163.0,5.41,-2.96,-0.98,1.56
2022-07-18,600765,32.18,32.06,32.39,31.27,164217,520838082.0,3.49,-0.22,-0.07,1.23
2022-07-19,600765,31.95,30.71,31.95,30.01,375924,1155341373.0,6.05,-4.21,-1.35,2.82
2022-07-20,600765,30.72,31.89,32.21,30.71,342320,1081002459.0,4.88,3.84,1.18,2.57
2022-07-21,600765,31.83,31.12,31.85,30.88,213216,665613897.0,3.04,-2.41,-0.77,1.6
2022-07-22,600765,31.07,31.53,31.79,30.78,169598,531448898.0,3.25,1.32,0.41,1.27
2022-07-25,600765,31.81,30.65,32.47,30.21,274713,848891523.0,7.17,-2.79,-0.88,2.06
2022-07-26,600765,30.34,31.12,31.67,29.9,233127,724022535.0,5.77,1.53,0.47,1.75
2022-07-27,600765,31.02,31.14,31.72,30.51,178825,554218766.0,3.89,0.06,0.02,1.34
2022-07-28,600765,31.15,32.15,32.29,30.84,259154,824125455.0,4.66,3.24,1.01,1.94
2022-07-29,600765,32.04,31.78,32.1,30.9,257889,809645752.0,3.73,-1.15,-0.37,1.94
2022-08-01,600765,31.99,31.25,32.18,30.92,184338,578520827.0,3.96,-1.67,-0.53,1.38
2022-08-02,600765,31.76,31.38,32.38,31.05,256232,809886454.0,4.26,0.42,0.13,1.92
2022-08-03,600765,31.4,33.03,33.52,30.53,413258,1349721168.0,9.53,5.26,1.65,3.1
2022-08-04,600765,33.04,32.69,33.2,31.88,242285,791134197.0,4.0,-1.03,-0.34,1.82
2022-08-05,600765,32.4,32.33,33.05,31.78,170000,548076687.0,3.88,-1.1,-0.36,1.28
2022-08-08,600765,32.43,33.05,33.3,31.81,220368,722673033.0,4.61,2.23,0.72,1.65
2022-08-09,600765,32.93,33.3,33.45,32.1,245111,804191884.0,4.08,0.76,0.25,1.84
2022-08-10,600765,33.31,34.25,34.77,33.1,302264,1030574732.0,5.02,2.85,0.95,2.27
2022-08-11,600765,34.21,33.16,34.22,32.9,260975,869060730.0,3.85,-3.18,-1.09,1.96
2022-08-12,600765,33.0,32.65,33.29,32.3,183646,599726090.0,2.99,-1.54,-0.51,1.38
2022-08-15,600765,32.36,32.55,32.99,32.3,104156,340826569.0,2.11,-0.31,-0.1,0.78
2022-08-16,600765,32.59,32.42,33.33,32.22,120058,391168524.0,3.41,-0.4,-0.13,0.9
2022-08-17,600765,32.23,32.5,32.62,31.94,155739,501132728.0,2.1,0.25,0.08,1.17
2022-08-18,600765,32.4,32.74,33.0,31.95,155505,506044312.0,3.23,0.74,0.24,1.17
2022-08-19,600765,32.6,31.79,32.6,31.59,140218,448467508.0,3.08,-2.9,-0.95,1.05
2022-08-22,600765,31.3,31.88,32.05,30.82,134286,424237139.0,3.87,0.28,0.09,1.01
2022-08-23,600765,31.81,31.2,31.81,30.63,133189,415805754.0,3.7,-2.13,-0.68,1.0
2022-08-24,600765,31.06,30.0,31.35,29.98,122715,373693619.0,4.39,-3.85,-1.2,0.92
2022-08-25,600765,29.92,30.13,30.63,29.8,110856,334002712.0,2.77,0.43,0.13,0.83
2022-08-26,600765,30.2,29.22,30.6,29.19,116472,345659878.0,4.68,-3.02,-0.91,0.87
2022-08-29,600765,28.72,31.18,31.44,28.66,224352,686364343.0,9.51,6.71,1.96,1.68
2022-08-30,600765,31.02,30.39,31.57,30.34,159467,490942668.0,3.94,-2.53,-0.79,1.19
2022-08-31,600765,30.44,29.45,30.79,28.88,175754,520128368.0,6.28,-3.09,-0.94,1.32
2022-09-01,600765,29.56,29.12,30.2,29.01,92147,272025121.0,4.04,-1.12,-0.33,0.69
2022-09-02,600765,29.12,29.31,29.59,28.56,143350,416353959.0,3.54,0.65,0.19,1.07
2022-09-05,600765,29.2,29.21,29.5,28.37,137105,398305502.0,3.86,-0.34,-0.1,1.03
2022-09-06,600765,29.65,30.67,30.87,29.31,209297,638996260.0,5.34,5.0,1.46,1.57
2022-09-07,600765,30.9,31.9,32.72,30.44,240115,762504658.0,7.43,4.01,1.23,1.8
2022-09-08,600765,32.0,31.66,32.48,31.49,147285,470613659.0,3.1,-0.75,-0.24,1.1
2022-09-09,600765,31.97,31.32,32.28,31.01,146656,461478970.0,4.01,-1.07,-0.34,1.1
2022-09-13,600765,31.33,32.15,32.3,31.17,143160,456942851.0,3.61,2.65,0.83,1.07
2022-09-14,600765,31.84,33.08,33.24,31.7,260680,858008549.0,4.79,2.89,0.93,1.95
2022-09-15,600765,33.06,32.27,33.08,31.66,182507,588944216.0,4.29,-2.45,-0.81,1.37
2022-09-16,600765,32.02,32.22,33.32,32.0,166872,546272325.0,4.09,-0.15,-0.05,1.25
2022-09-19,600765,32.3,32.07,32.95,31.87,116255,374684868.0,3.35,-0.47,-0.15,0.87
2022-09-20,600765,32.06,31.71,32.88,31.64,106991,343048002.0,3.87,-1.12,-0.36,0.8
2022-09-21,600765,31.9,31.45,31.93,30.63,124662,388283019.0,4.1,-0.82,-0.26,0.93
2022-09-22,600765,31.41,32.58,33.3,31.21,195343,637819558.0,6.65,3.59,1.13,1.46
2022-09-23,600765,32.38,32.58,33.66,32.18,131737,432526663.0,4.54,0.0,0.0,0.99
2022-09-26,600765,32.1,31.7,32.52,31.6,131866,421365392.0,2.82,-2.7,-0.88,0.99
2022-09-27,600765,31.92,32.99,33.6,31.72,178646,588735836.0,5.93,4.07,1.29,1.34
2022-09-28,600765,32.9,30.5,33.25,30.3,196860,618102047.0,8.94,-7.55,-2.49,1.47
2022-09-29,600765,30.8,30.94,32.27,30.72,181322,569177366.0,5.08,1.44,0.44,1.36
2022-09-30,600765,31.01,29.96,31.22,29.79,140412,425351141.0,4.62,-3.17,-0.98,1.05
2022-10-10,600765,29.96,29.12,30.1,28.82,108216,316637614.0,4.27,-2.8,-0.84,0.81
2022-10-11,600765,29.08,28.68,29.61,28.36,114630,331914870.0,4.29,-1.51,-0.44,0.86
2022-10-12,600765,28.6,29.82,29.97,27.19,188739,534868795.0,9.69,3.97,1.14,1.41
2022-10-13,600765,29.21,29.33,30.5,29.1,99412,294458603.0,4.69,-1.64,-0.49,0.74
2022-10-14,600765,29.52,29.95,30.07,28.9,137806,408076808.0,3.99,2.11,0.62,1.03
2022-10-17,600765,29.8,30.81,31.44,29.33,254773,781692010.0,7.05,2.87,0.86,1.91
2022-10-18,600765,30.86,30.7,31.33,30.2,142962,439161012.0,3.67,-0.36,-0.11,1.07
2022-10-19,600765,30.61,30.78,31.08,30.32,98478,303162248.0,2.48,0.26,0.08,0.74
2022-10-20,600765,30.38,30.62,31.0,29.9,105139,320973305.0,3.57,-0.52,-0.16,0.79
2022-10-21,600765,30.65,31.6,31.69,30.52,139664,436402200.0,3.82,3.2,0.98,1.05
2022-10-24,600765,32.55,34.76,34.76,32.52,531574,1825438812.0,7.09,10.0,3.16,3.98
2022-10-25,600765,35.0,34.85,35.97,33.6,478219,1664934267.0,6.82,0.26,0.09,3.58
2022-10-26,600765,34.6,36.0,36.13,33.92,341576,1201755924.0,6.34,3.3,1.15,2.56
2022-10-27,600765,35.6,35.32,35.85,34.71,274787,966553155.0,3.17,-1.89,-0.68,2.06
2022-10-28,600765,34.8,34.8,35.9,34.61,174911,613656484.0,3.65,-1.47,-0.52,1.31
2022-10-31,600765,34.13,35.89,36.09,33.84,264551,927184237.0,6.47,3.13,1.09,1.98
2022-11-01,600765,35.32,34.85,35.83,34.28,213630,748160604.0,4.32,-2.9,-1.04,1.6
2022-11-02,600765,34.9,34.5,35.38,33.68,275091,945851787.0,4.88,-1.0,-0.35,2.06
2022-11-03,600765,34.3,34.34,34.96,33.4,231322,791078017.0,4.52,-0.46,-0.16,1.73
2022-11-04,600765,34.2,33.45,34.39,32.91,318805,1065563637.0,4.31,-2.59,-0.89,2.39
2022-11-07,600765,33.6,33.16,34.18,32.78,295601,983934893.0,4.19,-0.87,-0.29,2.21
2022-11-08,600765,33.2,33.38,33.62,32.91,173606,578748561.0,2.14,0.66,0.22,1.3
2022-11-09,600765,33.96,33.01,34.13,33.0,209945,704697868.0,3.39,-1.11,-0.37,1.57
2022-11-10,600765,32.6,31.7,32.6,31.7,169828,544222566.0,2.73,-3.97,-1.31,1.27
2022-11-11,600765,31.52,32.13,32.57,31.5,192627,617915000.0,3.38,1.36,0.43,1.44
2022-11-14,600765,32.0,31.49,32.05,31.05,169260,533356300.0,3.11,-1.99,-0.64,1.27
2022-11-15,600765,31.5,32.62,32.65,31.42,177503,574858640.0,3.91,3.59,1.13,1.33
2022-11-16,600765,32.48,32.64,33.26,32.4,138653,455436642.0,2.64,0.06,0.02,1.04
2022-11-17,600765,32.48,32.34,32.48,31.6,103056,329917001.0,2.7,-0.92,-0.3,0.77
2022-11-18,600765,32.34,32.2,32.43,31.82,84358,271017562.0,1.89,-0.43,-0.14,0.63
2022-11-21,600765,32.08,32.4,32.67,31.96,94821,306863182.0,2.2,0.62,0.2,0.71
2022-11-22,600765,32.11,31.42,32.3,31.38,118620,377284195.0,2.84,-3.02,-0.98,0.89
2022-11-23,600765,31.49,31.83,31.92,31.17,87436,276443936.0,2.39,1.3,0.41,0.65
2022-11-24,600765,31.78,31.49,32.1,31.36,56035,177352653.0,2.32,-1.07,-0.34,0.42
2022-11-25,600765,31.49,31.14,31.5,30.9,82008,255757223.0,1.91,-1.11,-0.35,0.61
2022-11-28,600765,30.5,31.26,31.31,29.9,114009,349231925.0,4.53,0.39,0.12,0.85
2022-11-29,600765,31.2,30.33,31.59,30.05,215984,658089946.0,4.93,-2.98,-0.93,1.62
2022-11-30,600765,30.37,30.02,30.45,29.21,245899,732213194.0,4.09,-1.02,-0.31,1.84
2022-12-01,600765,30.02,30.27,30.53,29.5,196409,590506072.0,3.43,0.83,0.25,1.47
2022-12-02,600765,30.03,29.98,30.56,29.87,127483,383964651.0,2.28,-0.96,-0.29,0.95
2022-12-05,600765,30.0,29.58,30.19,29.47,206632,616466581.0,2.4,-1.33,-0.4,1.55
2022-12-06,600765,29.56,29.34,29.74,29.0,181213,530872433.0,2.5,-0.81,-0.24,1.36
2022-12-07,600765,29.31,29.74,29.82,29.17,121748,360148945.0,2.22,1.36,0.4,0.91
2022-12-08,600765,29.75,29.74,29.95,29.25,99582,295643464.0,2.35,0.0,0.0,0.75
2022-12-09,600765,29.6,29.61,30.0,29.4,104225,309475185.0,2.02,-0.44,-0.13,0.78
2022-12-12,600765,29.31,30.35,30.59,29.14,164392,494931134.0,4.9,2.5,0.74,1.23
2022-12-13,600765,30.3,29.36,30.57,29.36,116205,348149161.0,3.99,-3.26,-0.99,0.87
2022-12-14,600765,29.3,29.76,30.45,29.24,139815,420334894.0,4.12,1.36,0.4,1.05
2022-12-15,600765,29.93,30.47,30.8,29.51,167564,510333775.0,4.33,2.39,0.71,1.25
2022-12-16,600765,30.13,30.76,30.8,30.02,118531,360203474.0,2.56,0.95,0.29,0.89
2022-12-19,600765,30.38,30.61,30.99,30.38,89001,273626732.0,1.98,-0.49,-0.15,0.67
2022-12-20,600765,30.83,30.49,30.95,30.01,76107,231586504.0,3.07,-0.39,-0.12,0.57
2022-12-21,600765,30.42,28.86,30.76,28.66,198639,585479870.0,6.89,-5.35,-1.63,1.38
2022-12-22,600765,28.83,29.4,30.13,28.37,172785,507692811.0,6.1,1.87,0.54,1.2
2022-12-23,600765,29.32,29.35,29.59,28.88,74809,219018501.0,2.41,-0.17,-0.05,0.52
2022-12-26,600765,29.41,30.19,30.22,29.38,96226,287655487.0,2.86,2.86,0.84,0.66
2022-12-27,600765,30.2,30.55,30.85,29.8,116456,354539414.0,3.48,1.19,0.36,0.79
2022-12-28,600765,30.63,30.15,31.0,30.12,115940,354082271.0,2.88,-1.31,-0.4,0.79
2022-12-29,600765,30.3,30.89,31.2,30.01,136586,420661472.0,3.95,2.45,0.74,0.93
2022-12-30,600765,30.85,31.09,31.37,30.65,94747,294341432.0,2.33,0.65,0.2,0.65
2023-01-03,600765,31.02,32.02,32.58,30.82,148016,473795236.0,5.66,2.99,0.93,1.01
2023-01-04,600765,32.02,31.8,32.73,31.36,141679,453520738.0,4.28,-0.69,-0.22,0.97
2023-01-05,600765,31.8,31.94,31.96,31.41,93004,294860081.0,1.73,0.44,0.14,0.63
2023-01-06,600765,31.8,31.2,31.95,30.7,204170,634768593.0,3.91,-2.32,-0.74,1.39
2023-01-09,600765,30.13,29.85,30.57,29.49,344224,1027250632.0,3.46,-4.33,-1.35,2.35
2023-01-10,600765,29.65,29.63,29.95,29.42,168610,499599347.0,1.78,-0.74,-0.22,1.15
2023-01-11,600765,29.95,30.35,31.31,29.95,296930,915445973.0,4.59,2.43,0.72,2.02
2023-01-12,600765,30.8,30.55,31.25,30.46,149420,460100599.0,2.6,0.66,0.2,1.02
2023-01-13,600765,30.51,30.09,30.8,29.8,116118,349581678.0,3.27,-1.51,-0.46,0.79
2023-01-16,600765,30.15,30.14,31.16,30.01,165953,506767610.0,3.82,0.17,0.05,1.13
2023-01-17,600765,30.16,29.81,30.16,29.5,152524,453922081.0,2.19,-1.09,-0.33,1.04
2023-01-18,600765,29.7,29.94,30.21,29.69,91594,274983710.0,1.74,0.44,0.13,0.62
2023-01-19,600765,29.98,30.67,30.88,29.72,141975,430524210.0,3.87,2.44,0.73,0.97
2023-01-20,600765,30.58,30.62,30.98,30.55,74496,229154156.0,1.4,-0.16,-0.05,0.51
2023-01-30,600765,30.95,31.96,32.88,30.62,233871,745523156.0,7.38,4.38,1.34,1.59
2023-01-31,600765,31.87,32.04,32.34,31.55,137737,440010104.0,2.47,0.25,0.08,0.94
2023-02-01,600765,31.91,32.51,32.89,31.7,196320,635823720.0,3.71,1.47,0.47,1.34
2023-02-02,600765,32.9,31.76,33.03,31.58,168285,538418186.0,4.46,-2.31,-0.75,1.15
2023-02-03,600765,31.66,31.88,32.07,31.56,114156,363771686.0,1.61,0.38,0.12,0.78
2023-02-06,600765,32.29,31.93,32.43,31.56,104230,334683916.0,2.73,0.16,0.05,0.71
2023-02-07,600765,32.03,31.35,32.1,31.15,157396,492952392.0,2.98,-1.82,-0.58,1.07
2023-02-08,600765,31.32,30.93,31.4,30.72,135045,418191580.0,2.17,-1.34,-0.42,0.92
2023-02-09,600765,30.81,31.05,31.36,30.73,107716,335220303.0,2.04,0.39,0.12,0.73
2023-02-10,600765,30.9,29.9,30.98,29.67,315411,948095046.0,4.22,-3.7,-1.15,2.15
2023-02-13,600765,29.68,29.9,30.21,29.61,224556,670663800.0,2.01,0.0,0.0,1.53
2023-02-14,600765,29.99,29.15,29.99,28.91,358068,1045598491.0,3.61,-2.51,-0.75,2.44
2023-02-15,600765,29.21,29.04,29.28,28.81,191069,553394963.0,1.61,-0.38,-0.11,1.3
2023-02-16,600765,29.0,29.1,29.12,28.63,165221,478305437.0,1.69,0.21,0.06,1.13
2023-02-17,600765,29.12,28.92,29.14,28.5,165868,477786682.0,2.2,-0.62,-0.18,1.13
2023-02-20,600765,29.0,28.62,29.0,28.33,188764,538226089.0,2.32,-1.04,-0.3,1.29
2023-02-21,600765,28.46,29.13,29.14,28.46,211310,611508319.0,2.38,1.78,0.51,1.44
2023-02-22,600765,29.14,29.55,29.65,29.06,255911,754757059.0,2.03,1.44,0.42,1.75
2023-02-23,600765,29.55,29.15,29.56,29.0,160093,467471692.0,1.9,-1.35,-0.4,1.09
2023-02-24,600765,29.15,29.71,29.87,29.15,375619,1114133081.0,2.47,1.92,0.56,2.56
2023-02-27,600765,29.52,29.59,29.96,29.36,165764,491944466.0,2.02,-0.4,-0.12,1.13
2023-02-28,600765,29.45,29.72,29.79,29.39,136800,405369939.0,1.35,0.44,0.13,0.93
2023-03-01,600765,29.7,29.69,29.82,29.49,113262,336000170.0,1.11,-0.1,-0.03,0.77
2023-03-02,600765,29.6,29.24,29.69,29.17,136480,400399677.0,1.75,-1.52,-0.45,0.93
2023-03-03,600765,29.16,29.6,29.9,28.97,219237,648538299.0,3.18,1.23,0.36,1.49
2023-03-06,600765,29.88,29.58,30.26,29.31,192726,573802223.0,3.21,-0.07,-0.02,1.31
2023-03-07,600765,29.45,29.04,29.48,28.9,128592,374277841.0,1.96,-1.83,-0.54,0.88
2023-03-08,600765,28.84,29.17,29.21,28.79,92946,269991319.0,1.45,0.45,0.13,0.63
2023-03-09,600765,29.1,28.76,29.17,28.59,93324,268844360.0,1.99,-1.41,-0.41,0.64
2023-03-10,600765,28.72,28.37,28.72,28.33,81308,231119498.0,1.36,-1.36,-0.39,0.55
2023-03-13,600765,28.29,27.55,28.3,27.28,177780,490586996.0,3.6,-2.89,-0.82,1.21
2023-03-14,600765,27.47,27.23,27.72,26.65,129952,353315548.0,3.88,-1.16,-0.32,0.89
2023-03-15,600765,26.68,25.75,27.02,25.28,630514,1629142231.0,6.39,-5.44,-1.48,4.3
2023-03-16,600765,25.45,25.3,25.97,25.24,249698,638788339.0,2.83,-1.75,-0.45,1.7
2023-03-17,600765,25.46,25.82,25.95,24.92,271019,689981330.0,4.07,2.06,0.52,1.85
2023-03-20,600765,25.7,24.9,25.74,24.63,275480,692999601.0,4.3,-3.56,-0.92,1.88
2023-03-21,600765,25.18,24.98,25.47,24.81,303819,763269563.0,2.65,0.32,0.08,2.07
2023-03-22,600765,24.89,24.72,25.07,24.62,212391,526679264.0,1.8,-1.04,-0.26,1.45
2023-03-23,600765,24.56,24.84,24.87,24.53,135971,336499523.0,1.38,0.49,0.12,0.93
2023-03-24,600765,24.86,24.43,24.86,24.38,178691,438597617.0,1.93,-1.65,-0.41,1.22
2023-03-27,600765,24.37,24.03,24.53,23.92,184743,445748822.0,2.5,-1.64,-0.4,1.26
2023-03-28,600765,23.96,23.55,24.03,23.44,246043,581059297.0,2.46,-2.0,-0.48,1.68
2023-03-29,600765,23.47,23.55,23.79,23.17,170053,399858338.0,2.63,0.0,0.0,1.16
2023-03-30,600765,23.6,24.47,24.62,23.51,310184,750297363.0,4.71,3.91,0.92,2.12
2023-03-31,600765,24.5,24.54,24.58,24.22,150163,366686373.0,1.47,0.29,0.07,1.02
2023-04-03,600765,24.45,25.4,25.67,24.38,278513,705759315.0,5.26,3.5,0.86,1.9
2023-04-04,600765,25.45,24.87,25.59,24.61,193269,484092384.0,3.86,-2.09,-0.53,1.32
2023-04-06,600765,24.84,25.36,25.61,24.51,208184,522983429.0,4.42,1.97,0.49,1.42
2023-04-07,600765,25.3,25.34,25.82,25.17,179683,459226536.0,2.56,-0.08,-0.02,1.23
2023-04-10,600765,25.59,25.52,26.09,25.45,189924,488628045.0,2.53,0.71,0.18,1.3
2023-04-11,600765,25.51,24.89,25.51,24.77,149828,374134866.0,2.9,-2.47,-0.63,1.02
2023-04-12,600765,24.92,24.62,25.14,24.56,123011,304531836.0,2.33,-1.08,-0.27,0.84
2023-04-13,600765,24.64,24.36,24.77,24.3,97547,237900692.0,1.91,-1.06,-0.26,0.67
2023-04-14,600765,24.27,24.62,24.76,24.26,95466,233780016.0,2.05,1.07,0.26,0.65
2023-04-17,600765,24.57,24.89,25.05,24.38,105177,260071518.0,2.72,1.1,0.27,0.72
2023-04-18,600765,24.83,24.71,25.03,24.62,79223,196340531.0,1.65,-0.72,-0.18,0.54
2023-04-19,600765,24.72,24.47,24.82,24.45,75768,186117372.0,1.5,-0.97,-0.24,0.52
2023-04-20,600765,24.3,23.98,24.4,23.68,121600,291053931.0,2.94,-2.0,-0.49,0.83
2023-04-21,600765,24.03,24.16,24.95,24.0,207580,508926664.0,3.96,0.75,0.18,1.42
2023-04-24,600765,24.32,24.19,24.88,23.24,185915,450272189.0,6.79,0.12,0.03,1.27
2023-04-25,600765,24.16,24.0,24.84,23.44,161390,390267506.0,5.79,-0.79,-0.19,1.1
2023-04-26,600765,24.01,25.35,25.45,23.62,296566,734743688.0,7.63,5.63,1.35,2.02
2023-04-27,600765,25.55,25.97,26.08,24.8,340542,876248843.0,5.05,2.45,0.62,2.32
2023-04-28,600765,25.9,25.85,26.16,25.51,184599,475084182.0,2.5,-0.46,-0.12,1.26
2023-05-04,600765,25.54,25.7,26.2,25.52,131431,339776263.0,2.63,-0.58,-0.15,0.9
2023-05-05,600765,25.73,25.93,25.96,25.2,163204,417678857.0,2.96,0.89,0.23,1.11
2023-05-08,600765,26.0,26.94,26.98,25.98,302980,808365645.0,3.86,3.9,1.01,2.07
2023-05-09,600765,26.97,25.75,27.44,25.6,326059,869890282.0,6.83,-4.42,-1.19,2.22
2023-05-10,600765,25.6,25.56,25.88,25.06,130664,331422184.0,3.18,-0.74,-0.19,0.89
2023-05-11,600765,25.58,25.96,26.2,25.23,142107,366442359.0,3.79,1.56,0.4,0.97
2023-05-12,600765,25.9,25.39,26.37,25.3,104032,267461839.0,4.12,-2.2,-0.57,0.71
2023-05-15,600765,25.28,25.96,25.99,25.15,84213,216450173.0,3.31,2.24,0.57,0.57
2023-05-16,600765,25.98,25.83,26.1,25.52,70080,180448367.0,2.23,-0.5,-0.13,0.48
2023-05-17,600765,25.7,27.29,27.38,25.61,333597,894299109.0,6.85,5.65,1.46,2.27
2023-05-18,600765,27.21,26.82,27.55,26.7,175710,476726032.0,3.11,-1.72,-0.47,1.2
2023-05-19,600765,26.78,27.48,27.8,26.57,211686,580168029.0,4.59,2.46,0.66,1.44
2023-05-22,600765,27.4,27.3,27.52,27.01,83763,228032946.0,1.86,-0.66,-0.18,0.57
2023-05-23,600765,27.5,26.7,27.5,26.63,107544,289629596.0,3.19,-2.2,-0.6,0.73
2023-05-24,600765,26.57,26.31,26.63,26.21,96958,256104918.0,1.57,-1.46,-0.39,0.66
2023-05-25,600765,26.35,26.69,27.05,26.18,102725,274417992.0,3.31,1.44,0.38,0.7
2023-05-26,600765,26.72,26.5,26.76,26.06,73936,194929299.0,2.62,-0.71,-0.19,0.5
2023-05-29,600765,27.0,26.5,27.26,26.49,107104,287150247.0,2.91,0.0,0.0,0.73
2023-05-30,600765,26.33,26.83,26.98,25.84,110683,291693542.0,4.3,1.25,0.33,0.75
2023-05-31,600765,26.46,26.6,27.78,26.4,153952,416905051.0,5.14,-0.86,-0.23,1.05
2023-06-01,600765,26.55,26.16,26.66,25.9,113856,299516999.0,2.86,-1.65,-0.44,0.78
2023-06-02,600765,26.14,25.86,26.23,25.82,98986,256670461.0,1.57,-1.15,-0.3,0.67
2023-06-05,600765,25.89,24.85,26.1,24.61,212102,531557791.0,5.76,-3.91,-1.01,1.45
2023-06-06,600765,24.85,24.09,24.94,24.02,175604,427722656.0,3.7,-3.06,-0.76,1.2
2023-06-07,600765,24.05,23.82,24.23,23.65,102723,245149092.0,2.41,-1.12,-0.27,0.7
2023-06-08,600765,23.78,23.86,23.98,23.62,72201,171864778.0,1.51,0.17,0.04,0.49
2023-06-09,600765,23.76,24.45,24.45,23.75,105811,255356016.0,2.93,2.47,0.59,0.72
2023-06-12,600765,24.38,24.0,24.5,23.8,107375,258715901.0,2.86,-1.84,-0.45,0.73
2023-06-13,600765,24.01,24.03,24.15,23.88,59544,142976198.0,1.13,0.13,0.03,0.41
2023-06-14,600765,24.16,24.17,24.19,23.86,85044,204108029.0,1.37,0.58,0.14,0.58
2023-06-15,600765,24.18,24.63,24.9,23.91,116616,285361485.0,4.1,1.9,0.46,0.8
2023-06-16,600765,24.64,24.87,25.08,24.57,105745,262679180.0,2.07,0.97,0.24,0.72
2023-06-19,600765,24.79,24.76,25.02,24.65,66777,166095824.0,1.49,-0.44,-0.11,0.46
2023-06-20,600765,24.71,26.04,26.35,24.61,252167,649431382.0,7.03,5.17,1.28,1.72
2023-06-21,600765,26.0,25.3,26.24,25.22,153272,391628026.0,3.92,-2.84,-0.74,1.05
2023-06-26,600765,25.15,25.36,25.55,24.76,87810,221277167.0,3.12,0.24,0.06,0.6
2023-06-27,600765,25.28,25.39,25.73,25.13,78394,199935713.0,2.37,0.12,0.03,0.53
2023-06-28,600765,25.39,25.71,25.93,25.23,100173,257021886.0,2.76,1.26,0.32,0.68
2023-06-29,600765,25.69,26.03,26.66,25.6,167160,437337639.0,4.12,1.24,0.32,1.14
2023-06-30,600765,26.05,26.51,26.75,25.87,171877,456278858.0,3.38,1.84,0.48,1.17
2023-07-03,600765,26.45,27.0,27.26,26.41,162392,438569862.0,3.21,1.85,0.49,1.11
2023-07-04,600765,27.0,27.05,27.46,26.92,130151,354105708.0,2.0,0.19,0.05,0.89
2023-07-05,600765,27.05,26.53,27.1,26.5,95849,255552418.0,2.22,-1.92,-0.52,0.65
2023-07-06,600765,26.54,26.06,26.57,25.8,132174,344317760.0,2.9,-1.77,-0.47,0.9
2023-07-07,600765,26.12,25.88,26.19,25.7,82712,214560821.0,1.88,-0.69,-0.18,0.56
2023-07-10,600765,25.88,26.3,26.66,25.86,71248,187238887.0,3.09,1.62,0.42,0.49
2023-07-11,600765,26.26,26.34,26.65,26.14,50887,134092523.0,1.94,0.15,0.04,0.35
2023-07-12,600765,26.28,26.15,26.38,25.96,56128,147078911.0,1.59,-0.72,-0.19,0.38
2023-07-13,600765,26.08,26.42,26.56,26.05,59765,157725409.0,1.95,1.03,0.27,0.41
2023-07-14,600765,26.33,26.24,26.66,26.21,46755,123378759.0,1.7,-0.68,-0.18,0.32
2023-07-17,600765,26.24,26.32,26.43,26.07,53796,141123738.0,1.37,0.3,0.08,0.37
2023-07-18,600765,26.2,26.85,27.19,26.13,114899,307846874.0,4.03,2.01,0.53,0.78
2023-07-19,600765,26.88,26.65,26.91,26.55,69279,184973811.0,1.34,-0.74,-0.2,0.47
2023-07-20,600765,26.62,26.21,26.77,26.18,42389,111860338.0,2.21,-1.65,-0.44,0.29
2023-07-21,600765,26.18,25.88,26.18,25.76,56350,146008715.0,1.6,-1.26,-0.33,0.38
2023-07-24,600765,25.87,26.34,26.66,25.83,50471,133206131.0,3.21,1.78,0.46,0.34
2023-07-25,600765,26.47,26.18,26.6,25.9,108299,283081945.0,2.66,-0.61,-0.16,0.74
2023-07-26,600765,26.19,25.61,26.19,25.53,98210,252235358.0,2.52,-2.18,-0.57,0.67
2023-07-27,600765,25.42,25.18,25.72,24.95,131809,332211181.0,3.01,-1.68,-0.43,0.9
2023-07-28,600765,25.03,25.13,25.35,24.95,91851,230415364.0,1.59,-0.2,-0.05,0.63
2023-07-31,600765,24.98,25.29,25.43,24.98,84237,212749361.0,1.79,0.64,0.16,0.57
2023-08-01,600765,25.34,25.69,26.0,25.28,108814,280013321.0,2.85,1.58,0.4,0.74
2023-08-02,600765,25.57,25.78,26.19,25.48,74498,192948014.0,2.76,0.35,0.09,0.51
2023-08-03,600765,25.65,25.6,25.88,25.53,43419,111315825.0,1.36,-0.7,-0.18,0.3
2023-08-04,600765,25.59,25.6,25.81,25.5,48986,125466908.0,1.21,0.0,0.0,0.33
2023-08-07,600765,25.59,25.43,25.7,25.25,56780,144810279.0,1.76,-0.66,-0.17,0.39
2023-08-08,600765,25.43,24.9,25.45,24.71,125916,314174513.0,2.91,-2.08,-0.53,0.86
2023-08-09,600765,24.88,24.82,24.95,24.61,69027,170797370.0,1.37,-0.32,-0.08,0.47
2023-08-10,600765,24.82,24.97,25.1,24.72,41660,104076839.0,1.53,0.6,0.15,0.28
2023-08-11,600765,24.97,24.77,25.11,24.67,41914,104127669.0,1.76,-0.8,-0.2,0.29
2023-08-14,600765,24.67,25.25,25.29,24.51,77069,192517697.0,3.15,1.94,0.48,0.53
2023-08-15,600765,25.24,25.12,25.25,24.85,43995,110109347.0,1.58,-0.51,-0.13,0.3
2023-08-16,600765,25.02,24.51,25.22,24.5,70604,174636972.0,2.87,-2.43,-0.61,0.48
2023-08-17,600765,24.42,25.64,25.85,24.38,168506,428495618.0,6.0,4.61,1.13,1.15
2023-08-18,600765,25.59,25.4,25.9,25.38,75104,192679633.0,2.03,-0.94,-0.24,0.51
2023-08-21,600765,25.45,24.93,25.64,24.92,69928,176752821.0,2.83,-1.85,-0.47,0.48
2023-08-22,600765,24.95,25.4,25.6,24.93,83924,212774930.0,2.69,1.89,0.47,0.57
2023-08-23,600765,25.3,24.87,25.39,24.83,61647,154025372.0,2.2,-2.09,-0.53,0.42
2023-08-24,600765,24.84,24.99,25.19,24.67,44527,111112468.0,2.09,0.48,0.12,0.3
2023-08-25,600765,24.9,24.75,25.16,24.65,47881,118878144.0,2.04,-0.96,-0.24,0.33
2023-08-28,600765,25.65,25.42,25.88,25.25,112190,286017201.0,2.55,2.71,0.67,0.76
2023-08-29,600765,26.01,26.92,27.41,25.89,331366,884354537.0,5.98,5.9,1.5,2.26
2023-08-30,600765,27.12,27.26,27.45,26.95,155530,423642450.0,1.86,1.26,0.34,1.06
2023-08-31,600765,27.19,27.12,27.55,26.95,117426,319770480.0,2.2,-0.51,-0.14,0.8
2023-09-01,600765,27.16,27.15,27.24,26.95,77804,211021607.0,1.07,0.11,0.03,0.53
2023-09-04,600765,27.27,27.1,27.29,26.95,89078,241236627.0,1.25,-0.18,-0.05,0.61
2023-09-05,600765,26.96,26.83,27.11,26.56,89216,239002672.0,2.03,-1.0,-0.27,0.61
2023-09-06,600765,26.8,27.04,27.15,26.44,88002,236220218.0,2.65,0.78,0.21,0.6
2023-09-07,600765,27.1,26.96,27.2,26.83,84234,227576945.0,1.37,-0.3,-0.08,0.57
2023-09-08,600765,26.81,27.34,27.67,26.7,145992,399802248.0,3.6,1.41,0.38,1.0
2023-09-11,600765,27.36,26.24,27.36,26.13,260576,690056785.0,4.5,-4.02,-1.1,1.78
2023-09-12,600765,26.23,26.43,26.73,26.22,97578,258544505.0,1.94,0.72,0.19,0.67
2023-09-13,600765,26.38,26.03,26.38,25.61,163279,422965073.0,2.91,-1.51,-0.4,1.11
2023-09-14,600765,26.16,25.89,26.22,25.83,62454,162481217.0,1.5,-0.54,-0.14,0.43
2023-09-15,600765,25.85,25.92,25.99,25.66,65965,170395954.0,1.27,0.12,0.03,0.45
2023-09-18,600765,25.78,25.6,25.87,25.5,82202,210787059.0,1.43,-1.23,-0.32,0.56
2023-09-19,600765,25.51,25.68,25.77,25.44,90764,232298485.0,1.29,0.31,0.08,0.62
2023-09-20,600765,25.5,25.53,25.89,25.5,76358,195667159.0,1.52,-0.58,-0.15,0.52
2023-09-21,600765,25.53,25.36,26.0,25.35,71139,182077970.0,2.55,-0.67,-0.17,0.49
2023-09-22,600765,25.32,25.36,25.45,24.97,128822,324196584.0,1.89,0.0,0.0,0.88
2023-09-25,600765,25.36,25.12,25.5,24.95,121751,305849962.0,2.17,-0.95,-0.24,0.83
2023-09-26,600765,24.9,24.41,25.23,24.29,208808,514052615.0,3.74,-2.83,-0.71,1.42
2023-09-27,600765,24.4,24.62,24.73,24.19,126971,310480886.0,2.21,0.86,0.21,0.87
2023-09-28,600765,24.5,24.82,25.12,24.5,83493,208048072.0,2.52,0.81,0.2,0.57
2023-10-09,600765,24.89,24.67,25.09,24.51,91665,226283503.0,2.34,-0.6,-0.15,0.63
2023-10-10,600765,24.65,24.82,25.02,24.6,97310,241764052.0,1.7,0.61,0.15,0.66
2023-10-11,600765,24.82,22.34,24.82,22.34,535085,1207264860.0,9.99,-9.99,-2.48,3.65
2023-10-12,600765,21.98,21.21,21.98,21.02,587975,1248350907.0,4.3,-5.06,-1.13,4.01
2023-10-13,600765,21.06,21.13,21.38,21.02,229598,485744669.0,1.7,-0.38,-0.08,1.57
2023-10-16,600765,21.08,20.74,21.09,20.62,202729,422280054.0,2.22,-1.85,-0.39,1.38
2023-10-17,600765,20.73,20.88,21.04,20.5,143059,297828518.0,2.6,0.68,0.14,0.98
2023-10-18,600765,20.76,20.51,20.81,20.4,113074,232385968.0,1.96,-1.77,-0.37,0.77
2023-10-19,600765,20.38,20.63,20.91,20.3,119094,246015615.0,2.97,0.59,0.12,0.81
2023-10-20,600765,20.53,20.29,20.63,20.26,86728,176644387.0,1.79,-1.65,-0.34,0.59
2023-10-23,600765,20.21,20.01,20.48,19.86,126509,254634411.0,3.06,-1.38,-0.28,0.86
2023-10-24,600765,20.13,20.0,20.13,19.71,95463,190325552.0,2.1,-0.05,-0.01,0.65
2023-10-25,600765,20.12,20.54,20.64,20.04,155111,317237730.0,3.0,2.7,0.54,1.06
2023-10-26,600765,20.4,20.96,21.0,20.2,159767,330921741.0,3.89,2.04,0.42,1.09
2023-10-27,600765,20.95,21.27,21.39,20.62,180539,380986301.0,3.67,1.48,0.31,1.23
2023-10-30,600765,21.3,21.25,21.56,21.09,145188,309995195.0,2.21,-0.09,-0.02,0.99
2023-10-31,600765,21.17,21.46,21.68,21.15,126212,270826795.0,2.49,0.99,0.21,0.86
2023-11-01,600765,21.46,21.24,21.52,21.14,96056,204494257.0,1.77,-1.03,-0.22,0.65
2023-11-02,600765,21.23,20.91,21.26,20.9,81421,170949054.0,1.69,-1.55,-0.33,0.56
2023-11-03,600765,20.91,21.11,21.22,20.89,74261,156726579.0,1.58,0.96,0.2,0.51
2023-11-06,600765,21.25,21.44,21.5,21.18,205265,438988285.0,1.52,1.56,0.33,1.4
2023-11-07,600765,21.42,21.28,21.54,21.05,120340,255814569.0,2.29,-0.75,-0.16,0.82
2023-11-08,600765,21.2,21.27,21.35,21.1,61029,129544373.0,1.17,-0.05,-0.01,0.42
2023-11-09,600765,21.11,21.32,21.55,21.09,102523,219069315.0,2.16,0.24,0.05,0.7
2023-11-10,600765,21.24,21.7,21.92,21.22,156446,339291040.0,3.28,1.78,0.38,1.07
2023-11-13,600765,21.88,22.29,22.48,21.36,196950,433013216.0,5.16,2.72,0.59,1.34
2023-11-14,600765,22.17,22.75,22.88,22.02,189299,428739405.0,3.86,2.06,0.46,1.29
2023-11-15,600765,22.77,22.23,22.86,22.11,122868,274038576.0,3.3,-2.29,-0.52,0.84
2023-11-16,600765,22.1,22.05,22.28,22.01,64827,143294927.0,1.21,-0.81,-0.18,0.44
2023-11-17,600765,21.89,22.15,22.27,21.89,42170,93200327.0,1.72,0.45,0.1,0.29
2023-11-20,600765,22.07,22.47,22.74,22.02,127924,286966923.0,3.25,1.44,0.32,0.87
2023-11-21,600765,22.45,22.2,22.51,22.17,58953,131357414.0,1.51,-1.2,-0.27,0.4
2023-11-22,600765,22.2,22.01,22.28,22.01,40112,88763950.0,1.22,-0.86,-0.19,0.27
2023-11-23,600765,22.01,21.93,22.1,21.72,60405,131908485.0,1.73,-0.36,-0.08,0.41
2023-11-24,600765,21.87,21.49,21.93,21.45,62950,135896231.0,2.19,-2.01,-0.44,0.43
2023-11-27,600765,21.37,21.55,21.72,21.35,40561,87343466.0,1.72,0.28,0.06,0.28
2023-11-28,600765,21.59,21.36,21.59,21.23,57757,123193598.0,1.67,-0.88,-0.19,0.39
2023-11-29,600765,21.32,21.19,21.5,21.14,51034,108835001.0,1.69,-0.8,-0.17,0.35
2023-11-30,600765,21.25,21.25,21.43,21.15,51415,109520725.0,1.32,0.28,0.06,0.35
2023-12-01,600765,21.27,21.37,21.51,21.08,78460,167519858.0,2.02,0.56,0.12,0.53
2023-12-04,600765,21.49,21.61,21.79,21.35,60147,129955486.0,2.06,1.12,0.24,0.41
2023-12-05,600765,21.5,21.32,21.67,21.12,86778,185836476.0,2.55,-1.34,-0.29,0.59
2023-12-06,600765,21.35,21.3,21.4,21.03,71482,151646161.0,1.74,-0.09,-0.02,0.49
2023-12-07,600765,21.01,20.75,21.25,20.7,91302,190946089.0,2.58,-2.58,-0.55,0.62
2023-12-08,600765,20.71,20.12,20.9,20.06,153146,311771444.0,4.05,-3.04,-0.63,1.04
2023-12-11,600765,20.0,20.39,20.59,19.7,146321,295987670.0,4.42,1.34,0.27,1.0
2023-12-12,600765,20.31,20.3,20.64,20.26,76792,156861411.0,1.86,-0.44,-0.09,0.52
2023-12-13,600765,20.23,20.32,20.63,20.19,107253,219367015.0,2.17,0.1,0.02,0.73
2023-12-14,600765,20.33,20.02,20.43,19.95,79025,159053916.0,2.36,-1.48,-0.3,0.54
2023-12-15,600765,20.05,19.61,20.16,19.5,123171,243584560.0,3.3,-2.05,-0.41,0.84
2023-12-18,600765,19.5,19.31,19.79,19.28,90946,177467073.0,2.6,-1.53,-0.3,0.62
2023-12-19,600765,19.3,18.99,19.49,18.9,83281,159718584.0,3.06,-1.66,-0.32,0.57
2023-12-20,600765,19.07,17.97,19.14,17.9,214850,392983782.0,6.53,-5.37,-1.02,1.46
2023-12-21,600765,17.85,18.01,18.32,17.81,163900,295552325.0,2.84,0.22,0.04,1.12
2023-12-22,600765,18.05,18.66,18.95,18.05,239572,443781391.0,5.0,3.61,0.65,1.63
2023-12-25,600765,18.8,19.3,19.69,18.8,236855,457059329.0,4.77,3.43,0.64,1.61
2023-12-26,600765,19.2,18.98,19.31,18.69,128850,243601232.0,3.21,-1.66,-0.32,0.88
2023-12-27,600765,18.88,18.68,18.95,18.52,109999,205481739.0,2.27,-1.58,-0.3,0.75
2023-12-28,600765,18.59,19.18,19.21,18.59,137014,260168993.0,3.32,2.68,0.5,0.93
2023-12-29,600765,19.18,19.11,19.28,18.98,120107,229373358.0,1.56,-0.36,-0.07,0.82
2024-01-02,600765,19.15,19.11,19.88,19.03,221784,430275816.0,4.45,0.0,0.0,1.51
2024-01-03,600765,19.11,18.48,19.13,18.32,207849,386538078.0,4.24,-3.3,-0.63,1.42
2024-01-04,600765,18.48,18.25,18.5,18.01,161447,293994957.0,2.65,-1.24,-0.23,1.1
2024-01-05,600765,18.15,16.6,18.26,16.44,640014,1078215175.0,9.97,-9.04,-1.65,4.36
2024-01-08,600765,16.45,16.32,16.83,16.28,341144,562107506.0,3.31,-1.69,-0.28,2.32
2024-01-09,600765,16.32,16.32,16.52,15.9,216379,350928755.0,3.8,0.0,0.0,1.47
2024-01-10,600765,16.32,16.12,16.44,15.95,149911,242671399.0,3.0,-1.23,-0.2,1.02
2024-01-11,600765,16.15,16.27,16.35,16.01,187860,304396764.0,2.11,0.93,0.15,1.28
2024-01-12,600765,16.18,16.08,16.31,15.98,185270,298789405.0,2.03,-1.17,-0.19,1.26
2024-01-15,600765,16.06,15.63,16.06,15.57,335841,527202382.0,3.05,-2.8,-0.45,2.29
2024-01-16,600765,15.61,15.44,15.67,15.13,261875,401646851.0,3.45,-1.22,-0.19,1.78
2024-01-17,600765,15.37,14.76,15.42,14.73,253862,380315742.0,4.47,-4.4,-0.68,1.73
2024-01-18,600765,14.71,15.07,15.13,14.47,287169,422349526.0,4.47,2.1,0.31,1.96
2024-01-19,600765,15.02,14.86,15.22,14.8,156351,233910518.0,2.79,-1.39,-0.21,1.06
2024-01-22,600765,14.82,14.04,14.86,13.91,240998,347588824.0,6.39,-5.52,-0.82,1.64
2024-01-23,600765,14.13,14.45,14.56,13.95,239247,341950921.0,4.34,2.92,0.41,1.63
2024-01-24,600765,14.56,14.68,14.69,14.15,212448,305952786.0,3.74,1.59,0.23,1.45
2024-01-25,600765,14.68,15.45,15.45,14.55,338427,512759785.0,6.13,5.25,0.77,2.3
2024-01-26,600765,15.46,15.19,15.46,15.16,229667,350539210.0,1.94,-1.68,-0.26,1.56
2024-01-29,600765,15.24,14.98,15.34,14.92,226685,343048458.0,2.76,-1.38,-0.21,1.54
2024-01-30,600765,14.89,14.48,15.0,14.47,205598,302612175.0,3.54,-3.34,-0.5,1.4
2024-01-31,600765,14.49,14.0,14.6,13.91,212583,302442866.0,4.77,-3.31,-0.48,1.45
2024-02-01,600765,13.92,13.96,14.28,13.55,260095,363182620.0,5.21,-0.29,-0.04,1.77
2024-02-02,600765,13.84,13.2,14.02,12.85,303285,406886024.0,8.38,-5.44,-0.76,2.07
2024-02-05,600765,13.12,13.36,13.8,12.38,385016,505500318.0,10.76,1.21,0.16,2.62
2024-02-06,600765,13.18,14.21,14.34,12.97,341347,471528859.0,10.25,6.36,0.85,2.32
2024-02-07,600765,14.22,14.71,14.84,14.19,472262,689729594.0,4.57,3.52,0.5,3.22
2024-02-08,600765,14.83,15.12,15.35,14.72,390662,591102066.0,4.28,2.79,0.41,2.66
2024-02-19,600765,15.38,14.91,15.38,14.73,329553,494807458.0,4.3,-1.39,-0.21,2.24
2024-02-20,600765,14.8,15.0,15.05,14.62,168739,250595271.0,2.88,0.6,0.09,1.15
2024-02-21,600765,14.9,15.19,15.57,14.78,300827,459286007.0,5.27,1.27,0.19,2.05
2024-02-22,600765,15.12,15.28,15.29,15.06,168073,255195183.0,1.51,0.59,0.09,1.14
2024-02-23,600765,15.3,15.58,15.63,15.11,276445,425517672.0,3.4,1.96,0.3,1.88
2024-02-26,600765,15.6,15.76,15.97,15.45,258327,406439389.0,3.34,1.16,0.18,1.76
2024-02-27,600765,15.6,16.14,16.2,15.5,287807,455899947.0,4.44,2.41,0.38,1.96
2024-02-28,600765,16.18,15.74,16.52,15.71,322311,522289015.0,5.02,-2.48,-0.4,2.19
2024-02-29,600765,15.6,16.45,16.46,15.55,290199,469891188.0,5.78,4.51,0.71,1.98
2024-03-01,600765,16.48,16.46,16.65,16.34,233856,385497510.0,1.88,0.06,0.01,1.59
2024-03-04,600765,16.45,16.33,16.49,16.23,170280,278519634.0,1.58,-0.79,-0.13,1.16
2024-03-05,600765,16.22,16.43,16.68,16.13,244317,402259835.0,3.37,0.61,0.1,1.66
2024-03-06,600765,16.44,16.27,16.5,15.95,225033,364325091.0,3.35,-0.97,-0.16,1.53
2024-03-07,600765,16.28,16.02,16.39,16.02,151954,246160087.0,2.27,-1.54,-0.25,1.03
2024-03-08,600765,16.36,16.27,16.41,15.88,231188,373197415.0,3.31,1.56,0.25,1.57
2024-03-11,600765,16.22,16.5,16.56,16.15,188616,308994805.0,2.52,1.41,0.23,1.28
2024-03-12,600765,16.54,16.82,17.15,16.51,261146,439839504.0,3.88,1.94,0.32,1.78
2024-03-13,600765,16.87,16.71,16.95,16.45,220721,368048190.0,2.97,-0.65,-0.11,1.5
2024-03-14,600765,16.6,16.36,16.66,16.25,184001,302573063.0,2.45,-2.09,-0.35,1.25
2024-03-15,600765,16.44,16.59,16.64,16.36,208581,344897533.0,1.71,1.41,0.23,1.42
2024-03-18,600765,16.6,16.89,17.05,16.55,252013,424612242.0,3.01,1.81,0.3,1.72
2024-03-19,600765,16.87,16.92,17.28,16.7,247941,421600546.0,3.43,0.18,0.03,1.69
2024-03-20,600765,16.83,16.77,16.92,16.66,210743,353163716.0,1.54,-0.89,-0.15,1.43
2024-03-21,600765,16.78,16.63,16.82,16.38,250952,416794354.0,2.62,-0.83,-0.14,1.71
2024-03-22,600765,16.58,16.13,16.58,16.1,220770,358678839.0,2.89,-3.01,-0.5,1.5
2024-03-25,600765,16.11,15.52,16.15,15.51,279593,441866400.0,3.97,-3.78,-0.61,1.9
2024-03-26,600765,15.52,15.35,15.62,15.14,170157,261985623.0,3.09,-1.1,-0.17,1.16
2024-03-27,600765,15.36,14.76,15.39,14.76,206537,309156457.0,4.1,-3.84,-0.59,1.41
2024-03-28,600765,14.76,15.36,15.46,14.76,232566,354010248.0,4.74,4.07,0.6,1.58
2024-03-29,600765,15.27,15.37,15.4,15.11,150949,230013258.0,1.89,0.07,0.01,1.03
2024-04-01,600765,15.4,15.52,15.71,15.3,222718,345837659.0,2.67,0.98,0.15,1.52
2024-04-02,600765,15.55,15.32,15.55,15.18,174148,266495985.0,2.38,-1.29,-0.2,1.19
2024-04-03,600765,15.26,14.83,15.26,14.8,232239,347041808.0,3.0,-3.2,-0.49,1.58
2024-04-08,600765,14.83,14.76,15.06,14.76,154648,230461205.0,2.02,-0.47,-0.07,1.05
2024-04-09,600765,15.17,16.24,16.24,15.15,838421,1343303691.0,7.38,10.03,1.48,5.71
2024-04-10,600765,16.2,15.88,16.37,15.63,617495,982840272.0,4.56,-2.22,-0.36,4.2
2024-04-11,600765,15.71,16.08,16.36,15.71,414249,665811454.0,4.09,1.26,0.2,2.82
2024-04-12,600765,16.19,16.23,16.66,16.01,520995,853265540.0,4.04,0.93,0.15,3.55
2024-04-15,600765,16.38,17.3,17.62,16.21,898060,1527641824.0,8.69,6.59,1.07,6.11
2024-04-16,600765,17.18,16.95,17.48,16.77,630073,1076664375.0,4.1,-2.02,-0.35,4.29
2024-04-17,600765,16.98,17.71,17.72,16.55,658415,1130820947.0,6.9,4.48,0.76,4.48
2024-04-18,600765,17.49,17.98,18.47,17.4,801225,1443247581.0,6.04,1.52,0.27,5.46
2024-04-19,600765,17.88,18.2,18.29,17.71,613553,1107154953.0,3.23,1.22,0.22,4.18
2024-04-22,600765,18.1,17.5,18.86,17.5,778212,1419653668.0,7.47,-3.85,-0.7,5.3
2024-04-23,600765,17.5,16.91,17.7,16.79,615950,1059930306.0,5.2,-3.37,-0.59,4.19
2024-04-24,600765,16.91,17.55,17.55,16.77,490344,845670996.0,4.61,3.78,0.64,3.34
2024-04-25,600765,17.5,17.26,17.53,17.16,309601,535420257.0,2.11,-1.65,-0.29,2.11
2024-04-26,600765,17.15,17.42,17.76,17.15,433831,758071003.0,3.53,0.93,0.16,2.95
2024-04-29,600765,17.6,18.33,18.64,17.36,593133,1066326807.0,7.35,5.22,0.91,4.04
2024-04-30,600765,18.42,18.11,18.73,18.08,483787,889716425.0,3.55,-1.2,-0.22,3.29
2024-05-06,600765,18.38,18.15,18.5,18.05,356419,649398170.0,2.48,0.22,0.04,2.43
2024-05-07,600765,18.16,18.98,19.02,17.98,613752,1150334155.0,5.73,4.57,0.83,4.18
2024-05-08,600765,18.83,19.09,19.18,18.64,491037,931498083.0,2.85,0.58,0.11,3.34
2024-05-09,600765,19.1,20.37,20.9,18.81,777553,1555766275.0,10.95,6.71,1.28,5.29
2024-05-10,600765,20.31,19.89,20.59,19.6,568318,1136603222.0,4.86,-2.36,-0.48,3.87
2024-05-13,600765,19.67,19.99,20.35,19.48,458338,916100138.0,4.37,0.5,0.1,3.12
2024-05-14,600765,19.88,19.42,20.15,19.28,404918,791588048.0,4.35,-2.85,-0.57,2.76
2024-05-15,600765,19.37,19.26,19.66,19.2,255401,495035288.0,2.37,-0.82,-0.16,1.74
2024-05-16,600765,19.2,19.63,19.73,19.16,290086,562476956.0,2.96,1.92,0.37,1.98
2024-05-17,600765,19.6,20.14,20.18,19.48,340199,678000068.0,3.57,2.6,0.51,2.32
2024-05-20,600765,20.09,19.85,20.61,19.75,446150,897842346.0,4.27,-1.44,-0.29,3.04
2024-05-21,600765,19.72,19.17,19.8,19.1,360166,697332633.0,3.53,-3.43,-0.68,2.45
2024-05-22,600765,19.18,19.15,19.28,18.96,207399,395995878.0,1.67,-0.1,-0.02,1.41
2024-05-23,600765,19.18,19.13,19.48,18.89,267848,513812750.0,3.08,-0.1,-0.02,1.82
2024-05-24,600765,18.98,18.51,18.99,18.43,294117,547732272.0,2.93,-3.24,-0.62,2.0
2024-05-27,600765,18.5,18.83,18.99,18.16,260729,482949606.0,4.48,1.73,0.32,1.78
2024-05-28,600765,18.7,18.4,19.08,18.39,253976,476224984.0,3.66,-2.28,-0.43,1.73
2024-05-29,600765,18.2,18.31,18.67,18.2,163154,299661276.0,2.55,-0.49,-0.09,1.11
2024-05-30,600765,18.2,18.85,18.97,18.07,374202,699541094.0,4.92,2.95,0.54,2.55
2024-05-31,600765,18.74,19.19,19.35,18.73,304913,582027469.0,3.29,1.8,0.34,2.08
2024-06-03,600765,19.2,18.76,19.31,18.61,210089,398007430.0,3.65,-2.24,-0.43,1.43
2024-06-04,600765,18.76,19.78,19.82,18.67,397533,773054396.0,6.13,5.44,1.02,2.71
2024-06-05,600765,19.68,19.82,20.5,19.62,439735,884599308.0,4.45,0.2,0.04,2.99
2024-06-06,600765,19.85,19.99,20.23,19.62,298589,596011309.0,3.08,0.86,0.17,2.03
2024-06-07,600765,20.0,19.88,20.49,19.67,293989,590660883.0,4.1,-0.55,-0.11,2.0
2024-06-11,600765,19.7,20.3,20.33,19.5,271527,541868967.0,4.18,2.11,0.42,1.85
2024-06-12,600765,20.11,20.19,20.46,19.92,192423,389529354.0,2.66,-0.54,-0.11,1.31
2024-06-13,600765,20.18,20.43,20.55,20.1,197738,402269359.0,2.23,1.19,0.24,1.35
2024-06-14,600765,20.12,19.6,20.12,19.44,239264,469360601.0,3.33,-4.06,-0.83,1.63
2024-06-17,600765,19.45,19.99,20.38,19.45,234998,471794218.0,4.74,1.99,0.39,1.6
2024-06-18,600765,19.96,20.11,20.16,19.8,175978,352038816.0,1.8,0.6,0.12,1.2
2024-06-19,600765,20.01,20.1,20.34,19.72,159727,320275281.0,3.08,-0.05,-0.01,1.09
2024-06-20,600765,20.06,19.61,20.17,19.31,174666,343542755.0,4.28,-2.44,-0.49,1.19
2024-06-21,600765,19.62,19.71,20.07,19.45,131501,259445098.0,3.16,0.51,0.1,0.9
2024-06-24,600765,19.71,19.54,19.85,19.45,141988,279226157.0,2.03,-0.86,-0.17,0.97
2024-06-25,600765,19.45,18.98,19.65,18.88,201222,385495311.0,3.94,-2.87,-0.56,1.37
2024-06-26,600765,19.05,19.39,19.42,18.73,147441,280770847.0,3.64,2.16,0.41,1.0
2024-06-27,600765,19.25,19.27,19.7,19.12,144946,280904208.0,2.99,-0.62,-0.12,0.99
2024-06-28,600765,19.27,20.4,20.47,19.12,344136,693521294.0,7.01,5.86,1.13,2.34
2024-07-01,600765,20.24,20.03,20.38,19.6,288906,576078297.0,3.82,-1.81,-0.37,1.97
2024-07-02,600765,19.92,19.49,20.18,19.35,209783,412371188.0,4.14,-2.7,-0.54,1.43
2024-07-03,600765,19.4,18.81,19.49,18.67,234270,443326318.0,4.21,-3.49,-0.68,1.6
2024-07-04,600765,18.76,18.89,19.08,18.6,169251,318620677.0,2.55,0.43,0.08,1.15
2024-07-05,600765,18.82,18.72,18.83,18.13,174602,321754015.0,3.71,-0.9,-0.17,1.19
2024-07-08,600765,18.64,18.0,18.65,17.92,216170,392509514.0,3.9,-3.85,-0.72,1.47
2024-07-09,600765,17.86,18.16,18.3,17.58,227176,407701626.0,4.0,0.89,0.16,1.55
2024-07-10,600765,18.05,17.7,18.32,17.62,173041,310270211.0,3.85,-2.53,-0.46,1.18
2024-07-11,600765,18.03,18.54,18.54,17.99,217272,398290203.0,3.11,4.75,0.84,1.48
2024-07-12,600765,18.46,18.22,18.69,18.13,140064,255996892.0,3.02,-1.73,-0.32,0.95
2024-07-15,600765,18.13,17.43,18.3,17.25,267762,472068701.0,5.76,-4.34,-0.79,1.82
2024-07-16,600765,17.35,17.55,17.68,17.3,188115,329395020.0,2.18,0.69,0.12,1.28
2024-07-17,600765,17.5,17.56,17.82,17.41,137443,242851969.0,2.34,0.06,0.01,0.94
2024-07-18,600765,17.48,18.46,18.72,17.27,289515,526072974.0,8.26,5.13,0.9,1.97
2024-07-19,600765,18.45,19.11,19.19,18.15,300145,566302774.0,5.63,3.52,0.65,2.04
2024-07-22,600765,19.3,19.29,19.52,18.84,271614,522892192.0,3.56,0.94,0.18,1.85
2024-07-23,600765,19.2,18.71,19.28,18.71,152402,288948791.0,2.95,-3.01,-0.58,1.04
2024-07-24,600765,18.66,19.13,19.66,18.62,290050,557150456.0,5.56,2.24,0.42,1.97
2024-07-25,600765,19.0,19.12,19.33,18.83,177127,338682740.0,2.61,-0.05,-0.01,1.21
2024-07-26,600765,19.02,19.78,20.01,19.01,274399,538036258.0,5.23,3.45,0.66,1.87
2024-07-29,600765,19.75,19.99,20.29,19.62,304830,609566360.0,3.39,1.06,0.21,2.08
2024-07-30,600765,19.91,19.81,19.95,19.53,182660,361336547.0,2.1,-0.9,-0.18,1.24
2024-07-31,600765,19.72,19.92,19.99,19.34,270834,533264688.0,3.28,0.56,0.11,1.84
2024-08-01,600765,19.74,19.72,20.31,19.68,212822,424898310.0,3.16,-1.0,-0.2,1.45
2024-08-02,600765,19.5,19.41,20.16,19.4,190460,375980878.0,3.85,-1.57,-0.31,1.3
2024-08-05,600765,19.32,18.95,19.76,18.88,165132,317331212.0,4.53,-2.37,-0.46,1.12
2024-08-06,600765,19.15,19.42,19.55,19.11,191651,370425117.0,2.32,2.48,0.47,1.3
2024-08-07,600765,19.4,19.74,19.85,19.15,174070,341815350.0,3.6,1.65,0.32,1.19
2024-08-08,600765,19.62,19.23,19.7,19.05,224584,433749606.0,3.29,-2.58,-0.51,1.53
2024-08-09,600765,19.23,18.7,19.38,18.65,164566,312072983.0,3.8,-2.76,-0.53,1.12
2024-08-12,600765,18.6,18.58,18.87,18.42,113484,211361839.0,2.41,-0.64,-0.12,0.77
2024-08-13,600765,18.64,18.79,18.79,18.38,98532,183398989.0,2.21,1.13,0.21,0.67
2024-08-14,600765,18.65,18.29,18.71,18.29,92922,171298067.0,2.24,-2.66,-0.5,0.63
2024-08-15,600765,18.33,18.41,18.5,18.06,112983,206786693.0,2.41,0.66,0.12,0.77
2024-08-16,600765,18.42,17.93,18.51,17.85,136728,246999134.0,3.59,-2.61,-0.48,0.93
2024-08-19,600765,17.83,17.49,18.02,17.37,224356,394286657.0,3.63,-2.45,-0.44,1.53
2024-08-20,600765,17.47,17.03,17.57,16.92,227042,387620454.0,3.72,-2.63,-0.46,1.55
2024-08-21,600765,16.92,16.65,17.08,16.56,176299,295284574.0,3.05,-2.23,-0.38,1.2
2024-08-22,600765,16.67,16.74,16.86,16.44,214019,357313523.0,2.52,0.54,0.09,1.46
2024-08-23,600765,16.68,16.71,16.81,16.37,121277,201504959.0,2.63,-0.18,-0.03,0.83
2024-08-26,600765,16.65,16.18,16.74,15.95,246768,400657483.0,4.73,-3.17,-0.53,1.68
2024-08-27,600765,15.98,15.82,16.19,15.75,134783,214475440.0,2.72,-2.22,-0.36,0.92
2024-08-28,600765,15.98,16.29,16.34,15.82,177434,286837980.0,3.29,2.97,0.47,1.21
2024-08-29,600765,16.26,16.72,16.98,16.15,209158,349421633.0,5.1,2.64,0.43,1.42
2024-08-30,600765,16.55,17.23,17.57,16.55,240221,414356211.0,6.1,3.05,0.51,1.64
2024-09-02,600765,17.14,16.68,17.45,16.67,154055,262007321.0,4.53,-3.19,-0.55,1.05
2024-09-03,600765,16.76,17.1,17.29,16.72,126849,216395842.0,3.42,2.52,0.42,0.86
2024-09-04,600765,17.0,17.06,17.23,16.9,87434,149368994.0,1.93,-0.23,-0.04,0.6
2024-09-05,600765,17.05,17.3,17.46,16.97,118726,204652388.0,2.87,1.41,0.24,0.81
2024-09-06,600765,17.29,16.8,17.36,16.78,91669,155623761.0,3.35,-2.89,-0.5,0.62
2024-09-09,600765,16.72,16.75,16.96,16.61,76062,127580707.0,2.08,-0.3,-0.05,0.52
2024-09-10,600765,16.76,16.79,16.84,16.33,117781,195182277.0,3.04,0.24,0.04,0.8
2024-09-11,600765,16.71,16.82,17.0,16.55,91249,153253256.0,2.68,0.18,0.03,0.62
2024-09-12,600765,16.83,16.51,17.06,16.5,72245,120632970.0,3.33,-1.84,-0.31,0.49
2024-09-13,600765,16.51,16.28,16.61,16.25,74645,122382205.0,2.18,-1.39,-0.23,0.51
2024-09-18,600765,16.28,16.15,16.39,15.82,93973,151092355.0,3.5,-0.8,-0.13,0.64
2024-09-19,600765,16.26,16.18,16.5,15.9,122631,198842368.0,3.72,0.19,0.03,0.83
2024-09-20,600765,16.21,15.98,16.22,15.86,88832,141740917.0,2.22,-1.24,-0.2,0.6
2024-09-23,600765,15.93,15.97,16.17,15.89,69644,111844771.0,1.75,-0.06,-0.01,0.47
2024-09-24,600765,16.18,16.76,16.77,15.9,166928,273447653.0,5.45,4.95,0.79,1.14
2024-09-25,600765,16.98,16.96,17.36,16.85,201214,344193195.0,3.04,1.19,0.2,1.37
2024-09-26,600765,16.92,17.75,17.75,16.87,228556,396883099.0,5.19,4.66,0.79,1.56
2024-09-27,600765,18.0,18.55,18.72,17.88,173159,316825893.0,4.73,4.51,0.8,1.18
2024-09-30,600765,19.43,20.23,20.29,19.01,404745,802085169.0,6.9,9.06,1.68,2.76
2024-10-08,600765,22.25,22.25,22.25,20.8,511013,1119999670.0,7.17,9.99,2.02,3.48
2024-10-09,600765,21.5,21.17,22.49,21.07,468085,1015558181.0,6.38,-4.85,-1.08,3.19
2024-10-10,600765,21.35,20.69,21.88,20.05,530235,1107166515.0,8.64,-2.27,-0.48,3.61
2024-10-11,600765,20.5,19.81,20.55,19.59,266687,533298514.0,4.64,-4.25,-0.88,1.82
2024-10-14,600765,20.0,20.8,21.15,19.84,363181,747690759.0,6.61,5.0,0.99,2.47
2024-10-15,600765,20.81,20.63,21.5,20.4,329413,690789038.0,5.29,-0.82,-0.17,2.24
2024-10-16,600765,20.75,19.81,20.75,19.65,306388,616519836.0,5.33,-3.97,-0.82,2.09
2024-10-17,600765,19.76,19.75,20.18,19.74,195486,390494926.0,2.22,-0.3,-0.06,1.33
2024-10-18,600765,19.76,20.55,20.97,19.46,272256,551168504.0,7.65,4.05,0.8,1.85
2024-10-21,600765,20.5,20.99,21.49,20.5,353321,744877565.0,4.82,2.14,0.44,2.4
2024-10-22,600765,20.73,20.55,20.9,20.3,297163,608834309.0,2.86,-2.1,-0.44,2.02
2024-10-23,600765,20.56,21.14,21.8,20.5,415340,882328647.0,6.33,2.87,0.59,2.82
2024-10-24,600765,21.15,20.83,21.15,20.5,209743,434487714.0,3.07,-1.47,-0.31,1.43
2024-10-25,600765,20.84,21.6,21.69,20.75,314396,671461256.0,4.51,3.7,0.77,2.14
2024-10-28,600765,21.7,22.75,23.0,21.63,507946,1148409259.0,6.34,5.32,1.15,3.45
2024-10-29,600765,22.25,22.89,23.63,22.01,560196,1290741176.0,7.12,0.62,0.14,3.81
2024-10-30,600765,22.8,23.42,23.9,22.72,409724,961425098.0,5.16,2.32,0.53,2.79
2024-10-31,600765,23.25,22.98,24.11,22.73,353997,819320789.0,5.89,-1.88,-0.44,2.41
2024-11-01,600765,22.6,22.14,22.92,21.92,314784,700082785.0,4.35,-3.66,-0.84,2.14
2024-11-04,600765,22.01,22.52,23.09,22.01,250557,567147700.0,4.88,1.72,0.38,1.7
2024-11-05,600765,22.95,23.98,24.0,22.77,422361,994104183.0,5.46,6.48,1.46,2.87
2024-11-06,600765,24.39,23.33,24.83,23.0,413517,984226219.0,7.63,-2.71,-0.65,2.81
2024-11-07,600765,23.0,22.9,23.2,22.37,307122,697225721.0,3.56,-1.84,-0.43,2.09
2024-11-08,600765,22.98,22.95,23.65,22.84,297838,689232183.0,3.54,0.22,0.05,2.03
2024-11-11,600765,23.05,23.3,23.5,22.67,281015,649259350.0,3.62,1.53,0.35,1.91
2024-11-12,600765,23.31,22.0,23.34,21.7,495431,1105212074.0,7.04,-5.58,-1.3,3.37
2024-11-13,600765,21.9,21.93,22.13,21.53,226097,492331940.0,2.73,-0.32,-0.07,1.54
2024-11-14,600765,22.1,21.09,22.1,20.96,254326,544063184.0,5.2,-3.83,-0.84,1.73
2024-11-15,600765,20.88,20.6,21.1,20.52,255393,530096833.0,2.75,-2.32,-0.49,1.74
2024-11-18,600765,20.65,20.74,21.12,20.51,226323,471226482.0,2.96,0.68,0.14,1.54
2024-11-19,600765,20.78,20.93,21.01,20.46,181518,375930298.0,2.65,0.92,0.19,1.23
2024-11-20,600765,20.81,21.0,21.07,20.56,188926,393758575.0,2.44,0.33,0.07,1.28
2024-11-21,600765,20.95,20.74,21.15,20.71,165817,346654281.0,2.1,-1.24,-0.26,1.13
2024-11-22,600765,20.74,20.08,20.82,20.08,188608,384937474.0,3.57,-3.18,-0.66,1.28
2024-11-25,600765,20.03,19.81,20.11,19.48,203723,402714470.0,3.14,-1.34,-0.27,1.39
2024-11-26,600765,19.87,19.81,20.04,19.74,100667,200124181.0,1.51,0.0,0.0,0.68
2024-11-27,600765,19.81,20.6,20.61,19.59,222309,449792694.0,5.15,3.99,0.79,1.51
2024-11-28,600765,20.64,20.34,20.77,20.23,138539,283434947.0,2.62,-1.26,-0.26,0.94
2024-11-29,600765,20.25,20.59,20.87,20.14,175145,360281287.0,3.59,1.23,0.25,1.19
2024-12-02,600765,20.5,20.64,20.78,20.49,184982,381322854.0,1.41,0.24,0.05,1.26
2024-12-03,600765,20.58,20.27,20.62,20.07,194302,393123101.0,2.66,-1.79,-0.37,1.32
2024-12-04,600765,20.17,19.81,20.22,19.66,191460,381611667.0,2.76,-2.27,-0.46,1.3
2024-12-05,600765,19.75,20.39,20.64,19.7,216566,437752947.0,4.75,2.93,0.58,1.47
2024-12-06,600765,20.4,20.86,21.06,20.26,267041,555214283.0,3.92,2.31,0.47,1.82
2024-12-09,600765,20.81,20.79,21.04,20.54,148192,308542750.0,2.4,-0.34,-0.07,1.01
2024-12-10,600765,21.31,20.85,21.49,20.85,218052,461779226.0,3.08,0.29,0.06,1.48
2024-12-11,600765,20.9,20.72,21.09,20.53,171778,356505347.0,2.69,-0.62,-0.13,1.17
2024-12-12,600765,20.65,20.85,21.21,20.65,235432,492059211.0,2.7,0.63,0.13,1.6
2024-12-13,600765,20.72,20.07,20.72,20.04,253728,513323827.0,3.26,-3.74,-0.78,1.73
2024-12-16,600765,20.12,19.96,20.13,19.82,142657,284999865.0,1.54,-0.55,-0.11,0.97
2024-12-17,600765,19.96,19.83,20.09,19.7,128886,256304391.0,1.95,-0.65,-0.13,0.88
2024-12-18,600765,19.86,19.82,20.01,19.71,140190,278415109.0,1.51,-0.05,-0.01,0.95
2024-12-19,600765,19.65,19.88,19.96,19.54,174560,344176987.0,2.12,0.3,0.06,1.19
2024-12-20,600765,19.84,20.28,20.4,19.73,178008,358735889.0,3.37,2.01,0.4,1.21
2024-12-23,600765,20.27,19.77,20.27,19.74,176656,351325100.0,2.61,-2.51,-0.51,1.2
2024-12-24,600765,19.8,20.04,20.14,19.8,169129,337726745.0,1.72,1.37,0.27,1.15
2024-12-25,600765,20.1,20.07,20.34,20.0,191912,386614670.0,1.7,0.15,0.03,1.3
2024-12-26,600765,20.11,20.73,20.84,20.11,332235,686769056.0,3.64,3.29,0.66,2.26
2024-12-27,600765,21.28,20.79,21.48,20.7,357093,753635585.0,3.76,0.29,0.06,2.43
2024-12-30,600765,20.8,20.76,21.23,20.5,250867,525011464.0,3.51,-0.14,-0.03,1.71
2024-12-31,600765,20.74,20.47,20.75,20.31,229346,469582264.0,2.12,-1.4,-0.29,1.56
2025-01-02,600765,20.33,19.69,20.38,19.41,198247,393800151.0,4.74,-3.81,-0.78,1.35
2025-01-03,600765,19.61,19.17,19.78,18.89,173382,334593917.0,4.52,-2.64,-0.52,1.18
2025-01-06,600765,19.15,18.76,19.24,18.61,145260,273607487.0,3.29,-2.14,-0.41,0.99
2025-01-07,600765,18.9,18.9,18.97,18.63,120091,226034864.0,1.81,0.75,0.14,0.82
2025-01-08,600765,18.88,18.65,18.91,18.13,177430,328100615.0,4.13,-1.32,-0.25,1.21
2025-01-09,600765,18.6,19.05,19.21,18.31,258629,485914809.0,4.83,2.14,0.4,1.76
2025-01-10,600765,18.83,18.62,19.71,18.51,295070,565397367.0,6.3,-2.26,-0.43,2.01
2025-01-13,600765,18.4,18.59,18.88,18.32,105265,195705048.0,3.01,-0.16,-0.03,0.72
2025-01-14,600765,18.58,19.3,19.39,18.51,155188,295815088.0,4.73,3.82,0.71,1.06
2025-01-15,600765,19.24,19.07,19.42,19.02,123379,236183974.0,2.07,-1.19,-0.23,0.84
2025-01-16,600765,19.15,18.53,19.33,18.45,211933,397002334.0,4.61,-2.83,-0.54,1.44
2025-01-17,600765,18.5,18.81,19.2,18.34,229446,431234812.0,4.64,1.51,0.28,1.56
2025-01-20,600765,18.93,19.02,19.25,18.78,157747,300550153.0,2.5,1.12,0.21,1.07
2025-01-21,600765,19.17,18.87,19.22,18.6,149379,280844580.0,3.26,-0.79,-0.15,1.02
2025-01-22,600765,18.79,18.66,18.79,18.56,95062,177142778.0,1.22,-1.11,-0.21,0.65
2025-01-23,600765,18.85,18.77,19.15,18.73,150720,285776731.0,2.25,0.59,0.11,1.02
2025-01-24,600765,18.67,18.72,18.8,18.56,165715,309628772.0,1.28,-0.27,-0.05,1.13
2025-01-27,600765,18.78,18.39,18.84,18.37,125687,233013971.0,2.51,-1.76,-0.33,0.85
2025-02-05,600765,18.48,18.24,18.48,17.99,132538,240870080.0,2.66,-0.82,-0.15,0.9
2025-02-06,600765,18.28,18.8,18.81,18.16,178365,331948840.0,3.56,3.07,0.56,1.21
2025-02-07,600765,18.77,18.89,19.16,18.65,196903,372636258.0,2.71,0.48,0.09,1.34
2025-02-10,600765,18.94,18.72,18.98,18.57,290480,542765977.0,2.17,-0.9,-0.17,1.98
2025-02-11,600765,18.71,18.31,18.74,18.25,231140,424851821.0,2.62,-2.19,-0.41,1.57
2025-02-12,600765,18.31,18.35,18.39,18.14,202602,369622000.0,1.37,0.22,0.04,1.38
2025-02-13,600765,18.36,18.24,18.57,18.2,295756,541357497.0,2.02,-0.6,-0.11,2.01
2025-02-14,600765,18.25,17.51,18.29,17.27,761163,1340351203.0,5.59,-4.0,-0.73,5.18
2025-02-17,600765,17.48,17.42,17.61,17.25,343087,595879075.0,2.06,-0.51,-0.09,2.33
2025-02-18,600765,17.35,17.21,17.47,17.14,232471,402422380.0,1.89,-1.21,-0.21,1.58
2025-02-19,600765,17.23,17.32,17.32,17.06,275832,474744174.0,1.51,0.64,0.11,1.88
2025-02-20,600765,17.28,17.65,17.76,17.16,390670,682851965.0,3.46,1.91,0.33,2.66
2025-02-21,600765,17.55,17.59,17.64,17.42,249553,437481968.0,1.25,-0.34,-0.06,1.7
2025-02-24,600765,17.58,17.49,17.58,17.31,266231,464851246.0,1.53,-0.57,-0.1,1.81
2025-02-25,600765,17.32,17.18,17.41,17.12,240565,415710069.0,1.66,-1.77,-0.31,1.64
2025-02-26,600765,17.19,17.38,17.45,17.11,263171,454762432.0,1.98,1.16,0.2,1.79
2025-02-27,600765,17.38,17.19,17.39,16.92,267204,458112383.0,2.7,-1.09,-0.19,1.82
2025-02-28,600765,17.16,16.88,17.25,16.85,258158,439934769.0,2.33,-1.8,-0.31,1.76
2025-03-03,600765,16.91,16.99,17.14,16.91,170737,290857052.0,1.36,0.65,0.11,1.16
2025-03-04,600765,17.08,17.53,17.55,16.99,446000,775372175.0,3.3,3.18,0.54,3.03
2025-03-05,600765,17.52,17.47,17.81,17.39,284235,499109335.0,2.4,-0.34,-0.06,1.93
2025-03-06,600765,17.51,17.55,17.62,17.35,247238,432814526.0,1.55,0.46,0.08,1.68
2025-03-07,600765,17.5,18.06,18.44,17.4,651129,1177421141.0,5.93,2.91,0.51,4.43
2025-03-10,600765,18.16,18.48,18.59,18.15,560642,1033280168.0,2.44,2.33,0.42,3.81
2025-03-11,600765,18.27,18.54,18.74,18.2,369033,683273045.0,2.92,0.32,0.06,2.51
2025-03-12,600765,18.5,18.47,19.08,18.47,398077,744890688.0,3.29,-0.38,-0.07,2.71
2025-03-13,600765,18.45,18.78,18.93,18.37,400492,747082985.0,3.03,1.68,0.31,2.72
2025-03-14,600765,18.82,18.68,18.93,18.5,375271,700171132.0,2.29,-0.53,-0.1,2.55
2025-03-17,600765,18.76,18.5,18.77,18.47,270903,503663957.0,1.61,-0.96,-0.18,1.84
2025-03-18,600765,18.52,18.29,18.6,18.25,264124,485255904.0,1.89,-1.14,-0.21,1.8
2025-03-19,600765,18.28,18.12,18.28,17.95,254197,458957781.0,1.8,-0.93,-0.17,1.73
2025-03-20,600765,18.09,18.66,19.06,18.01,560995,1046087168.0,5.79,2.98,0.54,3.81
2025-03-21,600765,18.59,18.46,18.95,18.28,374004,695244447.0,3.59,-1.07,-0.2,2.54
2025-03-24,600765,18.35,18.0,18.53,17.69,330185,594091371.0,4.55,-2.49,-0.46,2.25
2025-03-25,600765,18.0,18.11,18.42,17.92,299150,545409466.0,2.78,0.61,0.11,2.03
2025-03-26,600765,18.11,18.24,18.45,17.99,277341,505744233.0,2.54,0.72,0.13,1.89
2025-03-27,600765,18.17,18.01,18.22,17.81,195385,352140793.0,2.25,-1.26,-0.23,1.33
2025-03-28,600765,18.01,17.82,18.1,17.73,165382,295656463.0,2.05,-1.05,-0.19,1.12
2025-03-31,600765,16.4,16.04,16.58,16.04,684499,1105031123.0,3.03,-9.99,-1.78,4.65
2025-04-01,600765,16.0,16.13,16.38,15.8,532962,857594844.0,3.62,0.56,0.09,3.62
2025-04-02,600765,16.1,15.82,16.17,15.75,405283,642863979.0,2.6,-1.92,-0.31,2.76
2025-04-03,600765,15.69,15.94,16.02,15.62,263555,418950318.0,2.53,0.76,0.12,1.79
2025-04-07,600765,15.18,14.62,15.57,14.35,403392,603489381.0,7.65,-8.28,-1.32,2.74
2025-04-08,600765,14.82,15.16,15.26,14.81,314056,472413927.0,3.08,3.69,0.54,2.14
2025-04-09,600765,15.04,15.89,15.98,14.96,431309,673565606.0,6.73,4.82,0.73,2.93
2025-04-10,600765,15.89,15.87,16.06,15.64,341950,542736863.0,2.64,-0.13,-0.02,2.33
2025-04-11,600765,15.82,15.88,16.0,15.71,226495,359459104.0,1.83,0.06,0.01,1.54
2025-04-14,600765,15.92,15.97,16.05,15.8,241335,383974998.0,1.57,0.57,0.09,1.64
2025-04-15,600765,15.97,15.73,15.97,15.61,162679,255967386.0,2.25,-1.5,-0.24,1.11
2025-04-16,600765,15.5,15.41,15.86,15.26,247384,383157394.0,3.81,-2.03,-0.32,1.68
2025-04-17,600765,15.59,15.53,15.98,15.51,235709,370444903.0,3.05,0.78,0.12,1.6
2025-04-18,600765,15.48,15.32,15.57,15.23,179319,275212985.0,2.19,-1.35,-0.21,1.22
2025-04-21,600765,15.31,15.58,15.61,15.26,152676,236950405.0,2.28,1.7,0.26,1.04
2025-04-22,600765,15.58,15.46,15.61,15.46,124304,192797856.0,0.96,-0.77,-0.12,0.85
2025-04-23,600765,15.51,15.42,15.56,15.34,126316,194610950.0,1.42,-0.26,-0.04,0.86
2025-04-24,600765,15.45,15.12,15.45,15.09,172795,263007833.0,2.33,-1.95,-0.3,1.17
2025-04-25,600765,15.15,15.19,15.28,15.11,108287,164436537.0,1.12,0.46,0.07,0.74
2025-04-28,600765,15.14,14.93,15.16,14.84,172499,258089302.0,2.11,-1.71,-0.26,1.17
2025-04-29,600765,14.86,14.89,14.93,14.77,133516,198273190.0,1.07,-0.27,-0.04,0.91
2025-04-30,600765,14.9,15.0,15.07,14.86,124761,186581641.0,1.41,0.74,0.11,0.85
2025-05-06,600765,15.06,15.26,15.26,15.06,143403,217754959.0,1.33,1.73,0.26,0.98
2025-05-07,600765,15.5,16.02,16.22,15.44,589994,936057951.0,5.11,4.98,0.76,4.01
2025-05-08,600765,16.02,17.1,17.55,15.75,859177,1429294296.0,11.24,6.74,1.08,5.84
2025-05-09,600765,17.07,16.44,17.08,16.41,605166,1004465571.0,3.92,-3.86,-0.66,4.11
2025-05-12,600765,16.35,16.99,17.17,16.33,646383,1093892430.0,5.11,3.35,0.55,4.4
2025-05-13,600765,17.0,16.55,17.04,16.45,418818,697244818.0,3.47,-2.59,-0.44,2.85
2025-05-14,600765,16.51,16.38,16.64,16.29,265728,435620243.0,2.11,-1.03,-0.17,1.81
2025-05-15,600765,16.35,16.18,16.54,16.17,243400,397811602.0,2.26,-1.22,-0.2,1.65
2025-05-16,600765,16.18,16.14,16.45,16.12,172601,280392816.0,2.04,-0.25,-0.04,1.17
2025-05-19,600765,16.23,16.26,16.3,16.03,145885,236320113.0,1.67,0.74,0.12,0.99
2025-05-20,600765,16.21,16.16,16.25,16.04,139522,225198605.0,1.29,-0.62,-0.1,0.95
2025-05-21,600765,16.16,16.23,16.24,16.08,121113,196002759.0,0.99,0.43,0.07,0.82
2025-05-22,600765,16.18,16.12,16.41,16.08,166412,270217079.0,2.03,-0.68,-0.11,1.13
2025-05-23,600765,16.09,15.93,16.15,15.92,142803,229049284.0,1.43,-1.18,-0.19,0.97
2025-05-26,600765,15.9,16.08,16.16,15.9,111127,178304527.0,1.63,0.94,0.15,0.76
2025-05-27,600765,16.08,15.99,16.09,15.86,102325,163163444.0,1.43,-0.56,-0.09,0.7
2025-05-28,600765,15.98,15.92,16.06,15.88,72618,115843697.0,1.13,-0.44,-0.07,0.49
2025-05-29,600765,15.97,16.12,16.16,15.88,201005,321946128.0,1.76,1.26,0.2,1.37
2025-05-30,600765,16.11,16.18,16.23,16.06,173270,280000884.0,1.05,0.37,0.06,1.18
2025-06-03,600765,16.23,16.19,16.38,16.13,162849,264536111.0,1.55,0.06,0.01,1.11
2025-06-04,600765,16.16,16.06,16.16,15.99,140750,225894858.0,1.05,-0.8,-0.13,0.96
2025-06-05,600765,16.01,16.04,16.13,15.97,127300,204139954.0,1.0,-0.12,-0.02,0.87
2025-06-06,600765,16.14,16.06,16.23,16.05,128992,208153543.0,1.12,0.12,0.02,0.88
2025-06-09,600765,16.2,16.42,16.57,16.19,278578,457197586.0,2.37,2.24,0.36,1.89
2025-06-10,600765,16.33,16.18,16.37,16.06,164756,266861997.0,1.89,-1.46,-0.24,1.12
2025-06-11,600765,16.24,16.21,16.28,16.14,96894,157068859.0,0.87,0.19,0.03,0.66
2025-06-12,600765,16.2,16.13,16.2,16.08,94276,151999369.0,0.74,-0.49,-0.08,0.64
2025-06-13,600765,16.23,16.32,16.44,16.14,261167,425725446.0,1.86,1.18,0.19,1.78
2025-06-16,600765,16.36,16.33,16.45,16.18,147378,240685124.0,1.65,0.06,0.01,1.0
2025-06-17,600765,16.29,16.26,16.3,16.12,120497,195264766.0,1.1,-0.43,-0.07,0.82
2025-06-18,600765,16.24,16.26,16.45,16.19,164978,269433133.0,1.6,0.0,0.0,1.12
2025-06-19,600765,16.26,15.9,16.26,15.78,217852,347712167.0,2.95,-2.21,-0.36,1.48
2025-06-20,600765,15.85,15.69,15.85,15.68,113343,178575874.0,1.07,-1.32,-0.21,0.77
2025-06-23,600765,15.69,15.87,15.96,15.69,103847,164421424.0,1.72,1.15,0.18,0.71
2025-06-24,600765,15.74,15.96,15.99,15.7,147817,234514717.0,1.83,0.57,0.09,1.01
2025-06-25,600765,15.98,16.38,16.38,15.89,299144,485984663.0,3.07,2.63,0.42,2.03
2025-06-26,600765,16.4,16.4,16.68,16.32,318711,527014384.0,2.2,0.12,0.02,2.17
2025-06-27,600765,16.43,16.41,16.59,16.38,201373,331542760.0,1.28,0.06,0.01,1.37
2025-06-30,600765,16.5,16.88,16.96,16.5,356641,599295464.0,2.8,2.86,0.47,2.42
2025-07-01,600765,16.9,16.8,16.94,16.66,257079,431093788.0,1.66,-0.47,-0.08,1.75
2025-07-02,600765,16.8,16.58,16.8,16.5,181413,301323936.0,1.79,-1.31,-0.22,1.23
2025-07-03,600765,16.55,16.6,16.75,16.48,136621,226757896.0,1.63,0.12,0.02,0.93
2025-07-04,600765,16.58,16.5,16.7,16.39,173139,286310598.0,1.87,-0.6,-0.1,1.18
2025-07-07,600765,16.54,16.45,16.58,16.43,109820,181135909.0,0.91,-0.3,-0.05,0.75
2025-07-08,600765,16.47,16.46,16.51,16.4,164242,270021998.0,0.67,0.06,0.01,1.12
2025-07-09,600765,16.46,16.39,16.58,16.35,188606,310344961.0,1.4,-0.43,-0.07,1.28
2025-07-10,600765,16.33,16.48,16.52,16.27,168959,276935823.0,1.53,0.55,0.09,1.15
2025-07-11,600765,16.48,16.6,16.68,16.46,221372,367092779.0,1.33,0.73,0.12,1.51
2025-07-14,600765,16.61,16.51,16.62,16.49,138435,228886936.0,0.78,-0.54,-0.09,0.94
2025-07-15,600765,16.49,16.3,16.54,16.24,177514,290219036.0,1.82,-1.27,-0.21,1.21
2025-07-16,600765,16.26,16.3,16.39,16.26,97118,158476562.0,0.8,0.0,0.0,0.66
2025-07-17,600765,16.32,16.6,16.65,16.31,239562,395166184.0,2.09,1.84,0.3,1.63
2025-07-18,600765,16.6,17.1,17.25,16.51,558768,948855489.0,4.46,3.01,0.5,3.8
2025-07-21,600765,17.02,17.0,17.12,16.89,287074,487348162.0,1.35,-0.58,-0.1,1.95
2025-07-22,600765,17.01,17.13,17.18,16.95,255977,437234775.0,1.35,0.76,0.13,1.74
2025-07-23,600765,17.1,16.9,17.11,16.86,207598,352409701.0,1.46,-1.34,-0.23,1.41
2025-07-24,600765,16.97,17.38,17.42,16.93,345701,595950932.0,2.9,2.84,0.48,2.21
2025-07-25,600765,17.4,17.41,17.51,17.28,238107,414298596.0,1.32,0.17,0.03,1.52
2025-07-28,600765,17.42,17.52,17.73,17.36,252553,442989044.0,2.13,0.63,0.11,1.61
2025-07-29,600765,17.52,17.56,17.57,17.32,220970,385440130.0,1.43,0.23,0.04,1.41
2025-07-30,600765,17.6,17.37,17.83,17.25,309676,543319247.0,3.3,-1.08,-0.19,1.98
2025-07-31,600765,17.3,17.15,17.46,17.04,255866,440537914.0,2.42,-1.27,-0.22,1.64
2025-08-01,600765,17.17,17.02,17.2,16.93,180555,307877652.0,1.57,-0.76,-0.13,1.15
2025-08-04,600765,16.95,17.36,17.37,16.91,226396,389981907.0,2.7,2.0,0.34,1.46
2025-08-05,600765,17.37,17.37,17.51,17.24,204522,354793072.0,1.56,0.06,0.01,1.32
2025-08-06,600765,17.37,17.65,17.72,17.3,333679,586497830.0,2.42,1.61,0.28,2.15
2025-08-07,600765,17.65,17.43,17.66,17.35,241064,420485563.0,1.76,-1.25,-0.22,1.55
2025-08-08,600765,17.44,17.44,17.5,17.19,213038,369273583.0,1.78,0.06,0.01,1.37
2025-08-11,600765,17.45,17.43,17.55,17.36,265573,462975832.0,1.09,-0.06,-0.01,1.71
2025-08-12,600765,17.4,17.21,17.41,17.17,215346,371348860.0,1.38,-1.26,-0.22,1.39
2025-08-13,600765,17.21,17.25,17.42,17.18,222230,383800085.0,1.39,0.23,0.04,1.43
2025-08-14,600765,17.2,16.9,17.27,16.85,288673,491739344.0,2.43,-2.03,-0.35,1.86
2025-08-15,600765,16.89,17.0,17.0,16.84,196877,333321300.0,0.95,0.59,0.1,1.27
2025-08-18,600765,17.02,17.16,17.2,17.0,256600,439540662.0,1.18,0.94,0.16,1.65
2025-08-19,600765,17.18,16.98,17.19,16.95,216669,369051545.0,1.4,-1.05,-0.18,1.4
2025-08-20,600765,16.95,17.07,17.13,16.85,248178,421525655.0,1.65,0.53,0.09,1.6
2025-08-21,600765,17.06,17.05,17.13,17.0,268333,457787100.0,0.76,-0.12,-0.02,1.73
2025-08-22,600765,17.1,17.26,17.26,17.01,325626,557547556.0,1.47,1.23,0.21,2.1
2025-08-25,600765,17.28,17.45,17.45,17.17,414444,717333493.0,1.62,1.1,0.19,2.67
2025-08-26,600765,17.39,17.28,17.39,17.21,251300,434280186.0,1.03,-0.97,-0.17,1.62
2025-08-27,600765,17.31,16.92,17.39,16.92,335875,577687309.0,2.72,-2.08,-0.36,2.16
2025-08-28,600765,16.94,17.11,17.12,16.57,301619,509454592.0,3.25,1.12,0.19,1.94
2025-08-29,600765,17.1,17.25,17.25,17.02,282963,484872742.0,1.34,0.82,0.14,1.82
2025-09-01,600765,17.22,17.1,17.27,16.93,291339,496404626.0,1.97,-0.87,-0.15,1.88
2025-09-02,600765,17.11,16.91,17.12,16.7,228389,384881949.0,2.46,-1.11,-0.19,1.47
2025-09-03,600765,16.93,16.1,16.99,16.08,349132,572928099.0,5.38,-4.79,-0.81,2.25
2025-09-04,600765,16.1,15.81,16.1,15.69,232130,369205657.0,2.55,-1.8,-0.29,1.5
2025-09-05,600765,15.82,16.25,16.4,15.8,203308,327403384.0,3.8,2.78,0.44,1.31
2025-09-08,600765,16.27,16.25,16.33,16.13,134515,218212417.0,1.23,0.0,0.0,0.87
2025-09-09,600765,16.25,16.04,16.25,16.01,109617,176666411.0,1.48,-1.29,-0.21,0.71
2025-09-10,600765,16.05,16.06,16.16,16.02,109070,175499596.0,0.87,0.12,0.02,0.7
2025-09-11,600765,16.05,16.13,16.15,15.91,148469,238084132.0,1.49,0.44,0.07,0.96
2025-09-12,600765,16.14,16.02,16.15,16.0,133954,215178290.0,0.93,-0.68,-0.11,0.86
2025-09-15,600765,16.02,15.93,16.03,15.84,128080,203690187.0,1.19,-0.56,-0.09,0.82
2025-09-16,600765,15.93,15.9,15.94,15.81,95515,151725461.0,0.82,-0.19,-0.03,0.62
2025-09-17,600765,15.9,15.94,15.98,15.84,99896,159048352.0,0.88,0.25,0.04,0.64
2025-09-18,600765,15.95,15.78,16.06,15.73,172868,275489100.0,2.07,-1.0,-0.16,1.11
2025-09-19,600765,15.8,15.96,16.03,15.78,131790,210151888.0,1.58,1.14,0.18,0.85
2025-09-22,600765,16.02,15.86,16.02,15.82,102627,163012220.0,1.25,-0.63,-0.1,0.66
2025-09-23,600765,15.9,15.73,15.91,15.46,152461,238312947.0,2.84,-0.82,-0.13,0.98
2025-09-24,600765,15.64,15.9,15.93,15.64,135778,214621694.0,1.84,1.08,0.17,0.87
2025-09-25,600765,15.85,15.77,15.95,15.71,109751,173228487.0,1.51,-0.82,-0.13,0.71
2025-09-26,600765,15.74,15.88,16.03,15.72,147832,235434535.0,1.97,0.7,0.11,0.95
2025-09-29,600765,15.89,15.92,15.95,15.68,130481,206215282.0,1.7,0.25,0.04,0.84
2025-09-30,600765,15.94,16.26,16.29,15.88,243859,394559500.0,2.58,2.14,0.34,1.57
2025-10-09,600765,16.26,16.42,16.48,16.16,276978,452415582.0,1.97,0.98,0.16,1.78
2025-10-10,600765,16.4,16.44,16.52,16.35,188728,310576537.0,1.04,0.12,0.02,1.22
2025-10-13,600765,16.14,16.56,16.66,16.13,221277,364687259.0,3.22,0.73,0.12,1.43
2025-10-14,600765,16.56,16.33,16.65,16.3,168428,277281956.0,2.11,-1.39,-0.23,1.08
2025-10-15,600765,16.31,16.34,16.4,16.18,139234,226743339.0,1.35,0.06,0.01,0.9
2025-10-16,600765,16.35,16.11,16.44,16.07,172558,279776905.0,2.26,-1.41,-0.23,1.11
2025-10-17,600765,16.11,15.78,16.22,15.78,161999,258769656.0,2.73,-2.05,-0.33,1.04
2025-10-20,600765,15.85,15.87,15.98,15.8,86876,137970163.0,1.14,0.57,0.09,0.56
2025-10-21,600765,15.84,15.9,16.02,15.82,94811,151096962.0,1.26,0.19,0.03,0.61
2025-10-22,600765,15.86,15.83,15.92,15.79,88023,139424947.0,0.82,-0.44,-0.07,0.57
2025-10-23,600765,15.81,15.88,15.89,15.63,94824,149178887.0,1.64,0.32,0.05,0.61
2025-10-24,600765,15.9,16.2,16.24,15.9,246448,397077324.0,2.14,2.02,0.32,1.59
2025-10-27,600765,16.23,16.25,16.31,16.05,174952,282716298.0,1.6,0.31,0.05,1.13
2025-10-28,600765,16.21,16.17,16.37,16.14,146376,238139889.0,1.42,-0.49,-0.08,0.94
2025-10-29,600765,16.2,16.17,16.2,16.1,102908,166280754.0,0.62,0.0,0.0,0.66
2025-10-30,600765,16.15,16.01,16.16,16.0,116536,187197947.0,0.99,-0.99,-0.16,0.75
2025-10-31,600765,15.66,15.83,16.02,15.57,185861,294263569.0,2.81,-1.12,-0.18,1.2
2025-11-03,600765,15.82,15.79,15.87,15.68,114204,179841623.0,1.2,-0.25,-0.04,0.74
2025-11-04,600765,15.78,15.68,15.82,15.63,95341,149782012.0,1.2,-0.7,-0.11,0.61
2025-11-05,600765,15.61,15.71,15.76,15.6,76298,119761949.0,1.02,0.19,0.03,0.49
2025-11-06,600765,15.82,16.89,17.24,15.82,878979,1474973262.0,9.04,7.51,1.18,5.66
2025-11-07,600765,16.69,16.79,17.17,16.66,421857,710308634.0,3.02,-0.59,-0.1,2.72
2025-11-10,600765,16.8,16.72,16.8,16.48,254994,423818993.0,1.91,-0.42,-0.07,1.64
2025-11-11,600765,16.66,16.85,16.92,16.61,225928,379062575.0,1.85,0.78,0.13,1.46
2025-11-12,600765,16.84,16.51,16.84,16.38,217068,358988706.0,2.73,-2.02,-0.34,1.4
2025-11-13,600765,16.49,16.55,16.62,16.42,155758,257148290.0,1.21,0.24,0.04,1.0
2025-11-14,600765,16.49,16.72,16.87,16.45,269307,451289403.0,2.54,1.03,0.17,1.73
2025-11-17,600765,17.02,16.7,17.1,16.7,206280,347235634.0,2.39,-0.12,-0.02,1.33
2025-11-18,600765,16.66,16.42,16.74,16.32,146720,241212342.0,2.51,-1.68,-0.28,0.95
2025-11-19,600765,16.41,16.49,16.57,16.35,136029,224127575.0,1.34,0.43,0.07,0.88
2025-11-20,600765,16.51,16.47,16.57,16.21,139727,229281664.0,2.18,-0.12,-0.02,0.9
2025-11-21,600765,16.39,16.05,16.47,16.04,168081,272542393.0,2.61,-2.55,-0.42,1.08
2025-11-24,600765,16.05,16.54,16.6,16.05,218046,357108809.0,3.43,3.05,0.49,1.4
2025-11-25,600765,16.44,16.23,16.46,16.21,180704,294792306.0,1.51,-1.87,-0.31,1.16
2025-11-26,600765,16.23,15.94,16.26,15.9,167641,268877504.0,2.22,-1.79,-0.29,1.08
2025-11-27,600765,15.91,15.92,16.03,15.89,94962,151484167.0,0.88,-0.13,-0.02,0.61
2025-11-28,600765,15.92,15.99,16.01,15.85,99647,158752099.0,1.01,0.44,0.07,0.64
2025-12-01,600765,16.05,16.11,16.23,15.99,136662,220312921.0,1.5,0.75,0.12,0.88
2025-12-02,600765,16.06,15.9,16.08,15.88,113921,181479191.0,1.24,-1.3,-0.21,0.73
2025-12-03,600765,15.95,15.84,16.0,15.74,115179,182507796.0,1.64,-0.38,-0.06,0.74
2025-12-04,600765,15.79,15.67,15.86,15.64,150086,236326156.0,1.39,-1.07,-0.17,0.97
2025-12-05,600765,15.65,15.85,15.92,15.58,188383,297277199.0,2.17,1.15,0.18,1.21
2025-12-08,600765,16.01,16.22,16.75,16.01,576025,950042003.0,4.67,2.33,0.37,3.71
2025-12-09,600765,16.23,16.32,16.43,16.03,325855,527350500.0,2.47,0.62,0.1,2.1
2025-12-10,600765,16.22,16.5,16.87,16.22,419607,694255484.0,3.98,1.1,0.18,2.7
2025-12-11,600765,16.55,16.47,16.7,16.41,322036,533214420.0,1.76,-0.18,-0.03,2.07
2025-12-12,600765,16.57,16.8,16.85,16.48,480159,804232364.0,2.25,2.0,0.33,3.09
2025-12-15,600765,16.9,16.91,17.17,16.7,463084,785678452.0,2.8,0.65,0.11,2.98
2025-12-16,600765,17.0,17.0,17.12,16.53,576634,974343573.0,3.49,0.53,0.09,3.71
2025-12-17,600765,16.88,16.77,16.99,16.5,397238,663049261.0,2.88,-1.35,-0.23,2.56
2025-12-18,600765,16.64,17.89,18.45,16.6,1429942,2556041610.0,11.03,6.68,1.12,9.21
2025-12-19,600765,17.67,18.04,18.41,17.58,1128254,2032707018.0,4.64,0.84,0.15,7.27
2025-12-22,600765,18.2,17.69,18.28,17.65,621312,1108125548.0,3.49,-1.94,-0.35,4.0
2025-12-23,600765,17.79,17.35,18.02,17.23,595312,1042998008.0,4.47,-1.92,-0.34,3.83
2025-12-24,600765,17.19,17.59,17.76,17.1,496535,868646831.0,3.8,1.38,0.24,3.2
2025-12-25,600765,17.55,18.48,18.88,17.52,884500,1621175536.0,7.73,5.06,0.89,5.7
2025-12-26,600765,18.48,18.27,18.65,18.05,609064,1114428548.0,3.25,-1.14,-0.21,3.92
2025-12-29,600765,18.25,18.44,18.49,18.13,499383,915140662.0,1.97,0.93,0.17,3.22
2025-12-30,600765,18.87,19.18,20.28,18.44,1582287,3080384539.0,9.98,4.01,0.74,10.19
2025-12-31,600765,19.0,19.16,19.51,18.58,1062659,2027173262.0,4.85,-0.1,-0.02,6.84
2026-01-05,600765,19.4,19.1,19.59,18.7,870201,1656516395.0,4.65,-0.31,-0.06,5.61
2026-01-06,600765,18.95,19.68,19.8,18.8,934887,1805062785.0,5.24,3.04,0.58,6.02
2026-01-07,600765,19.56,19.1,19.56,19.06,655567,1260556404.0,2.54,-2.95,-0.58,4.22
2026-01-08,600765,19.0,20.03,20.35,18.92,1025830,2027273877.0,7.49,4.87,0.93,6.61
2026-01-09,600765,20.03,20.1,20.86,19.87,1133583,2299162310.0,4.94,0.35,0.07,7.3
2026-01-12,600765,20.44,20.92,21.1,20.28,681816,1412441357.0,4.08,4.08,0.82,4.39
2026-01-13,600765,20.51,19.13,20.52,19.09,1122470,2191725295.0,6.84,-8.56,-1.79,7.23
2026-01-14,600765,19.01,20.25,21.04,19.01,1635395,3322877929.0,10.61,5.85,1.12,10.53
2026-01-15,600765,20.0,19.83,20.18,19.42,836095,1651939057.0,3.75,-2.07,-0.42,5.39
2026-01-16,600765,19.94,19.15,20.04,19.1,813389,1581163884.0,4.74,-3.43,-0.68,5.24
2026-01-19,600765,19.01,20.43,20.82,18.88,1025865,2057196215.0,10.13,6.68,1.28,6.61
2026-01-20,600765,20.38,19.75,20.6,19.5,658109,1307944839.0,5.38,-3.33,-0.68,4.24
2026-01-21,600765,19.6,19.49,19.86,19.38,471121,921666918.0,2.43,-1.32,-0.26,3.03
