日期,股票代码,开盘,收盘,最高,最低,成交量,成交额,振幅,涨跌幅,涨跌额,换手率
2021-11-11,603213,7.19,8.63,8.63,7.19,16560,14222631.0,24.04,44.07,2.64,2.54
2021-11-12,603213,9.49,9.49,9.49,9.49,5565,5281546.0,0.0,9.97,0.86,0.85
2021-11-15,603213,10.44,10.44,10.44,10.44,3077,3212774.0,0.0,10.01,0.95,0.47
2021-11-16,603213,11.48,11.48,11.48,11.48,30566,35090009.0,0.0,9.96,1.04,4.68
2021-11-17,603213,12.63,12.63,12.63,12.63,68096,86005286.0,0.0,10.02,1.15,10.43
2021-11-18,603213,12.97,13.89,13.89,12.66,308286,415088688.0,9.74,9.98,1.26,47.24
2021-11-19,603213,14.98,15.28,15.28,14.59,105518,158447782.0,4.97,10.01,1.39,16.17
2021-11-22,603213,16.81,16.81,16.81,16.81,9400,15801988.0,0.0,10.01,1.53,1.44
2021-11-23,603213,18.49,18.49,18.49,17.77,106149,195631757.0,4.28,9.99,1.68,16.27
2021-11-24,603213,20.34,20.34,20.34,20.0,56210,114259521.0,1.84,10.01,1.85,8.61
2021-11-25,603213,22.37,22.37,22.37,22.37,7571,16936774.0,0.0,9.98,2.03,1.16
2021-11-26,603213,23.0,20.13,23.48,20.13,99293,215409710.0,14.98,-10.01,-2.24,15.21
2021-11-29,603213,18.12,20.6,22.01,18.12,466025,918920080.0,19.32,2.33,0.47,71.41
2021-11-30,603213,18.98,19.4,20.71,18.54,389529,747410448.0,10.53,-5.83,-1.2,59.69
2021-12-01,603213,18.64,19.45,19.86,18.33,291135,565222352.0,7.89,0.26,0.05,44.61
2021-12-02,603213,19.45,18.33,20.18,18.3,256019,488117680.0,9.67,-5.76,-1.12,39.23
2021-12-03,603213,17.63,16.86,17.87,16.81,231519,397196720.0,5.78,-8.02,-1.47,35.48
2021-12-06,603213,16.69,18.55,18.55,16.1,306807,534478944.0,14.53,10.02,1.69,47.01
2021-12-07,603213,18.45,20.41,20.41,17.53,415838,805915936.0,15.53,10.03,1.86,63.72
2021-12-08,603213,21.0,22.45,22.45,21.0,300183,664106912.0,7.1,10.0,2.04,46.0
2021-12-09,603213,20.27,21.5,22.24,20.27,416717,890528016.0,8.78,-4.23,-0.95,63.85
2021-12-10,603213,20.99,23.65,23.65,20.56,430136,987985776.0,14.37,10.0,2.15,65.91
2021-12-13,603213,23.0,26.02,26.02,22.59,411742,994993104.0,14.5,10.02,2.37,63.09
2021-12-14,603213,25.45,28.62,28.62,24.48,328552,890778160.0,15.91,9.99,2.6,50.35
2021-12-15,603213,29.7,27.5,31.48,27.01,398150,1209096032.0,15.62,-3.91,-1.12,61.01
2021-12-16,603213,27.51,28.99,29.95,27.51,389995,1115833008.0,8.87,5.42,1.49,59.76
2021-12-17,603213,28.0,28.1,30.36,27.01,378118,1074135504.0,11.56,-3.07,-0.89,57.94
2021-12-20,603213,27.8,28.3,29.5,26.66,308663,867901584.0,10.11,0.71,0.2,47.3
2021-12-21,603213,27.5,26.05,28.0,25.47,265044,699591920.0,8.94,-7.95,-2.25,40.61
2021-12-22,603213,25.5,24.95,26.68,24.62,213709,537566352.0,7.91,-4.22,-1.1,32.75
2021-12-23,603213,24.7,24.62,25.88,24.26,200023,499593360.0,6.49,-1.32,-0.33,30.65
2021-12-24,603213,24.11,23.86,25.3,23.64,194159,470751680.0,6.74,-3.09,-0.76,29.75
2021-12-27,603213,23.7,26.25,26.25,22.9,298357,741891616.0,14.04,10.02,2.39,45.72
2021-12-28,603213,26.6,26.98,28.85,26.18,369029,1017032832.0,10.17,2.78,0.73,56.55
2021-12-29,603213,24.8,25.0,26.3,24.61,253372,641088992.0,6.26,-7.34,-1.98,38.83
2021-12-30,603213,24.52,23.99,25.52,23.98,212008,523891936.0,6.16,-4.04,-1.01,32.49
2021-12-31,603213,23.89,23.16,24.02,23.08,156915,366440624.0,3.92,-3.46,-0.83,24.04
2022-01-04,603213,22.7,22.28,23.12,22.07,138771,312519856.0,4.53,-3.8,-0.88,21.26
2022-01-05,603213,22.4,21.47,22.72,21.11,141241,307419776.0,7.23,-3.64,-0.81,21.64
2022-01-06,603213,21.14,22.48,22.9,21.04,163949,362026848.0,8.66,4.7,1.01,25.12
2022-01-07,603213,22.02,20.67,22.38,20.6,160373,342082816.0,7.92,-8.05,-1.81,24.57
2022-01-10,603213,20.59,20.77,21.29,20.55,85571,178269153.0,3.58,0.48,0.1,13.11
2022-01-11,603213,20.98,20.09,21.14,19.81,98529,200077646.0,6.4,-3.27,-0.68,15.1
2022-01-12,603213,20.09,20.39,20.47,19.87,87470,176724506.0,2.99,1.49,0.3,13.4
2022-01-13,603213,20.4,20.11,20.4,19.88,75234,151168177.0,2.55,-1.37,-0.28,11.53
2022-01-14,603213,20.08,19.9,20.67,19.83,79643,160805124.0,4.18,-1.04,-0.21,12.2
2022-01-17,603213,20.56,20.26,21.15,20.15,112636,230918337.0,5.03,1.81,0.36,17.26
2022-01-18,603213,20.13,19.88,20.4,19.3,110538,218559661.0,5.43,-1.88,-0.38,16.94
2022-01-19,603213,19.7,19.41,20.24,18.75,118877,229513133.0,7.49,-2.36,-0.47,18.22
2022-01-20,603213,19.11,17.7,19.2,17.68,115392,211124245.0,7.83,-8.81,-1.71,17.68
2022-01-21,603213,17.62,17.61,17.95,17.31,66935,118007842.0,3.62,-0.51,-0.09,10.26
2022-01-24,603213,17.5,17.75,18.19,17.35,60991,108713888.0,4.77,0.8,0.14,9.35
2022-01-25,603213,17.55,17.19,18.1,17.19,64161,112922212.0,5.13,-3.15,-0.56,9.83
2022-01-26,603213,17.22,17.29,17.66,17.0,42915,74361880.0,3.84,0.58,0.1,6.58
2022-01-27,603213,17.35,16.7,17.51,16.65,57069,97262934.0,4.97,-3.41,-0.59,8.74
2022-01-28,603213,16.79,16.8,17.08,16.52,47549,79840266.0,3.35,0.6,0.1,7.29
2022-02-07,603213,17.1,17.41,17.48,17.08,44334,76643834.0,2.38,3.63,0.61,6.79
2022-02-08,603213,17.59,17.82,17.86,17.3,63759,112269615.0,3.22,2.35,0.41,9.77
2022-02-09,603213,17.65,17.99,18.16,17.4,67717,120785719.0,4.26,0.95,0.17,10.38
2022-02-10,603213,18.08,17.8,18.08,17.5,54653,96795081.0,3.22,-1.06,-0.19,8.37
2022-02-11,603213,17.56,17.15,17.6,17.05,50923,88066885.0,3.09,-3.65,-0.65,7.8
2022-02-14,603213,16.87,17.8,17.99,16.8,80792,143027262.0,6.94,3.79,0.65,12.38
2022-02-15,603213,17.9,17.73,17.98,17.41,54281,96083068.0,3.2,-0.39,-0.07,8.32
2022-02-16,603213,17.66,18.3,19.3,17.66,115878,213103900.0,9.25,3.21,0.57,17.76
2022-02-17,603213,18.27,18.21,18.6,18.06,83614,153054687.0,2.95,-0.49,-0.09,12.81
2022-02-18,603213,18.05,17.8,18.2,17.7,56946,101498582.0,2.75,-2.25,-0.41,8.73
2022-02-21,603213,17.85,17.88,17.9,17.58,43077,76475398.0,1.8,0.45,0.08,6.6
2022-02-22,603213,17.82,17.69,18.5,17.11,94830,169332945.0,7.77,-1.06,-0.19,14.53
2022-02-23,603213,17.74,19.46,19.46,17.67,133178,250670209.0,10.12,10.01,1.77,20.41
2022-02-24,603213,19.9,20.31,21.41,19.46,299912,604836112.0,10.02,4.37,0.85,45.96
2022-02-25,603213,19.83,20.7,21.88,19.53,235730,483585776.0,11.57,1.92,0.39,36.12
2022-02-28,603213,20.44,19.87,20.6,19.8,130801,262157699.0,3.86,-4.01,-0.83,20.04
2022-03-01,603213,19.83,19.56,20.0,19.41,92197,181262442.0,2.97,-1.56,-0.31,14.13
2022-03-02,603213,19.62,19.73,19.93,19.33,75722,149339239.0,3.07,0.87,0.17,11.6
2022-03-03,603213,19.6,20.76,20.78,19.16,165478,331014288.0,8.21,5.22,1.03,25.36
2022-03-04,603213,20.4,19.58,20.56,19.55,104085,208307375.0,4.87,-5.68,-1.18,15.95
2022-03-07,603213,19.38,19.08,19.61,19.05,59167,114198003.0,2.86,-2.55,-0.5,9.07
2022-03-08,603213,19.08,17.27,19.23,17.18,96793,173049208.0,10.74,-9.49,-1.81,14.83
2022-03-09,603213,17.29,17.77,18.23,16.97,88999,156933723.0,7.3,2.9,0.5,13.64
2022-03-10,603213,18.03,17.87,18.32,17.72,61107,109962680.0,3.38,0.56,0.1,9.36
2022-03-11,603213,17.72,17.81,17.96,17.31,45636,80701224.0,3.64,-0.34,-0.06,6.99
2022-03-14,603213,17.8,17.01,17.95,17.0,51671,90048790.0,5.33,-4.49,-0.8,7.92
2022-03-15,603213,17.07,16.09,17.16,16.0,58993,97689685.0,6.82,-5.41,-0.92,9.04
2022-03-16,603213,16.25,16.35,16.42,15.45,61379,98429839.0,6.03,1.62,0.26,9.41
2022-03-17,603213,16.35,16.79,17.17,16.35,58148,98067052.0,5.02,2.69,0.44,8.91
2022-03-18,603213,16.78,16.89,17.12,16.56,40018,67526314.0,3.34,0.6,0.1,6.13
2022-03-21,603213,16.89,17.22,17.49,16.81,58003,99243495.0,4.03,1.95,0.33,8.89
2022-03-22,603213,17.15,16.9,17.16,16.6,50434,84914501.0,3.25,-1.86,-0.32,7.73
2022-03-23,603213,18.1,18.59,18.59,18.08,47028,87060734.0,3.02,10.0,1.69,7.21
2022-03-24,603213,19.0,19.28,20.28,18.87,220320,429089360.0,7.58,3.71,0.69,33.76
2022-03-25,603213,18.57,17.65,18.68,17.61,141516,257795884.0,5.55,-8.45,-1.63,21.69
2022-03-28,603213,17.17,17.36,17.77,16.98,68682,119303587.0,4.48,-1.64,-0.29,10.52
2022-03-29,603213,17.33,16.99,17.58,16.87,60709,104100296.0,4.09,-2.13,-0.37,9.3
2022-03-30,603213,17.05,17.19,17.35,16.93,47967,82353345.0,2.47,1.18,0.2,7.35
2022-03-31,603213,17.0,16.8,17.24,16.73,51440,87004034.0,2.97,-2.27,-0.39,7.88
2022-04-01,603213,16.7,16.6,16.81,16.57,35300,58776736.0,1.43,-1.19,-0.2,5.41
2022-04-06,603213,16.69,17.04,17.28,16.38,60383,101522343.0,5.42,2.65,0.44,9.25
2022-04-07,603213,16.82,16.35,16.82,16.32,52151,85985482.0,2.93,-4.05,-0.69,7.99
2022-04-08,603213,16.48,16.43,16.6,15.94,39674,64622344.0,4.04,0.49,0.08,6.08
2022-04-11,603213,16.49,15.56,16.49,15.55,37459,59447309.0,5.72,-5.3,-0.87,5.74
2022-04-12,603213,15.51,15.87,15.9,15.28,30530,47728679.0,3.98,1.99,0.31,4.68
2022-04-13,603213,15.84,15.96,16.11,15.47,34057,53846579.0,4.03,0.57,0.09,5.22
2022-04-14,603213,15.96,15.91,16.09,15.72,28697,45630447.0,2.32,-0.31,-0.05,4.4
2022-04-15,603213,15.91,15.98,16.4,15.9,35173,56710831.0,3.14,0.44,0.07,5.39
2022-04-18,603213,15.57,15.89,15.96,15.39,24585,38572332.0,3.57,-0.56,-0.09,3.77
2022-04-19,603213,15.81,17.48,17.48,15.69,69112,116636316.0,11.26,10.01,1.59,10.59
2022-04-20,603213,18.0,17.42,18.2,17.15,145649,258848018.0,6.01,-0.34,-0.06,22.32
2022-04-21,603213,17.17,17.46,17.79,17.0,96850,167928877.0,4.54,0.23,0.04,14.84
2022-04-22,603213,17.47,16.75,17.68,16.5,86902,146622188.0,6.76,-4.07,-0.71,13.32
2022-04-25,603213,16.65,15.08,16.7,15.08,75849,117338872.0,9.67,-9.97,-1.67,11.62
2022-04-26,603213,14.37,13.57,14.6,13.57,69938,97142179.0,6.83,-10.01,-1.51,10.72
2022-04-27,603213,12.6,13.76,13.96,12.59,69798,92127691.0,10.1,1.4,0.19,10.7
2022-04-28,603213,13.55,12.99,13.55,12.94,53091,70273913.0,4.43,-5.6,-0.77,8.14
2022-04-29,603213,13.24,14.29,14.29,13.23,35945,50494701.0,8.16,10.01,1.3,5.51
2022-05-05,603213,14.48,14.71,14.94,14.2,82882,121520559.0,5.18,2.94,0.42,12.7
2022-05-06,603213,14.52,14.92,15.05,14.12,59435,87831237.0,6.32,1.43,0.21,9.11
2022-05-09,603213,14.91,15.05,15.2,14.73,34557,51942481.0,3.15,0.87,0.13,5.3
2022-05-10,603213,14.92,15.22,15.27,14.83,35565,53873546.0,2.92,1.13,0.17,5.45
2022-05-11,603213,15.33,15.36,15.96,15.16,57126,88747748.0,5.26,0.92,0.14,8.75
2022-05-12,603213,15.2,15.72,15.9,15.18,49391,77227202.0,4.69,2.34,0.36,7.57
2022-05-13,603213,15.76,15.79,16.26,15.68,38742,61537263.0,3.69,0.45,0.07,5.94
2022-05-16,603213,15.98,15.86,16.24,15.83,30895,49380187.0,2.6,0.44,0.07,4.73
2022-05-17,603213,15.65,15.95,15.96,15.56,26204,41269581.0,2.52,0.57,0.09,4.02
2022-05-18,603213,15.81,15.75,15.96,15.65,22126,34861073.0,1.94,-1.25,-0.2,3.39
2022-05-19,603213,15.19,15.87,15.9,15.18,23191,36339137.0,4.57,0.76,0.12,3.55
2022-05-20,603213,15.9,15.93,16.16,15.7,24697,39156807.0,2.9,0.38,0.06,3.78
2022-05-23,603213,16.0,15.88,16.11,15.85,20156,32083079.0,1.63,-0.31,-0.05,3.09
2022-05-24,603213,15.93,15.01,16.75,14.95,64092,101092285.0,11.34,-5.48,-0.87,9.82
2022-05-25,603213,14.87,15.5,15.6,14.87,36174,55132840.0,4.86,3.26,0.49,5.54
2022-05-26,603213,15.71,15.64,15.78,15.16,24342,37560458.0,4.0,0.9,0.14,3.73
2022-05-27,603213,15.67,15.72,15.92,15.51,29003,45549153.0,2.62,0.51,0.08,4.44
2022-05-30,603213,15.16,15.19,15.45,14.86,32528,49149966.0,3.75,-3.37,-0.53,4.98
2022-05-31,603213,15.19,15.06,15.26,14.75,27909,41772773.0,3.36,-0.86,-0.13,4.28
2022-06-01,603213,15.08,14.89,15.24,14.77,23769,35643401.0,3.12,-1.13,-0.17,3.64
2022-06-02,603213,14.85,14.95,14.97,14.56,24822,36697813.0,2.75,0.4,0.06,3.8
2022-06-06,603213,14.89,15.3,15.43,14.88,33459,51008697.0,3.68,2.34,0.35,5.13
2022-06-07,603213,15.41,15.12,15.5,14.96,22431,33927873.0,3.53,-1.18,-0.18,3.44
2022-06-08,603213,15.12,14.98,15.26,14.51,34044,50621346.0,4.96,-0.93,-0.14,5.22
2022-06-09,603213,15.05,14.57,15.07,14.41,29946,43942743.0,4.41,-2.74,-0.41,4.59
2022-06-10,603213,14.39,15.63,16.03,14.38,131915,206655422.0,11.32,7.28,1.06,20.21
2022-06-13,603213,15.31,16.62,16.99,15.31,167344,272225792.0,10.75,6.33,0.99,25.64
2022-06-14,603213,16.27,16.13,16.3,15.82,96298,154995140.0,2.89,-2.95,-0.49,14.76
2022-06-15,603213,16.11,15.6,16.23,15.6,76921,121730750.0,3.91,-3.29,-0.53,11.79
2022-06-16,603213,15.59,15.65,15.82,15.51,51927,81240475.0,1.99,0.32,0.05,7.96
2022-06-17,603213,15.66,15.64,15.83,15.44,47798,74677774.0,2.49,-0.06,-0.01,7.32
2022-06-20,603213,15.78,15.68,15.78,15.46,38146,59582784.0,2.05,0.26,0.04,5.85
2022-06-21,603213,15.64,15.5,15.75,15.31,47286,73344335.0,2.81,-1.15,-0.18,7.25
2022-06-22,603213,15.39,14.86,15.51,14.8,46098,69779972.0,4.58,-4.13,-0.64,7.06
2022-06-23,603213,14.83,14.98,15.0,14.71,32522,48412370.0,1.95,0.81,0.12,4.98
2022-06-24,603213,15.02,15.15,15.32,14.97,30801,46770230.0,2.34,1.13,0.17,4.72
2022-06-27,603213,15.28,15.17,15.39,15.15,29141,44376723.0,1.58,0.13,0.02,4.47
2022-06-28,603213,15.16,15.32,15.45,15.01,28657,43786868.0,2.9,0.99,0.15,4.39
2022-06-29,603213,15.28,14.85,15.31,14.83,38532,57878535.0,3.13,-3.07,-0.47,5.9
2022-06-30,603213,14.81,14.97,15.0,14.81,19376,28923241.0,1.28,0.81,0.12,2.97
2022-07-01,603213,14.92,15.05,15.34,14.88,28185,42520163.0,3.07,0.53,0.08,4.32
2022-07-04,603213,15.05,15.05,15.15,14.82,22424,33529083.0,2.19,0.0,0.0,3.44
2022-07-05,603213,15.06,15.95,16.35,14.95,112556,176834568.0,9.3,5.98,0.9,17.25
2022-07-06,603213,15.78,15.35,15.84,15.15,69350,107454646.0,4.33,-3.76,-0.6,10.63
2022-07-07,603213,15.33,15.15,15.33,14.98,36419,55117212.0,2.28,-1.3,-0.2,5.58
2022-07-08,603213,15.15,14.92,15.23,14.8,40938,61417309.0,2.84,-1.52,-0.23,6.27
2022-07-11,603213,14.92,14.83,14.97,14.6,26157,38406256.0,2.48,-0.6,-0.09,4.01
2022-07-12,603213,14.9,14.77,14.97,14.62,18018,26663569.0,2.36,-0.4,-0.06,2.76
2022-07-13,603213,14.7,14.94,14.96,14.65,18674,27764915.0,2.1,1.15,0.17,2.86
2022-07-14,603213,14.93,14.98,15.12,14.79,21492,32161842.0,2.21,0.27,0.04,3.29
2022-07-15,603213,15.07,14.82,15.3,14.81,32880,49498563.0,3.27,-1.07,-0.16,5.04
2022-07-18,603213,14.82,15.19,15.25,14.8,28631,43307163.0,3.04,2.5,0.37,4.39
2022-07-19,603213,15.2,15.35,15.48,15.09,37301,57167866.0,2.57,1.05,0.16,5.72
2022-07-20,603213,15.38,15.32,15.5,15.23,26381,40317817.0,1.76,-0.2,-0.03,4.04
2022-07-21,603213,15.33,15.17,15.48,15.1,21099,32070333.0,2.48,-0.98,-0.15,3.23
2022-07-22,603213,15.23,15.06,15.27,14.93,23377,35307836.0,2.24,-0.73,-0.11,3.58
2022-07-25,603213,15.17,14.95,15.17,14.89,17262,25916304.0,1.86,-0.73,-0.11,2.65
2022-07-26,603213,15.01,15.01,15.06,14.58,23000,34056466.0,3.21,0.4,0.06,3.52
2022-07-27,603213,15.03,15.14,15.24,14.91,20453,30905424.0,2.2,0.87,0.13,3.13
2022-07-28,603213,15.13,15.2,15.3,15.11,21485,32660798.0,1.25,0.4,0.06,3.29
2022-07-29,603213,15.16,15.15,15.69,15.11,43706,67102966.0,3.82,-0.33,-0.05,6.7
2022-08-01,603213,14.93,15.4,15.49,14.92,34908,53323174.0,3.76,1.65,0.25,5.35
2022-08-02,603213,15.3,14.52,15.38,14.42,44706,65672486.0,6.23,-5.71,-0.88,6.85
2022-08-03,603213,14.59,14.55,14.93,14.49,30711,45201676.0,3.03,0.21,0.03,4.71
2022-08-04,603213,14.72,14.64,14.72,14.25,24261,35222996.0,3.23,0.62,0.09,3.72
2022-08-05,603213,14.65,14.77,14.92,14.59,23998,35383965.0,2.25,0.89,0.13,3.68
2022-08-08,603213,14.72,14.9,14.92,14.65,18148,26906683.0,1.83,0.88,0.13,2.78
2022-08-09,603213,14.98,15.18,15.41,14.93,44358,67574314.0,3.22,1.88,0.28,6.8
2022-08-10,603213,15.19,15.54,15.86,15.19,77614,120924684.0,4.41,2.37,0.36,11.89
2022-08-11,603213,15.55,15.91,16.29,15.43,86632,137583899.0,5.53,2.38,0.37,13.27
2022-08-12,603213,15.89,15.66,16.04,15.59,43388,68304986.0,2.83,-1.57,-0.25,6.65
2022-08-15,603213,15.68,15.62,15.75,15.45,23472,36589120.0,1.92,-0.26,-0.04,3.6
2022-08-16,603213,15.62,15.76,15.88,15.5,29418,46221443.0,2.43,0.9,0.14,4.51
2022-08-17,603213,15.96,15.81,16.04,15.67,38407,60789800.0,2.35,0.32,0.05,5.89
2022-08-18,603213,15.83,15.93,16.22,15.8,48219,77007037.0,2.66,0.76,0.12,7.39
2022-08-19,603213,15.95,15.48,15.98,15.41,40954,64028773.0,3.58,-2.82,-0.45,6.28
2022-08-22,603213,15.45,15.74,15.8,15.33,31493,49224089.0,3.04,1.68,0.26,4.83
2022-08-23,603213,15.72,15.6,15.85,15.52,24630,38520309.0,2.1,-0.89,-0.14,3.77
2022-08-24,603213,15.65,15.03,15.76,14.97,34825,52984758.0,5.06,-3.65,-0.57,5.34
2022-08-25,603213,15.02,14.97,15.17,14.7,24151,35993420.0,3.13,-0.4,-0.06,3.7
2022-08-26,603213,15.09,15.64,15.91,14.92,58660,90907295.0,6.61,4.48,0.67,8.99
2022-08-29,603213,15.3,16.33,16.34,15.3,116282,187140758.0,6.65,4.41,0.69,17.82
2022-08-30,603213,16.33,16.09,16.52,16.01,97143,157529100.0,3.12,-1.47,-0.24,14.89
2022-08-31,603213,16.27,15.61,16.32,15.55,57015,89989552.0,4.79,-2.98,-0.48,8.74
2022-09-01,603213,15.71,15.27,15.84,15.15,46405,72010963.0,4.42,-2.18,-0.34,7.11
2022-09-02,603213,15.27,15.22,15.39,15.11,33508,51008748.0,1.83,-0.33,-0.05,5.13
2022-09-05,603213,15.23,15.58,15.83,14.9,49211,76296034.0,6.11,2.37,0.36,7.54
2022-09-06,603213,15.59,15.76,15.85,15.46,42872,67320169.0,2.5,1.16,0.18,6.57
2022-09-07,603213,15.71,15.65,15.81,15.55,29250,45783566.0,1.65,-0.7,-0.11,4.48
2022-09-08,603213,15.75,15.26,15.79,15.24,28843,44442167.0,3.51,-2.49,-0.39,4.42
2022-09-09,603213,15.26,15.35,15.36,15.01,25612,38934945.0,2.29,0.59,0.09,3.92
2022-09-13,603213,15.35,15.07,15.47,15.01,36688,55573775.0,3.0,-1.82,-0.28,5.62
2022-09-14,603213,14.79,14.89,14.92,14.69,25531,37848225.0,1.53,-1.19,-0.18,3.91
2022-09-15,603213,14.92,14.58,14.98,14.37,32039,46808409.0,4.1,-2.08,-0.31,4.91
2022-09-16,603213,14.57,14.25,14.57,14.25,18520,26604110.0,2.19,-2.26,-0.33,2.84
2022-09-19,603213,14.19,14.09,14.29,14.01,16146,22813541.0,1.96,-1.12,-0.16,2.47
2022-09-20,603213,14.27,14.21,14.27,14.12,11691,16615223.0,1.06,0.85,0.12,1.79
2022-09-21,603213,14.08,14.28,14.31,13.91,14347,20336995.0,2.81,0.49,0.07,2.2
2022-09-22,603213,14.18,14.57,14.72,14.1,23033,33394046.0,4.34,2.03,0.29,3.53
2022-09-23,603213,14.56,14.36,14.72,14.24,17632,25515492.0,3.29,-1.44,-0.21,2.7
2022-09-26,603213,13.99,13.71,14.28,13.6,22987,32043696.0,4.74,-4.53,-0.65,3.52
2022-09-27,603213,13.7,13.9,13.93,13.28,27400,37220901.0,4.74,1.39,0.19,4.2
2022-09-28,603213,13.76,13.3,13.84,13.3,15279,20685328.0,3.88,-4.32,-0.6,2.34
2022-09-29,603213,13.5,12.93,13.5,12.81,20642,27007605.0,5.19,-2.78,-0.37,3.16
2022-09-30,603213,12.97,12.8,13.02,12.68,10298,13219817.0,2.63,-1.01,-0.13,1.58
2022-10-10,603213,12.89,12.6,12.99,12.5,10077,12799016.0,3.83,-1.56,-0.2,1.54
2022-10-11,603213,12.7,12.78,12.86,12.49,8640,10963014.0,2.94,1.43,0.18,1.32
2022-10-12,603213,12.79,13.05,13.05,12.63,12526,16121238.0,3.29,2.11,0.27,1.92
2022-10-13,603213,13.0,13.03,13.16,12.86,12395,16197579.0,2.3,-0.15,-0.02,1.9
2022-10-14,603213,13.14,13.2,13.29,13.05,14156,18663102.0,1.84,1.3,0.17,2.17
2022-10-17,603213,13.18,13.35,13.36,13.1,12309,16331592.0,1.97,1.14,0.15,1.89
2022-10-18,603213,13.35,13.33,13.38,13.26,11518,15331209.0,0.9,-0.15,-0.02,1.76
2022-10-19,603213,13.32,13.09,13.38,13.06,14174,18728248.0,2.4,-1.8,-0.24,2.17
2022-10-20,603213,13.19,13.25,13.33,13.13,12252,16219087.0,1.53,1.22,0.16,1.88
2022-10-21,603213,13.3,13.17,13.3,13.12,8795,11631830.0,1.36,-0.6,-0.08,1.35
2022-10-24,603213,13.23,13.02,13.31,12.9,13686,18027819.0,3.11,-1.14,-0.15,2.1
2022-10-25,603213,13.0,13.0,13.07,12.63,10248,13202090.0,3.38,-0.15,-0.02,1.57
2022-10-26,603213,13.0,13.24,13.25,12.92,11644,15315356.0,2.54,1.85,0.24,1.78
2022-10-27,603213,13.27,13.18,13.35,13.18,9955,13197765.0,1.28,-0.45,-0.06,1.53
2022-10-28,603213,13.18,12.72,13.19,12.7,16043,20674670.0,3.72,-3.49,-0.46,2.46
2022-10-31,603213,12.72,12.82,12.97,12.65,7878,10110238.0,2.52,0.79,0.1,1.21
2022-11-01,603213,12.82,12.96,12.98,12.78,9518,12285518.0,1.56,1.09,0.14,1.46
2022-11-02,603213,12.92,13.08,13.12,12.85,14110,18410941.0,2.08,0.93,0.12,2.16
2022-11-03,603213,13.05,13.1,13.21,12.98,10099,13227823.0,1.76,0.15,0.02,1.55
2022-11-04,603213,13.15,13.31,13.36,13.08,18190,24135439.0,2.14,1.6,0.21,2.79
2022-11-07,603213,13.32,13.48,13.48,13.25,20657,27635099.0,1.73,1.28,0.17,3.17
2022-11-08,603213,13.4,13.27,13.4,13.21,15536,20623652.0,1.41,-1.56,-0.21,2.38
2022-11-09,603213,13.27,13.29,13.38,13.21,11223,14930137.0,1.28,0.15,0.02,1.72
2022-11-10,603213,13.27,13.09,13.32,12.98,19347,25382179.0,2.56,-1.5,-0.2,2.96
2022-11-11,603213,13.32,13.45,13.9,13.23,43161,58482845.0,5.12,2.75,0.36,2.77
2022-11-14,603213,13.51,13.4,13.62,13.31,23172,31165874.0,2.3,-0.37,-0.05,1.49
2022-11-15,603213,13.37,13.53,13.53,13.25,22323,30024851.0,2.09,0.97,0.13,1.43
2022-11-16,603213,13.53,13.61,13.7,13.48,18644,25357571.0,1.63,0.59,0.08,1.2
2022-11-17,603213,13.62,13.62,13.65,13.46,13490,18280420.0,1.4,0.07,0.01,0.87
2022-11-18,603213,13.66,13.36,13.7,13.32,19350,26099722.0,2.79,-1.91,-0.26,1.24
2022-11-21,603213,13.33,13.5,13.5,13.25,11112,14916460.0,1.87,1.05,0.14,0.71
2022-11-22,603213,13.56,13.57,13.83,13.47,21546,29429772.0,2.67,0.52,0.07,1.38
2022-11-23,603213,13.53,13.38,13.53,13.24,17501,23381948.0,2.14,-1.4,-0.19,1.12
2022-11-24,603213,13.36,13.38,13.45,13.31,10668,14279793.0,1.05,0.0,0.0,0.68
2022-11-25,603213,13.3,13.2,13.38,13.17,13159,17446167.0,1.57,-1.35,-0.18,0.84
2022-11-28,603213,13.19,13.15,13.19,12.9,11218,14621565.0,2.2,-0.38,-0.05,0.72
2022-11-29,603213,13.23,13.35,13.35,13.09,13770,18242490.0,1.98,1.52,0.2,0.88
2022-11-30,603213,13.37,13.31,13.44,13.27,11256,15039369.0,1.27,-0.3,-0.04,0.72
2022-12-01,603213,13.4,13.34,13.47,13.32,10384,13890996.0,1.13,0.23,0.03,0.67
2022-12-02,603213,13.36,13.42,13.42,13.31,9186,12285947.0,0.82,0.6,0.08,0.59
2022-12-05,603213,13.41,13.62,13.73,13.41,18778,25550720.0,2.38,1.49,0.2,1.21
2022-12-06,603213,13.61,13.51,13.62,13.45,14315,19339620.0,1.25,-0.81,-0.11,0.92
2022-12-07,603213,13.53,13.6,13.65,13.45,13304,18031045.0,1.48,0.67,0.09,0.85
2022-12-08,603213,13.5,13.9,14.15,13.5,40896,56720496.0,4.78,2.21,0.3,2.62
2022-12-09,603213,13.85,13.73,13.95,13.7,19728,27170175.0,1.8,-1.22,-0.17,1.27
2022-12-12,603213,13.89,13.64,13.89,13.58,13876,19001577.0,2.26,-0.66,-0.09,0.89
2022-12-13,603213,13.64,13.68,13.7,13.58,10264,14001710.0,0.88,0.29,0.04,0.66
2022-12-14,603213,13.62,13.42,13.69,13.36,14770,19975483.0,2.41,-1.9,-0.26,0.95
2022-12-15,603213,13.42,13.46,13.58,13.32,10335,13872559.0,1.94,0.3,0.04,0.66
2022-12-16,603213,13.39,13.2,13.46,13.15,11657,15437729.0,2.3,-1.93,-0.26,0.75
2022-12-19,603213,13.25,12.79,13.25,12.76,16434,21265983.0,3.71,-3.11,-0.41,1.05
2022-12-20,603213,12.73,12.91,12.97,12.68,8478,10899119.0,2.27,0.94,0.12,0.54
2022-12-21,603213,12.91,14.09,14.2,12.85,78752,109870646.0,10.46,9.14,1.18,5.05
2022-12-22,603213,14.0,14.28,14.79,13.75,109811,157331418.0,7.38,1.35,0.19,7.05
2022-12-23,603213,14.01,13.73,14.13,13.54,69749,95953701.0,4.13,-3.85,-0.55,4.48
2022-12-26,603213,13.88,13.88,14.42,13.75,48986,68497671.0,4.88,1.09,0.15,3.14
2022-12-27,603213,13.83,14.12,14.3,13.65,62094,87250319.0,4.68,1.73,0.24,3.99
2022-12-28,603213,14.12,13.88,14.12,13.67,39155,54088756.0,3.19,-1.7,-0.24,2.51
2022-12-29,603213,13.76,13.42,13.84,13.42,33479,45493393.0,3.03,-3.31,-0.46,2.15
2022-12-30,603213,13.42,13.22,13.59,13.16,25681,34058978.0,3.2,-1.49,-0.2,1.65
2023-01-03,603213,13.27,13.5,13.51,13.22,23259,31162414.0,2.19,2.12,0.28,1.49
2023-01-04,603213,13.5,14.85,14.85,13.5,93938,138399473.0,10.0,10.0,1.35,6.03
2023-01-05,603213,14.88,14.71,15.19,14.65,141858,211177182.0,3.64,-0.94,-0.14,9.11
2023-01-06,603213,14.91,16.18,16.18,14.58,167113,258974852.0,10.88,9.99,1.47,10.73
2023-01-09,603213,16.35,16.39,17.63,15.72,194103,318933140.0,11.8,1.3,0.21,12.46
2023-01-10,603213,16.39,15.84,16.64,15.75,141150,225762776.0,5.43,-3.36,-0.55,9.06
2023-01-11,603213,16.08,15.24,16.1,15.15,103234,159937179.0,6.0,-3.79,-0.6,6.63
2023-01-12,603213,15.24,15.0,15.32,14.92,67282,101180396.0,2.62,-1.57,-0.24,4.32
2023-01-13,603213,15.03,14.83,15.1,14.6,55264,81727946.0,3.33,-1.13,-0.17,3.55
2023-01-16,603213,14.92,15.0,15.01,14.6,58102,86358698.0,2.76,1.15,0.17,3.73
2023-01-17,603213,14.98,15.36,15.57,14.7,98202,149028760.0,5.8,2.4,0.36,6.3
2023-01-18,603213,15.15,14.91,15.29,14.85,52060,78304045.0,2.86,-2.93,-0.45,3.34
2023-01-19,603213,14.8,14.78,15.06,14.71,40951,60745199.0,2.35,-0.87,-0.13,2.63
2023-01-20,603213,14.83,14.97,15.4,14.78,47203,71093589.0,4.19,1.29,0.19,3.03
2023-01-30,603213,15.18,15.35,15.53,15.03,60978,93254339.0,3.34,2.54,0.38,3.91
2023-01-31,603213,15.15,15.69,15.7,15.1,64793,100267107.0,3.91,2.21,0.34,4.16
2023-02-01,603213,15.67,15.84,15.97,15.41,63528,99647382.0,3.57,0.96,0.15,4.08
2023-02-02,603213,15.79,15.6,15.92,15.56,46428,72832813.0,2.27,-1.52,-0.24,2.98
2023-02-03,603213,15.57,15.6,15.72,15.41,35203,54655103.0,1.99,0.0,0.0,2.26
2023-02-06,603213,16.5,17.16,17.16,16.16,210174,358211549.0,6.41,10.0,1.56,13.49
2023-02-07,603213,17.0,16.51,17.1,16.3,143610,237560053.0,4.66,-3.79,-0.65,9.22
2023-02-08,603213,16.52,16.32,16.66,16.21,72194,118374316.0,2.73,-1.15,-0.19,4.63
2023-02-09,603213,16.59,16.8,16.86,16.42,96340,160153298.0,2.7,2.94,0.48,6.18
2023-02-10,603213,16.62,16.27,16.63,16.21,56862,92964156.0,2.5,-3.15,-0.53,3.65
2023-02-13,603213,16.01,16.16,16.28,15.87,59134,94818046.0,2.52,-0.68,-0.11,3.8
2023-02-14,603213,16.16,16.33,16.35,16.01,40760,66124872.0,2.1,1.05,0.17,2.62
2023-02-15,603213,16.23,15.82,16.27,15.82,52006,82801954.0,2.76,-3.12,-0.51,3.34
2023-02-16,603213,15.75,15.36,15.96,15.3,52584,82346004.0,4.17,-2.91,-0.46,3.38
2023-02-17,603213,15.38,15.15,15.57,15.12,42904,65669880.0,2.93,-1.37,-0.21,2.75
2023-02-20,603213,15.22,15.61,15.68,15.1,38503,59404888.0,3.83,3.04,0.46,2.47
2023-02-21,603213,15.51,15.45,15.65,15.32,31151,48304340.0,2.11,-1.02,-0.16,2.0
2023-02-22,603213,15.4,15.48,15.55,15.31,19820,30575560.0,1.55,0.19,0.03,1.27
2023-02-23,603213,15.65,15.43,15.72,15.36,19008,29412523.0,2.33,-0.32,-0.05,1.22
2023-02-24,603213,15.34,15.49,15.56,15.3,16499,25430087.0,1.69,0.39,0.06,1.06
2023-02-27,603213,15.42,15.29,15.55,15.23,16620,25494695.0,2.07,-1.29,-0.2,1.07
2023-02-28,603213,15.29,15.34,15.4,15.11,18611,28309623.0,1.9,0.33,0.05,1.19
2023-03-01,603213,15.28,15.37,15.37,15.2,17084,26115476.0,1.11,0.2,0.03,1.1
2023-03-02,603213,15.37,15.34,15.6,15.31,26722,41325913.0,1.89,-0.2,-0.03,1.72
2023-03-03,603213,15.34,15.13,15.4,15.06,23254,35286237.0,2.22,-1.37,-0.21,1.49
2023-03-06,603213,15.12,15.03,15.18,14.99,16815,25298979.0,1.26,-0.66,-0.1,1.08
2023-03-07,603213,15.1,14.75,15.1,14.7,18224,27188426.0,2.66,-1.86,-0.28,1.17
2023-03-08,603213,14.8,15.03,15.04,14.75,13425,19981530.0,1.97,1.9,0.28,0.86
2023-03-09,603213,15.05,15.09,15.17,14.95,12324,18556411.0,1.46,0.4,0.06,0.79
2023-03-10,603213,14.98,14.94,15.05,14.9,9463,14158015.0,0.99,-0.99,-0.15,0.61
2023-03-13,603213,14.79,14.61,14.85,14.42,18093,26407039.0,2.88,-2.21,-0.33,1.16
2023-03-14,603213,14.7,14.25,14.89,14.23,22911,33186957.0,4.52,-2.46,-0.36,1.47
2023-03-15,603213,14.32,14.52,14.73,14.31,13519,19566214.0,2.95,1.89,0.27,0.87
2023-03-16,603213,14.5,14.16,14.5,14.08,15537,22107594.0,2.89,-2.48,-0.36,1.0
2023-03-17,603213,14.17,14.2,14.39,14.17,12375,17650831.0,1.55,0.28,0.04,0.79
2023-03-20,603213,14.35,14.12,14.37,14.0,11680,16487183.0,2.61,-0.56,-0.08,0.75
2023-03-21,603213,14.12,14.44,14.45,14.12,14033,20121688.0,2.34,2.27,0.32,0.9
2023-03-22,603213,14.54,14.41,14.54,14.33,10034,14464181.0,1.45,-0.21,-0.03,0.64
2023-03-23,603213,14.35,14.51,14.53,14.3,11878,17165795.0,1.6,0.69,0.1,0.76
2023-03-24,603213,14.5,14.49,14.53,14.4,10851,15697882.0,0.9,-0.14,-0.02,0.7
2023-03-27,603213,14.47,14.55,14.68,14.47,15172,22096036.0,1.45,0.41,0.06,0.97
2023-03-28,603213,14.52,14.44,14.6,14.36,9188,13257898.0,1.65,-0.76,-0.11,0.59
2023-03-29,603213,14.43,14.26,14.48,14.2,9116,13028006.0,1.94,-1.25,-0.18,0.59
2023-03-30,603213,14.2,14.24,14.35,14.17,7887,11229083.0,1.26,-0.14,-0.02,0.51
2023-03-31,603213,14.28,14.29,14.38,14.25,7829,11200621.0,0.91,0.35,0.05,0.5
2023-04-03,603213,14.26,14.73,14.95,14.25,21167,30979207.0,4.9,3.08,0.44,1.36
2023-04-04,603213,14.7,14.72,15.02,14.6,23313,34539376.0,2.85,-0.07,-0.01,1.5
2023-04-06,603213,14.78,14.67,14.83,14.6,10802,15838297.0,1.56,-0.34,-0.05,0.69
2023-04-07,603213,14.67,14.87,14.94,14.64,13590,20167593.0,2.04,1.36,0.2,0.87
2023-04-10,603213,14.88,14.43,14.89,14.4,16708,24346926.0,3.3,-2.96,-0.44,1.07
2023-04-11,603213,14.5,14.58,14.61,14.31,8435,12187754.0,2.08,1.04,0.15,0.54
2023-04-12,603213,14.56,14.54,14.56,14.38,10377,15013694.0,1.23,-0.27,-0.04,0.67
2023-04-13,603213,14.54,14.31,14.56,14.3,10474,15097233.0,1.79,-1.58,-0.23,0.67
2023-04-14,603213,14.31,14.37,14.41,14.21,9833,14084899.0,1.4,0.42,0.06,0.63
2023-04-17,603213,14.37,14.5,14.58,14.32,9282,13455520.0,1.81,0.9,0.13,0.6
2023-04-18,603213,14.54,14.35,14.54,14.29,9691,13923861.0,1.72,-1.03,-0.15,0.62
2023-04-19,603213,14.31,13.92,14.31,13.9,22428,31430884.0,2.86,-3.0,-0.43,1.44
2023-04-20,603213,13.95,13.52,13.95,13.47,19398,26330130.0,3.45,-2.87,-0.4,1.25
2023-04-21,603213,13.51,13.23,13.67,13.21,13970,18702391.0,3.4,-2.14,-0.29,0.9
2023-04-24,603213,13.23,13.3,13.34,13.03,8138,10745978.0,2.34,0.53,0.07,0.52
2023-04-25,603213,13.14,12.78,13.25,12.61,20623,26518272.0,4.81,-3.91,-0.52,1.32
2023-04-26,603213,12.81,13.0,13.07,12.75,11501,14907958.0,2.5,1.72,0.22,0.74
2023-04-27,603213,13.1,13.13,13.21,12.92,9191,12063975.0,2.23,1.0,0.13,0.59
2023-04-28,603213,13.1,13.3,13.31,13.1,7218,9538692.0,1.6,1.29,0.17,0.46
2023-05-04,603213,13.25,13.23,13.31,13.13,9071,11984933.0,1.35,-0.53,-0.07,0.58
2023-05-05,603213,13.19,13.05,13.28,12.9,10180,13269583.0,2.87,-1.36,-0.18,0.65
2023-05-08,603213,13.03,13.09,13.18,12.95,7075,9235876.0,1.76,0.31,0.04,0.45
2023-05-09,603213,13.11,13.15,13.35,12.99,11788,15519246.0,2.75,0.46,0.06,0.76
2023-05-10,603213,13.01,13.26,13.32,13.0,8427,11117390.0,2.43,0.84,0.11,0.54
2023-05-11,603213,13.28,13.18,13.38,13.16,7952,10514085.0,1.66,-0.6,-0.08,0.51
2023-05-12,603213,13.18,13.1,13.28,13.08,6327,8316747.0,1.52,-0.61,-0.08,0.41
2023-05-15,603213,13.19,13.25,13.58,13.11,12772,17022999.0,3.59,1.15,0.15,0.82
2023-05-16,603213,13.25,13.12,13.3,13.09,6188,8144016.0,1.58,-0.98,-0.13,0.4
2023-05-17,603213,13.23,13.19,13.23,13.08,6420,8431994.0,1.14,0.53,0.07,0.41
2023-05-18,603213,13.18,13.19,13.33,13.14,5582,7367282.0,1.44,0.0,0.0,0.36
2023-05-19,603213,13.2,13.23,13.24,13.1,4617,6084243.0,1.06,0.3,0.04,0.3
2023-05-22,603213,13.23,13.48,13.54,13.22,13978,18734547.0,2.42,1.89,0.25,0.9
2023-05-23,603213,13.45,13.4,13.66,13.39,11260,15197024.0,2.0,-0.59,-0.08,0.72
2023-05-24,603213,13.35,13.49,13.55,13.26,7405,9969691.0,2.16,0.67,0.09,0.48
2023-05-25,603213,13.49,13.6,13.65,13.41,12892,17444822.0,1.78,0.82,0.11,0.83
2023-05-26,603213,13.24,12.94,13.25,12.82,12710,16450852.0,3.16,-4.85,-0.66,0.82
2023-05-29,603213,12.97,12.78,13.09,12.74,9337,11994789.0,2.7,-1.24,-0.16,0.6
2023-05-30,603213,12.93,12.73,12.93,12.61,7654,9722752.0,2.5,-0.39,-0.05,0.49
2023-05-31,603213,12.74,12.67,12.79,12.63,5836,7407965.0,1.26,-0.47,-0.06,0.37
2023-06-01,603213,12.62,12.64,12.75,12.6,7867,9966769.0,1.18,-0.24,-0.03,0.5
2023-06-02,603213,12.64,12.86,12.93,12.63,10443,13341018.0,2.37,1.74,0.22,0.67
2023-06-05,603213,13.0,12.81,13.0,12.74,7029,8996522.0,2.02,-0.39,-0.05,0.45
2023-06-06,603213,12.83,12.58,12.89,12.54,7679,9740500.0,2.73,-1.8,-0.23,0.49
2023-06-07,603213,12.55,12.3,12.57,12.26,11802,14610140.0,2.46,-2.23,-0.28,0.76
2023-06-08,603213,12.32,12.27,12.4,12.16,7831,9589601.0,1.95,-0.24,-0.03,0.5
2023-06-09,603213,12.27,12.24,12.35,12.11,8859,10806978.0,1.96,-0.24,-0.03,0.57
2023-06-12,603213,12.24,12.39,12.42,12.12,8808,10807682.0,2.45,1.23,0.15,0.57
2023-06-13,603213,12.45,12.34,12.52,12.31,6465,8010850.0,1.69,-0.4,-0.05,0.41
2023-06-14,603213,12.31,12.35,12.4,12.27,9421,11630120.0,1.05,0.08,0.01,0.6
2023-06-15,603213,12.35,12.37,12.38,12.2,8748,10769001.0,1.46,0.16,0.02,0.56
2023-06-16,603213,12.36,12.36,12.42,12.31,7999,9891212.0,0.89,-0.08,-0.01,0.51
2023-06-19,603213,12.36,12.18,12.39,12.15,11464,14058445.0,1.94,-1.46,-0.18,0.74
2023-06-20,603213,12.2,12.01,12.2,12.0,10758,12965613.0,1.64,-1.4,-0.17,0.69
2023-06-21,603213,12.06,11.85,12.06,11.83,9254,11025274.0,1.92,-1.33,-0.16,0.59
2023-06-26,603213,11.8,11.67,11.9,11.6,13596,15908898.0,2.53,-1.52,-0.18,0.87
2023-06-27,603213,11.67,11.87,11.96,11.64,13059,15478519.0,2.74,1.71,0.2,0.84
2023-06-28,603213,11.88,11.66,11.92,11.6,17653,20628335.0,2.7,-1.77,-0.21,1.13
2023-06-29,603213,11.62,11.75,11.78,11.57,13050,15281682.0,1.8,0.77,0.09,0.84
2023-06-30,603213,11.76,11.93,11.97,11.75,14105,16780839.0,1.87,1.53,0.18,0.91
2023-07-03,603213,12.0,11.97,12.05,11.9,17288,20676960.0,1.26,0.34,0.04,1.11
2023-07-04,603213,11.98,12.2,12.32,11.95,30405,36923738.0,3.09,1.92,0.23,1.95
2023-07-05,603213,12.26,12.21,12.43,12.15,30038,36710201.0,2.3,0.08,0.01,1.93
2023-07-06,603213,12.16,12.25,12.41,12.0,26081,31855742.0,3.36,0.33,0.04,1.67
2023-07-07,603213,12.25,12.27,12.3,12.15,17395,21275957.0,1.22,0.16,0.02,1.12
2023-07-10,603213,12.22,12.24,12.32,12.22,16079,19723551.0,0.81,-0.24,-0.03,1.03
2023-07-11,603213,12.25,12.25,12.29,12.17,19032,23300434.0,0.98,0.08,0.01,1.22
2023-07-12,603213,12.24,12.28,12.41,12.17,34993,43109561.0,1.96,0.24,0.03,2.25
2023-07-13,603213,12.3,12.17,12.32,12.11,18388,22435954.0,1.71,-0.9,-0.11,1.18
2023-07-14,603213,12.22,12.18,12.26,12.12,16527,20110640.0,1.15,0.08,0.01,1.06
2023-07-17,603213,12.03,11.93,12.03,11.8,17928,21381664.0,1.89,-2.05,-0.25,1.15
2023-07-18,603213,11.93,12.13,12.16,11.87,13267,15940698.0,2.43,1.68,0.2,0.85
2023-07-19,603213,12.07,11.96,12.15,11.94,11126,13353897.0,1.73,-1.4,-0.17,0.71
2023-07-20,603213,11.94,12.06,12.17,11.94,11063,13360935.0,1.92,0.84,0.1,0.71
2023-07-21,603213,12.06,11.93,12.13,11.89,17409,20867394.0,1.99,-1.08,-0.13,1.12
2023-07-24,603213,11.95,11.79,12.04,11.77,10533,12482651.0,2.26,-1.17,-0.14,0.68
2023-07-25,603213,11.89,12.0,12.03,11.84,12065,14444090.0,1.61,1.78,0.21,0.77
2023-07-26,603213,12.06,12.1,12.21,11.98,12656,15310645.0,1.92,0.83,0.1,0.81
2023-07-27,603213,12.12,12.11,12.38,12.06,16820,20519224.0,2.64,0.08,0.01,1.08
2023-07-28,603213,12.06,12.18,12.2,12.01,12745,15453094.0,1.57,0.58,0.07,0.82
2023-07-31,603213,12.19,12.22,12.3,12.17,9963,12180417.0,1.07,0.33,0.04,0.64
2023-08-01,603213,12.27,12.14,12.27,12.06,9200,11157914.0,1.72,-0.65,-0.08,0.59
2023-08-02,603213,12.14,12.15,12.19,12.08,6720,8144385.0,0.91,0.08,0.01,0.43
2023-08-03,603213,12.12,12.13,12.17,12.08,7110,8621421.0,0.74,-0.16,-0.02,0.46
2023-08-04,603213,12.17,12.05,12.21,12.05,11233,13600689.0,1.32,-0.66,-0.08,0.72
2023-08-07,603213,12.05,12.05,12.17,11.89,13140,15766590.0,2.32,0.0,0.0,0.84
2023-08-08,603213,12.01,12.06,12.07,11.91,10957,13140439.0,1.33,0.08,0.01,0.7
2023-08-09,603213,12.02,11.89,12.02,11.88,9507,11335596.0,1.16,-1.41,-0.17,0.61
2023-08-10,603213,11.88,11.87,11.95,11.8,10880,12935880.0,1.26,-0.17,-0.02,0.7
2023-08-11,603213,11.93,11.67,11.93,11.66,10991,12959311.0,2.27,-1.68,-0.2,0.71
2023-08-14,603213,11.68,11.61,11.69,11.46,11906,13744989.0,1.97,-0.51,-0.06,0.76
2023-08-15,603213,11.57,11.57,11.66,11.43,10558,12194052.0,1.98,-0.34,-0.04,0.68
2023-08-16,603213,11.55,11.43,11.62,11.41,11891,13668175.0,1.82,-1.21,-0.14,0.76
2023-08-17,603213,11.47,11.47,11.5,11.14,16333,18468944.0,3.15,0.35,0.04,1.05
2023-08-18,603213,11.54,11.46,11.69,11.45,16308,18841235.0,2.09,-0.09,-0.01,1.05
2023-08-21,603213,11.42,11.32,11.58,11.3,8965,10247763.0,2.44,-1.22,-0.14,0.58
2023-08-22,603213,11.33,11.14,11.43,10.96,14051,15633721.0,4.15,-1.59,-0.18,0.9
2023-08-23,603213,11.11,11.04,11.17,11.01,9537,10574408.0,1.44,-0.9,-0.1,0.61
2023-08-24,603213,11.05,11.01,11.15,10.89,8838,9720665.0,2.36,-0.27,-0.03,0.57
2023-08-25,603213,11.01,10.8,11.19,10.76,11130,12175951.0,3.91,-1.91,-0.21,0.71
2023-08-28,603213,11.2,10.91,11.27,10.89,20559,22923857.0,3.52,1.02,0.11,1.32
2023-08-29,603213,10.98,11.18,11.19,10.83,10751,11933214.0,3.3,2.47,0.27,0.69
2023-08-30,603213,11.18,11.31,11.4,11.18,13128,14843326.0,1.97,1.16,0.13,0.84
2023-08-31,603213,11.3,11.24,11.35,11.19,9713,10941094.0,1.41,-0.62,-0.07,0.62
2023-09-01,603213,11.3,11.34,11.34,11.22,8139,9186759.0,1.07,0.89,0.1,0.52
2023-09-04,603213,11.39,11.62,11.65,11.34,15832,18222082.0,2.73,2.47,0.28,1.02
2023-09-05,603213,11.62,11.63,11.71,11.55,10157,11801178.0,1.38,0.09,0.01,0.65
2023-09-06,603213,11.63,11.69,11.7,11.51,10369,12055946.0,1.63,0.52,0.06,0.67
2023-09-07,603213,11.7,11.53,11.7,11.52,7773,9015462.0,1.54,-1.37,-0.16,0.5
2023-09-08,603213,11.53,11.58,11.64,11.53,6994,8103415.0,0.95,0.43,0.05,0.45
2023-09-11,603213,11.6,11.59,11.63,11.52,6504,7534385.0,0.95,0.09,0.01,0.42
2023-09-12,603213,11.6,11.54,11.63,11.52,6125,7079223.0,0.95,-0.43,-0.05,0.39
2023-09-13,603213,11.54,11.47,11.58,11.4,8979,10308108.0,1.56,-0.61,-0.07,0.58
2023-09-14,603213,11.4,11.5,11.58,11.37,11170,12837669.0,1.83,0.26,0.03,0.72
2023-09-15,603213,11.52,11.42,11.56,11.4,8793,10067569.0,1.39,-0.7,-0.08,0.56
2023-09-18,603213,11.42,11.6,11.65,11.32,10493,12105431.0,2.89,1.58,0.18,0.67
2023-09-19,603213,11.65,11.54,11.68,11.48,9345,10812474.0,1.72,-0.52,-0.06,0.6
2023-09-20,603213,11.33,11.46,11.58,11.33,10224,11728337.0,2.17,-0.69,-0.08,0.66
2023-09-21,603213,11.4,12.07,12.57,11.35,82746,99244570.0,10.65,5.32,0.61,5.31
2023-09-22,603213,11.75,11.69,11.82,11.48,67428,78306854.0,2.82,-3.15,-0.38,4.33
2023-09-25,603213,11.58,11.13,11.58,11.02,47839,53877659.0,4.79,-4.79,-0.56,3.07
2023-09-26,603213,11.02,10.79,11.08,10.73,33816,36676376.0,3.14,-3.05,-0.34,2.17
2023-09-27,603213,10.78,10.8,10.91,10.67,19192,20747177.0,2.22,0.09,0.01,1.23
2023-09-28,603213,10.81,10.85,10.88,10.75,14317,15495746.0,1.2,0.46,0.05,0.92
2023-10-09,603213,10.85,10.68,10.87,10.61,17320,18510839.0,2.4,-1.57,-0.17,1.11
2023-10-10,603213,10.69,10.73,10.77,10.66,9034,9679894.0,1.03,0.47,0.05,0.58
2023-10-11,603213,10.73,10.79,10.86,10.66,11836,12745794.0,1.86,0.56,0.06,0.76
2023-10-12,603213,10.79,10.9,10.93,10.79,14253,15478089.0,1.3,1.02,0.11,0.91
2023-10-13,603213,10.86,10.81,10.9,10.72,8416,9091767.0,1.65,-0.83,-0.09,0.54
2023-10-16,603213,10.84,10.73,10.84,10.69,9893,10641928.0,1.39,-0.74,-0.08,0.64
2023-10-17,603213,10.73,10.71,10.75,10.62,8791,9405375.0,1.21,-0.19,-0.02,0.56
2023-10-18,603213,10.71,10.39,10.71,10.38,12965,13610217.0,3.08,-2.99,-0.32,0.83
2023-10-19,603213,10.35,10.35,10.55,10.14,9277,9634253.0,3.95,-0.38,-0.04,0.6
2023-10-20,603213,10.38,10.35,10.52,10.31,9562,9965620.0,2.03,0.0,0.0,0.61
2023-10-23,603213,10.37,10.02,10.39,10.0,9010,9114778.0,3.77,-3.19,-0.33,0.58
2023-10-24,603213,10.11,10.53,10.55,10.03,19578,20346454.0,5.19,5.09,0.51,1.26
2023-10-25,603213,10.54,10.53,10.65,10.47,7589,8004808.0,1.71,0.0,0.0,0.49
2023-10-26,603213,10.5,10.5,10.5,10.32,9060,9425550.0,1.71,-0.28,-0.03,0.58
2023-10-27,603213,10.46,10.7,10.73,10.4,12331,13115952.0,3.14,1.9,0.2,0.79
2023-10-30,603213,10.7,11.04,11.08,10.61,23621,25865939.0,4.39,3.18,0.34,1.52
2023-10-31,603213,11.18,11.19,11.23,11.02,21154,23546187.0,1.9,1.36,0.15,1.36
2023-11-01,603213,11.18,11.18,11.26,11.08,11624,12969553.0,1.61,-0.09,-0.01,0.75
2023-11-02,603213,11.16,11.08,11.2,11.06,10604,11790293.0,1.25,-0.89,-0.1,0.68
2023-11-03,603213,11.08,11.17,11.21,11.08,9197,10282536.0,1.17,0.81,0.09,0.59
2023-11-06,603213,11.26,11.17,11.3,11.13,17730,19847634.0,1.52,0.0,0.0,1.14
2023-11-07,603213,11.12,11.16,11.23,11.07,18187,20282770.0,1.43,-0.09,-0.01,1.17
2023-11-08,603213,11.21,11.2,11.29,11.11,20960,23474126.0,1.61,0.36,0.04,1.35
2023-11-09,603213,11.25,11.13,11.26,11.12,10619,11854730.0,1.25,-0.63,-0.07,0.68
2023-11-10,603213,11.12,11.24,11.26,11.08,16789,18818506.0,1.62,0.99,0.11,1.08
2023-11-13,603213,11.25,11.22,11.32,11.13,13685,15362231.0,1.69,-0.18,-0.02,0.88
2023-11-14,603213,11.28,11.25,11.28,11.19,13264,14902936.0,0.8,0.27,0.03,0.85
2023-11-15,603213,11.32,11.45,11.49,11.25,18296,20837839.0,2.13,1.78,0.2,1.17
2023-11-16,603213,11.39,11.32,11.42,11.28,12564,14237550.0,1.22,-1.14,-0.13,0.81
2023-11-17,603213,11.28,11.38,11.4,11.26,12060,13697352.0,1.24,0.53,0.06,0.77
2023-11-20,603213,11.38,11.46,11.51,11.35,17502,20065306.0,1.41,0.7,0.08,1.12
2023-11-21,603213,11.45,11.41,11.54,11.38,17976,20595679.0,1.4,-0.44,-0.05,1.15
2023-11-22,603213,11.41,11.37,11.48,11.35,15993,18268093.0,1.14,-0.35,-0.04,1.03
2023-11-23,603213,11.35,11.41,11.44,11.33,9283,10576692.0,0.97,0.35,0.04,0.6
2023-11-24,603213,11.39,11.4,11.47,11.35,11838,13491119.0,1.05,-0.09,-0.01,0.76
2023-11-27,603213,11.36,11.3,11.45,11.24,15876,17920477.0,1.84,-0.88,-0.1,1.02
2023-11-28,603213,11.3,11.42,11.42,11.19,12796,14478434.0,2.04,1.06,0.12,0.82
2023-11-29,603213,11.42,11.34,11.45,11.31,7844,8917302.0,1.23,-0.7,-0.08,0.5
2023-11-30,603213,11.37,11.28,11.38,11.22,12064,13604026.0,1.41,-0.53,-0.06,0.77
2023-12-01,603213,11.39,11.58,11.58,11.28,33823,38776032.0,2.66,2.66,0.3,2.17
2023-12-04,603213,11.58,11.63,12.13,11.2,74798,86373492.0,8.03,0.43,0.05,4.8
2023-12-05,603213,11.59,11.26,11.59,11.2,69079,78028659.0,3.35,-3.18,-0.37,4.43
2023-12-06,603213,11.13,12.11,12.39,11.12,163018,196027907.0,11.28,7.55,0.85,10.46
2023-12-07,603213,12.09,11.69,12.2,11.64,100781,119118468.0,4.62,-3.47,-0.42,6.47
2023-12-08,603213,11.73,11.79,11.98,11.53,56663,66319119.0,3.85,0.86,0.1,3.64
2023-12-11,603213,11.68,11.7,11.86,11.5,65532,76207712.0,3.05,-0.76,-0.09,4.21
2023-12-12,603213,11.58,11.75,11.9,11.5,57581,67269316.0,3.42,0.43,0.05,3.7
2023-12-13,603213,11.7,12.12,12.27,11.6,103502,123830563.0,5.7,3.15,0.37,6.64
2023-12-14,603213,12.26,12.5,13.0,12.14,167103,209211754.0,7.1,3.14,0.38,10.73
2023-12-15,603213,12.2,12.02,12.2,11.81,84672,101530927.0,3.12,-3.84,-0.48,5.43
2023-12-18,603213,11.84,11.54,11.96,11.5,59295,69106036.0,3.83,-3.99,-0.48,3.81
2023-12-19,603213,11.5,11.06,11.52,10.88,71999,80374208.0,5.55,-4.16,-0.48,4.62
2023-12-20,603213,10.95,11.25,11.35,10.81,59526,66824308.0,4.88,1.72,0.19,3.82
2023-12-21,603213,11.15,10.99,11.25,10.8,36674,40211986.0,4.0,-2.31,-0.26,2.35
2023-12-22,603213,11.0,10.86,11.08,10.84,29594,32361429.0,2.18,-1.18,-0.13,1.9
2023-12-25,603213,10.83,10.99,11.02,10.8,20416,22302864.0,2.03,1.2,0.13,1.31
2023-12-26,603213,11.0,10.91,11.22,10.89,19925,21955089.0,3.0,-0.73,-0.08,1.28
2023-12-27,603213,11.12,10.98,11.23,10.88,53809,59071337.0,3.21,0.64,0.07,3.45
2023-12-28,603213,10.99,11.28,11.29,10.9,76325,85086502.0,3.55,2.73,0.3,4.9
2023-12-29,603213,10.54,10.79,10.81,10.53,72749,77812843.0,2.48,-4.34,-0.49,4.67
2024-01-02,603213,10.72,11.08,11.14,10.71,67553,74049014.0,3.99,2.69,0.29,4.34
2024-01-03,603213,11.06,11.14,11.34,10.98,42303,47110689.0,3.25,0.54,0.06,2.72
2024-01-04,603213,11.2,11.46,11.83,11.0,74175,85402872.0,7.45,2.87,0.32,4.76
2024-01-05,603213,11.33,11.09,11.5,11.05,51145,57636545.0,3.93,-3.23,-0.37,3.28
2024-01-08,603213,11.18,10.8,11.3,10.78,25255,27668471.0,4.69,-2.61,-0.29,1.62
2024-01-09,603213,10.95,10.95,11.17,10.82,25128,27584932.0,3.24,1.39,0.15,1.61
2024-01-10,603213,10.93,10.9,11.08,10.79,18087,19784986.0,2.65,-0.46,-0.05,1.16
2024-01-11,603213,10.86,11.06,11.08,10.84,20349,22305272.0,2.2,1.47,0.16,1.31
2024-01-12,603213,11.03,11.12,11.34,11.03,26292,29394067.0,2.8,0.54,0.06,1.69
2024-01-15,603213,11.06,12.23,12.23,11.04,110316,131632229.0,10.7,9.98,1.11,7.08
2024-01-16,603213,12.69,12.52,13.45,12.03,321524,414707414.0,11.61,2.37,0.29,20.64
2024-01-17,603213,12.39,11.63,12.51,11.63,223799,268565564.0,7.03,-7.11,-0.89,14.36
2024-01-18,603213,11.7,12.79,12.79,11.68,112523,141119988.0,9.54,9.97,1.16,7.22
2024-01-19,603213,12.61,12.1,12.68,11.95,232832,285030263.0,5.71,-5.39,-0.69,14.94
2024-01-22,603213,12.06,10.99,12.09,10.89,166013,191213940.0,9.92,-9.17,-1.11,10.66
2024-01-23,603213,10.71,10.53,10.85,9.89,162184,166358487.0,8.74,-4.19,-0.46,10.41
2024-01-24,603213,10.33,10.63,10.97,10.25,113445,120638797.0,6.84,0.95,0.1,7.28
2024-01-25,603213,10.62,11.07,11.08,10.55,90483,98479062.0,4.99,4.14,0.44,5.81
2024-01-26,603213,11.0,10.82,11.22,10.77,57382,62986497.0,4.07,-2.26,-0.25,3.68
2024-01-29,603213,10.78,10.2,10.95,10.2,59756,62360314.0,6.93,-5.73,-0.62,3.84
2024-01-30,603213,10.3,9.38,10.3,9.3,75596,72722948.0,9.8,-8.04,-0.82,4.85
2024-01-31,603213,9.31,8.79,9.49,8.75,67454,61003960.0,7.89,-6.29,-0.59,4.33
2024-02-01,603213,8.76,8.61,8.85,8.39,49040,42359497.0,5.23,-2.05,-0.18,3.15
2024-02-02,603213,8.61,8.18,8.87,7.89,52265,43709340.0,11.38,-4.99,-0.43,3.35
2024-02-05,603213,8.05,7.36,8.07,7.36,57253,42963324.0,8.68,-10.02,-0.82,3.67
2024-02-06,603213,6.74,7.1,7.38,6.62,81556,56140783.0,10.33,-3.53,-0.26,5.23
2024-02-07,603213,7.12,7.0,7.38,6.87,64647,45909280.0,7.18,-1.41,-0.1,4.15
2024-02-08,603213,7.06,7.65,7.65,6.94,66759,49102171.0,10.14,9.29,0.65,4.29
2024-02-19,603213,7.7,7.93,8.09,7.7,50386,39841336.0,5.1,3.66,0.28,3.23
2024-02-20,603213,7.98,8.1,8.13,7.75,32143,25751351.0,4.79,2.14,0.17,2.06
2024-02-21,603213,8.1,8.25,8.55,7.96,40779,33872482.0,7.28,1.85,0.15,2.62
2024-02-22,603213,8.24,8.48,8.74,8.19,52545,44301205.0,6.67,2.79,0.23,3.37
2024-02-23,603213,8.44,8.67,8.68,8.35,46101,39280088.0,3.89,2.24,0.19,2.96
2024-02-26,603213,8.8,8.81,8.94,8.61,39527,34680432.0,3.81,1.61,0.14,2.54
2024-02-27,603213,8.7,9.13,9.13,8.7,34577,31053866.0,4.88,3.63,0.32,2.22
2024-02-28,603213,9.12,8.39,9.42,8.36,61632,55015959.0,11.61,-8.11,-0.74,3.96
2024-02-29,603213,8.18,9.23,9.23,8.15,54637,48092516.0,12.87,10.01,0.84,3.51
2024-03-01,603213,10.05,9.22,10.05,9.1,131923,125479981.0,10.29,-0.11,-0.01,8.47
2024-03-04,603213,9.19,8.94,9.19,8.76,81944,73000981.0,4.66,-3.04,-0.28,5.26
2024-03-05,603213,8.8,8.72,8.86,8.63,44213,38678668.0,2.57,-2.46,-0.22,2.84
2024-03-06,603213,8.64,8.78,8.85,8.6,36708,32196409.0,2.87,0.69,0.06,2.36
2024-03-07,603213,8.81,8.65,8.92,8.64,36587,32107337.0,3.19,-1.48,-0.13,2.35
2024-03-08,603213,8.65,8.79,8.84,8.65,29686,25969909.0,2.2,1.62,0.14,1.91
2024-03-11,603213,8.77,9.24,9.29,8.71,61018,55271459.0,6.6,5.12,0.45,3.92
2024-03-12,603213,9.23,9.13,9.23,8.98,44639,40587369.0,2.71,-1.19,-0.11,2.87
2024-03-13,603213,9.07,9.15,9.19,9.03,28411,25863726.0,1.75,0.22,0.02,1.82
2024-03-14,603213,9.13,9.05,9.2,8.91,28085,25461791.0,3.17,-1.09,-0.1,1.8
2024-03-15,603213,9.02,9.19,9.19,9.01,23284,21200199.0,1.99,1.55,0.14,1.49
2024-03-18,603213,9.2,9.31,9.31,9.16,28995,26796701.0,1.63,1.31,0.12,1.86
2024-03-19,603213,9.33,9.36,9.46,9.28,26924,25266445.0,1.93,0.54,0.05,1.73
2024-03-20,603213,9.31,9.54,9.55,9.3,25658,24247235.0,2.67,1.92,0.18,1.65
2024-03-21,603213,9.52,9.56,9.61,9.36,28403,26960231.0,2.62,0.21,0.02,1.82
2024-03-22,603213,9.51,9.34,9.54,9.29,24997,23465712.0,2.62,-2.3,-0.22,1.6
2024-03-25,603213,9.34,9.11,9.4,9.11,25417,23540721.0,3.1,-2.46,-0.23,1.63
2024-03-26,603213,9.11,9.2,9.24,9.01,22416,20471493.0,2.52,0.99,0.09,1.44
2024-03-27,603213,9.29,8.97,9.33,8.97,22319,20458794.0,3.91,-2.5,-0.23,1.43
2024-03-28,603213,8.91,9.08,9.19,8.81,25090,22695077.0,4.24,1.23,0.11,1.61
2024-03-29,603213,9.27,9.19,9.27,9.08,22161,20304480.0,2.09,1.21,0.11,1.42
2024-04-01,603213,9.26,9.42,9.43,9.23,30743,28796585.0,2.18,2.5,0.23,1.97
2024-04-02,603213,9.43,9.68,9.74,9.43,46559,44758694.0,3.29,2.76,0.26,2.99
2024-04-03,603213,9.68,9.71,10.05,9.64,62450,61258194.0,4.24,0.31,0.03,4.01
2024-04-08,603213,9.64,9.34,9.73,9.33,37813,36032030.0,4.12,-3.81,-0.37,2.43
2024-04-09,603213,9.34,9.73,9.73,9.3,36357,34883447.0,4.6,4.18,0.39,2.33
2024-04-10,603213,9.65,9.49,9.66,9.39,32934,31293336.0,2.77,-2.47,-0.24,2.11
2024-04-11,603213,9.45,9.52,9.67,9.3,27146,25940183.0,3.9,0.32,0.03,1.74
2024-04-12,603213,10.1,10.47,10.47,10.1,88666,92662491.0,3.89,9.98,0.95,5.69
2024-04-15,603213,10.47,9.43,10.47,9.42,164967,161850484.0,10.03,-9.93,-1.04,10.59
2024-04-16,603213,8.98,8.49,9.08,8.49,73489,63127214.0,6.26,-9.97,-0.94,4.72
2024-04-17,603213,8.51,9.11,9.18,8.51,97189,86769725.0,7.89,7.3,0.62,6.24
2024-04-18,603213,9.07,8.96,9.5,8.87,67782,61117932.0,6.92,-1.65,-0.15,4.35
2024-04-19,603213,8.85,9.04,9.18,8.8,49577,44746528.0,4.24,0.89,0.08,3.18
2024-04-22,603213,9.08,8.96,9.2,8.78,40627,36622839.0,4.65,-0.88,-0.08,2.61
2024-04-23,603213,8.99,8.94,9.08,8.91,26979,24225759.0,1.9,-0.22,-0.02,1.73
2024-04-24,603213,9.08,9.14,9.16,8.91,27763,25182826.0,2.8,2.24,0.2,1.78
2024-04-25,603213,9.13,9.4,9.48,9.12,34861,32666960.0,3.94,2.84,0.26,2.24
2024-04-26,603213,9.38,9.35,9.41,9.15,33211,30814584.0,2.77,-0.53,-0.05,2.13
2024-04-29,603213,9.18,9.4,9.44,9.08,48013,44761013.0,3.85,0.53,0.05,3.08
2024-04-30,603213,9.42,9.33,9.47,9.3,27258,25536473.0,1.81,-0.74,-0.07,1.75
2024-05-06,603213,9.42,9.72,9.72,9.42,42597,40906077.0,3.22,4.18,0.39,2.73
2024-05-07,603213,9.7,9.91,9.97,9.68,50700,49866948.0,2.98,1.95,0.19,3.25
2024-05-08,603213,9.86,9.78,10.01,9.69,40791,40141079.0,3.23,-1.31,-0.13,2.62
2024-05-09,603213,9.75,9.88,9.93,9.75,30534,30101989.0,1.84,1.02,0.1,1.96
2024-05-10,603213,9.88,9.71,9.97,9.68,24942,24322453.0,2.94,-1.72,-0.17,1.6
2024-05-13,603213,9.57,9.43,9.59,9.37,30034,28408264.0,2.27,-2.88,-0.28,1.93
2024-05-14,603213,9.49,9.4,9.53,9.33,25463,23985306.0,2.12,-0.32,-0.03,1.63
2024-05-15,603213,9.4,9.35,9.48,9.27,19366,18170202.0,2.23,-0.53,-0.05,1.24
2024-05-16,603213,9.38,9.37,9.55,9.33,19381,18299269.0,2.35,0.21,0.02,1.24
2024-05-17,603213,9.34,9.42,9.45,9.27,21275,19906693.0,1.92,0.53,0.05,1.37
2024-05-20,603213,9.41,9.55,9.57,9.39,26400,25118033.0,1.91,1.38,0.13,1.69
2024-05-21,603213,9.62,9.36,9.67,9.35,29299,27594110.0,3.35,-1.99,-0.19,1.88
2024-05-22,603213,9.38,9.33,9.44,9.25,17631,16436603.0,2.03,-0.32,-0.03,1.13
2024-05-23,603213,9.38,9.08,9.38,9.01,22259,20324781.0,3.97,-2.68,-0.25,1.43
2024-05-24,603213,9.15,8.98,9.17,8.96,18077,16308493.0,2.31,-1.1,-0.1,1.16
2024-05-27,603213,8.99,9.08,9.12,8.86,17947,16096369.0,2.9,1.11,0.1,1.15
2024-05-28,603213,8.85,8.78,8.89,8.72,16366,14413101.0,1.87,-3.3,-0.3,1.05
2024-05-29,603213,8.8,8.94,9.02,8.71,22307,19849835.0,3.53,1.82,0.16,1.43
2024-05-30,603213,8.92,8.85,9.12,8.84,18957,17024573.0,3.13,-1.01,-0.09,1.22
2024-05-31,603213,8.88,8.89,8.91,8.76,15722,13898235.0,1.69,0.45,0.04,1.01
2024-06-03,603213,8.89,8.59,8.89,8.5,25098,21668174.0,4.39,-3.37,-0.3,1.61
2024-06-04,603213,8.49,8.47,8.52,8.34,18484,15563171.0,2.1,-1.4,-0.12,1.19
2024-06-05,603213,8.46,8.19,8.46,8.19,17404,14442462.0,3.19,-3.31,-0.28,1.12
2024-06-06,603213,8.23,7.82,8.28,7.79,27116,21482207.0,5.98,-4.52,-0.37,1.74
2024-06-07,603213,8.0,8.18,8.19,7.86,20893,16876252.0,4.22,4.6,0.36,1.34
2024-06-11,603213,8.15,8.13,8.18,8.02,14525,11776705.0,1.96,-0.61,-0.05,0.93
2024-06-12,603213,8.16,8.29,8.29,8.16,14290,11770911.0,1.6,1.97,0.16,0.92
2024-06-13,603213,8.33,8.25,8.38,8.19,12867,10625490.0,2.29,-0.48,-0.04,0.83
2024-06-14,603213,8.25,8.2,8.25,8.13,12297,10065367.0,1.45,-0.61,-0.05,0.79
2024-06-17,603213,8.18,8.1,8.22,8.05,13827,11239343.0,2.07,-1.22,-0.1,0.89
2024-06-18,603213,8.15,8.2,8.23,8.1,11820,9662829.0,1.6,1.23,0.1,0.76
2024-06-19,603213,8.2,8.15,8.25,8.1,13479,10984992.0,1.83,-0.61,-0.05,0.87
2024-06-20,603213,8.15,7.93,8.19,7.92,14015,11242603.0,3.31,-2.7,-0.22,0.9
2024-06-21,603213,7.9,7.88,7.98,7.85,10663,8425951.0,1.64,-0.63,-0.05,0.68
2024-06-24,603213,7.81,7.42,7.81,7.39,22386,16871790.0,5.33,-5.84,-0.46,1.44
2024-06-25,603213,7.46,7.53,7.62,7.42,18450,13902292.0,2.7,1.48,0.11,1.18
2024-06-26,603213,7.51,7.79,7.81,7.42,19944,15203109.0,5.18,3.45,0.26,1.28
2024-06-27,603213,7.75,7.53,7.84,7.51,19802,15135692.0,4.24,-3.34,-0.26,1.27
2024-06-28,603213,7.47,7.48,7.61,7.46,17295,13033446.0,1.99,-0.66,-0.05,1.11
2024-07-01,603213,7.51,7.67,7.7,7.43,19490,14748690.0,3.61,2.54,0.19,1.25
2024-07-02,603213,7.64,7.67,7.75,7.55,14954,11447397.0,2.61,0.0,0.0,0.96
2024-07-03,603213,7.67,7.71,7.79,7.56,16841,12979123.0,3.0,0.52,0.04,1.08
2024-07-04,603213,7.66,7.42,7.69,7.4,18689,14041627.0,3.76,-3.76,-0.29,1.2
2024-07-05,603213,7.38,7.56,7.59,7.33,16143,12085820.0,3.5,1.89,0.14,1.04
2024-07-08,603213,7.59,7.41,7.59,7.4,13067,9715175.0,2.51,-1.98,-0.15,0.84
2024-07-09,603213,7.48,7.52,7.53,7.28,16003,11844358.0,3.37,1.48,0.11,1.03
2024-07-10,603213,7.42,7.4,7.58,7.37,15023,11219435.0,2.79,-1.6,-0.12,0.96
2024-07-11,603213,7.49,7.61,7.66,7.47,17214,13065118.0,2.57,2.84,0.21,1.1
2024-07-12,603213,7.62,7.65,7.68,7.56,14979,11422198.0,1.58,0.53,0.04,0.96
2024-07-15,603213,7.65,7.4,7.65,7.39,19869,14766740.0,3.4,-3.27,-0.25,1.28
2024-07-16,603213,7.4,7.42,7.47,7.3,12380,9168314.0,2.3,0.27,0.02,0.79
2024-07-17,603213,7.4,7.31,7.43,7.29,12024,8813303.0,1.89,-1.48,-0.11,0.77
2024-07-18,603213,7.26,7.27,7.28,7.12,12337,8892246.0,2.19,-0.55,-0.04,0.79
2024-07-19,603213,7.26,7.31,7.37,7.23,11604,8480726.0,1.93,0.55,0.04,0.74
2024-07-22,603213,7.26,7.29,7.34,7.26,9155,6680758.0,1.09,-0.27,-0.02,0.59
2024-07-23,603213,7.32,7.14,7.34,7.14,10282,7452460.0,2.74,-2.06,-0.15,0.66
2024-07-24,603213,7.15,7.06,7.18,7.03,13155,9326675.0,2.1,-1.12,-0.08,0.84
2024-07-25,603213,7.05,7.18,7.24,7.0,12982,9286844.0,3.4,1.7,0.12,0.83
2024-07-26,603213,7.23,7.26,7.35,7.2,8023,5824738.0,2.09,1.11,0.08,0.51
2024-07-29,603213,7.28,7.21,7.3,7.17,10541,7610565.0,1.79,-0.69,-0.05,0.68
2024-07-30,603213,7.26,7.25,7.27,7.16,9720,7021151.0,1.53,0.55,0.04,0.62
2024-07-31,603213,7.3,7.45,7.45,7.23,17430,12866958.0,3.03,2.76,0.2,1.12
2024-08-01,603213,7.45,7.41,7.54,7.36,15797,11790585.0,2.42,-0.54,-0.04,1.01
2024-08-02,603213,7.38,7.38,7.46,7.28,12687,9399291.0,2.43,-0.4,-0.03,0.81
2024-08-05,603213,7.35,7.23,7.44,7.21,13666,10006706.0,3.12,-2.03,-0.15,0.88
2024-08-06,603213,7.25,7.37,7.38,7.25,10928,7991771.0,1.8,1.94,0.14,0.7
2024-08-07,603213,7.32,7.39,7.42,7.26,9601,7061111.0,2.17,0.27,0.02,0.62
2024-08-08,603213,7.27,7.43,7.44,7.27,10406,7667164.0,2.3,0.54,0.04,0.67
2024-08-09,603213,7.43,7.36,7.5,7.36,10985,8169276.0,1.88,-0.94,-0.07,0.71
2024-08-12,603213,7.43,7.34,7.43,7.3,7705,5668222.0,1.77,-0.27,-0.02,0.49
2024-08-13,603213,7.35,7.43,7.43,7.18,12371,9040415.0,3.41,1.23,0.09,0.79
2024-08-14,603213,7.48,7.29,7.49,7.29,10522,7730065.0,2.69,-1.88,-0.14,0.68
2024-08-15,603213,7.28,7.32,7.4,7.18,10493,7635762.0,3.02,0.41,0.03,0.67
2024-08-16,603213,7.38,7.23,7.38,7.22,9682,7069134.0,2.19,-1.23,-0.09,0.62
2024-08-19,603213,7.23,7.22,7.3,7.2,7717,5590961.0,1.38,-0.14,-0.01,0.5
2024-08-20,603213,7.23,7.05,7.26,7.02,13059,9282612.0,3.32,-2.35,-0.17,0.84
2024-08-21,603213,7.05,7.02,7.13,7.01,8551,6032211.0,1.7,-0.43,-0.03,0.55
2024-08-22,603213,7.02,6.94,7.08,6.94,7392,5179019.0,1.99,-1.14,-0.08,0.47
2024-08-23,603213,6.94,6.82,6.96,6.77,9080,6224783.0,2.74,-1.73,-0.12,0.58
2024-08-26,603213,6.85,7.09,7.12,6.85,10091,7099955.0,3.96,3.96,0.27,0.65
2024-08-27,603213,7.46,7.4,7.8,7.34,90054,68573053.0,6.49,4.37,0.31,5.78
2024-08-28,603213,7.44,7.39,7.7,7.26,72645,54523766.0,5.95,-0.14,-0.01,4.66
2024-08-29,603213,7.29,7.38,7.49,7.29,38120,28031639.0,2.71,-0.14,-0.01,2.45
2024-08-30,603213,7.38,7.44,7.54,7.31,38984,29067463.0,3.12,0.81,0.06,2.5
2024-09-02,603213,7.47,7.6,7.76,7.45,44117,33659444.0,4.17,2.15,0.16,2.83
2024-09-03,603213,7.58,7.58,7.69,7.51,28507,21631253.0,2.37,-0.26,-0.02,1.83
2024-09-04,603213,7.52,7.5,7.6,7.49,21597,16279092.0,1.45,-1.06,-0.08,1.39
2024-09-05,603213,7.49,7.53,7.58,7.44,15038,11297169.0,1.87,0.4,0.03,0.97
2024-09-06,603213,7.54,7.47,7.57,7.45,15435,11592311.0,1.59,-0.8,-0.06,0.99
2024-09-09,603213,7.47,7.59,7.62,7.38,17093,12878748.0,3.21,1.61,0.12,1.1
2024-09-10,603213,7.65,7.67,7.7,7.57,20742,15834461.0,1.71,1.05,0.08,1.33
2024-09-11,603213,7.64,7.65,7.74,7.59,18337,14033740.0,1.96,-0.26,-0.02,1.18
2024-09-12,603213,7.64,7.58,7.7,7.55,12593,9585447.0,1.96,-0.92,-0.07,0.81
2024-09-13,603213,7.59,7.49,7.6,7.48,14439,10874043.0,1.58,-1.19,-0.09,0.93
2024-09-18,603213,7.53,7.51,7.6,7.35,13753,10224393.0,3.34,0.27,0.02,0.88
2024-09-19,603213,7.52,7.64,7.67,7.49,14662,11158580.0,2.4,1.73,0.13,0.94
2024-09-20,603213,7.65,7.57,7.65,7.49,12999,9822294.0,2.09,-0.92,-0.07,0.83
2024-09-23,603213,7.56,7.47,7.6,7.42,12457,9342727.0,2.38,-1.32,-0.1,0.8
2024-09-24,603213,7.57,7.65,7.71,7.46,24480,18623880.0,3.35,2.41,0.18,1.57
2024-09-25,603213,7.69,7.63,7.83,7.63,37584,29059271.0,2.61,-0.26,-0.02,2.41
2024-09-26,603213,7.64,7.8,7.8,7.61,31199,24067133.0,2.49,2.23,0.17,2.0
2024-09-27,603213,7.88,8.2,8.29,7.88,33401,26985593.0,5.26,5.13,0.4,2.14
2024-09-30,603213,8.47,8.88,8.95,8.25,81456,70484380.0,8.54,8.29,0.68,5.23
2024-10-08,603213,9.76,9.31,9.77,9.0,102242,95560049.0,8.67,4.84,0.43,6.56
2024-10-09,603213,9.3,8.78,9.3,8.75,65780,59162115.0,5.91,-5.69,-0.53,4.22
2024-10-10,603213,8.95,8.69,9.07,8.56,35885,31446199.0,5.81,-1.03,-0.09,2.3
2024-10-11,603213,8.67,8.52,8.81,8.38,34118,29051244.0,4.95,-1.96,-0.17,2.19
2024-10-14,603213,8.55,8.75,9.05,8.33,47912,41379970.0,8.45,2.7,0.23,3.08
2024-10-15,603213,8.8,8.58,8.85,8.58,28072,24450657.0,3.09,-1.94,-0.17,1.8
2024-10-16,603213,8.4,8.53,8.7,8.4,19117,16372194.0,3.5,-0.58,-0.05,1.23
2024-10-17,603213,8.52,8.43,8.79,8.42,20588,17534669.0,4.34,-1.17,-0.1,1.32
2024-10-18,603213,8.38,8.48,8.62,8.36,30111,25541655.0,3.08,0.59,0.05,1.93
2024-10-21,603213,8.55,8.49,8.58,8.4,26857,22761669.0,2.12,0.12,0.01,1.72
2024-10-22,603213,8.53,8.6,8.65,8.45,18447,15820410.0,2.36,1.3,0.11,1.18
2024-10-23,603213,8.62,8.69,8.75,8.56,23689,20595669.0,2.21,1.05,0.09,1.52
2024-10-24,603213,8.69,8.73,8.79,8.62,19797,17308190.0,1.96,0.46,0.04,1.27
2024-10-25,603213,8.77,9.0,9.0,8.76,29990,26755399.0,2.75,3.09,0.27,1.92
2024-10-28,603213,9.01,9.19,9.19,8.94,29816,27128937.0,2.78,2.11,0.19,1.91
2024-10-29,603213,9.19,8.88,9.21,8.84,31866,28515176.0,4.03,-3.37,-0.31,2.05
2024-10-30,603213,8.81,8.8,8.92,8.69,24667,21679493.0,2.59,-0.9,-0.08,1.58
2024-10-31,603213,8.65,8.7,8.76,8.6,32097,27878939.0,1.82,-1.14,-0.1,2.06
2024-11-01,603213,8.69,8.4,8.85,8.39,38395,32885794.0,5.29,-3.45,-0.3,2.46
2024-11-04,603213,8.39,8.55,8.55,8.32,21789,18448307.0,2.74,1.79,0.15,1.4
2024-11-05,603213,8.55,8.72,8.72,8.5,27639,23854813.0,2.57,1.99,0.17,1.77
2024-11-06,603213,8.74,8.65,8.74,8.6,29099,25200110.0,1.61,-0.8,-0.07,1.87
2024-11-07,603213,8.56,8.88,8.88,8.56,29997,26269121.0,3.7,2.66,0.23,1.93
2024-11-08,603213,8.9,8.81,8.96,8.76,29574,26142653.0,2.25,-0.79,-0.07,1.9
2024-11-11,603213,8.83,9.03,9.03,8.76,36655,32677452.0,3.06,2.5,0.22,0.84
2024-11-12,603213,9.07,8.94,9.17,8.86,48144,43718607.0,3.43,-1.0,-0.09,1.11
2024-11-13,603213,8.93,8.92,9.04,8.77,30780,27363456.0,3.02,-0.22,-0.02,0.71
2024-11-14,603213,8.92,8.73,9.0,8.68,30201,26676612.0,3.59,-2.13,-0.19,0.69
2024-11-15,603213,8.74,8.63,8.85,8.62,21964,19185861.0,2.63,-1.15,-0.1,0.51
2024-11-18,603213,8.67,8.57,8.77,8.5,23753,20475404.0,3.13,-0.7,-0.06,0.55
2024-11-19,603213,8.6,8.71,8.71,8.52,20347,17549285.0,2.22,1.63,0.14,0.47
2024-11-20,603213,8.68,8.96,8.98,8.66,30486,27107097.0,3.67,2.87,0.25,0.7
2024-11-21,603213,9.02,9.0,9.06,8.9,25120,22562113.0,1.79,0.45,0.04,0.58
2024-11-22,603213,9.0,8.73,9.09,8.72,31411,28084322.0,4.11,-3.0,-0.27,0.72
2024-11-25,603213,8.76,8.93,8.93,8.68,19575,17277830.0,2.86,2.29,0.2,0.45
2024-11-26,603213,8.93,8.96,9.0,8.88,18715,16731732.0,1.34,0.34,0.03,0.43
2024-11-27,603213,9.15,9.86,9.86,9.01,159732,155581146.0,9.49,10.04,0.9,3.67
2024-11-28,603213,10.25,10.85,10.85,10.14,269323,286464701.0,7.2,10.04,0.99,6.19
2024-11-29,603213,10.88,10.38,11.92,9.77,318626,336373928.0,19.82,-4.33,-0.47,7.33
2024-12-02,603213,10.36,10.43,10.8,10.09,213707,223212508.0,6.84,0.48,0.05,4.92
2024-12-03,603213,10.28,10.04,10.45,9.95,152952,154475054.0,4.79,-3.74,-0.39,3.52
2024-12-04,603213,10.08,9.85,10.2,9.81,106575,106150938.0,3.88,-1.89,-0.19,2.45
2024-12-05,603213,9.8,9.94,10.06,9.52,101832,100125636.0,5.48,0.91,0.09,2.34
2024-12-06,603213,9.94,9.98,10.03,9.86,75367,75026785.0,1.71,0.4,0.04,1.73
2024-12-09,603213,10.09,9.95,10.24,9.9,77943,78313164.0,3.41,-0.3,-0.03,1.79
2024-12-10,603213,10.16,9.85,10.2,9.8,85335,84805079.0,4.02,-1.01,-0.1,1.96
2024-12-11,603213,9.76,9.92,9.95,9.75,50421,49764614.0,2.03,0.71,0.07,1.16
2024-12-12,603213,9.9,10.03,10.03,9.85,60416,60192633.0,1.81,1.11,0.11,1.39
2024-12-13,603213,10.0,9.78,10.0,9.76,44828,44204296.0,2.39,-2.49,-0.25,1.03
2024-12-16,603213,9.75,9.9,9.9,9.72,36494,35844282.0,1.84,1.23,0.12,0.84
2024-12-17,603213,9.9,10.48,10.53,9.82,190444,195467359.0,7.17,5.86,0.58,4.38
2024-12-18,603213,10.36,10.86,11.52,10.15,209629,224290018.0,13.07,3.63,0.38,4.82
2024-12-19,603213,10.55,10.05,10.6,9.98,139127,141747610.0,5.71,-7.46,-0.81,3.2
2024-12-20,603213,10.05,9.82,10.24,9.75,92712,91889833.0,4.88,-2.29,-0.23,2.13
2024-12-23,603213,9.72,9.23,9.82,9.15,82640,77519002.0,6.82,-6.01,-0.59,1.9
2024-12-24,603213,9.18,9.2,9.31,9.02,51706,47280810.0,3.14,-0.33,-0.03,1.19
2024-12-25,603213,9.16,8.95,9.17,8.62,51978,46210670.0,5.98,-2.72,-0.25,1.2
2024-12-26,603213,8.91,8.88,9.04,8.87,31608,28272616.0,1.9,-0.78,-0.07,0.73
2024-12-27,603213,8.84,9.06,9.11,8.84,30174,27222610.0,3.04,2.03,0.18,0.69
2024-12-30,603213,9.03,8.86,9.06,8.82,26031,23193148.0,2.65,-2.21,-0.2,0.6
2024-12-31,603213,8.86,8.71,8.98,8.68,27446,24140095.0,3.39,-1.69,-0.15,0.63
2025-01-02,603213,8.7,8.69,8.9,8.59,36055,31573028.0,3.56,-0.23,-0.02,0.83
2025-01-03,603213,8.65,8.89,9.3,8.65,68201,61152513.0,7.48,2.3,0.2,1.57
2025-01-06,603213,8.65,9.34,9.51,8.38,107455,97377893.0,12.71,5.06,0.45,2.47
2025-01-07,603213,9.23,9.29,9.39,9.09,74707,68792538.0,3.21,-0.54,-0.05,1.72
2025-01-08,603213,9.22,9.13,9.29,8.95,46718,42614676.0,3.66,-1.72,-0.16,1.07
2025-01-09,603213,9.05,9.0,9.13,8.91,34030,30612892.0,2.41,-1.42,-0.13,0.78
2025-01-10,603213,9.01,9.63,9.9,8.82,149640,141470428.0,12.0,7.0,0.63,3.44
2025-01-13,603213,9.23,9.41,9.58,9.2,91626,86169072.0,3.95,-2.28,-0.22,2.11
2025-01-14,603213,9.32,9.62,9.66,9.32,78033,74515491.0,3.61,2.23,0.21,1.79
2025-01-15,603213,9.63,9.79,10.09,9.59,114194,112066143.0,5.2,1.77,0.17,2.63
2025-01-16,603213,9.77,9.63,10.18,9.41,110289,107729091.0,7.87,-1.63,-0.16,2.54
2025-01-17,603213,9.61,9.65,9.87,9.4,80606,77955581.0,4.88,0.21,0.02,1.85
2025-01-20,603213,9.63,9.44,9.69,9.42,54208,51490150.0,2.8,-2.18,-0.21,1.25
2025-01-21,603213,9.44,9.31,9.47,9.23,37466,34889577.0,2.54,-1.38,-0.13,0.86
2025-01-22,603213,9.26,9.24,9.41,9.16,41201,38316061.0,2.69,-0.75,-0.07,0.95
2025-01-23,603213,9.29,9.4,9.49,9.18,66200,61807649.0,3.35,1.73,0.16,1.52
2025-01-24,603213,9.32,9.19,9.5,9.16,58613,54343960.0,3.62,-2.23,-0.21,1.35
2025-01-27,603213,9.21,9.18,9.48,9.12,33899,31413203.0,3.92,-0.11,-0.01,0.78
2025-02-05,603213,9.22,9.11,9.25,9.01,31519,28649570.0,2.61,-0.76,-0.07,0.72
2025-02-06,603213,9.12,9.17,9.18,9.05,27244,24853815.0,1.43,0.66,0.06,0.63
2025-02-07,603213,9.2,9.33,9.45,9.13,45935,42626232.0,3.49,1.74,0.16,1.06
2025-02-10,603213,9.36,9.37,9.38,9.25,27511,25653233.0,1.39,0.43,0.04,0.63
2025-02-11,603213,9.38,9.31,9.46,9.13,42371,39130201.0,3.52,-0.64,-0.06,0.97
2025-02-12,603213,9.25,9.51,9.57,9.25,57740,54698653.0,3.44,2.15,0.2,1.33
2025-02-13,603213,9.48,9.31,9.57,9.3,38141,35786061.0,2.84,-2.1,-0.2,0.88
2025-02-14,603213,9.28,9.18,9.33,9.13,36063,33202300.0,2.15,-1.4,-0.13,0.83
2025-02-17,603213,9.18,9.27,9.27,9.11,21180,19511183.0,1.74,0.98,0.09,0.49
2025-02-18,603213,9.27,9.12,9.3,9.06,26293,24137656.0,2.59,-1.62,-0.15,0.6
2025-02-19,603213,9.08,9.2,9.22,9.08,21164,19388836.0,1.54,0.88,0.08,0.49
2025-02-20,603213,9.2,9.36,9.39,9.15,30602,28404766.0,2.61,1.74,0.16,0.7
2025-02-21,603213,9.37,9.22,9.38,9.13,34126,31413188.0,2.67,-1.5,-0.14,0.78
2025-02-24,603213,9.21,9.44,9.46,9.17,46471,43340981.0,3.15,2.39,0.22,1.07
2025-02-25,603213,9.38,9.42,9.53,9.34,41018,38641347.0,2.01,-0.21,-0.02,0.94
2025-02-26,603213,9.42,9.36,9.54,9.28,37886,35535836.0,2.76,-0.64,-0.06,0.87
2025-02-27,603213,9.37,9.35,9.44,9.25,31968,29863884.0,2.03,-0.11,-0.01,0.74
2025-02-28,603213,9.34,9.15,9.39,9.14,32789,30397417.0,2.67,-2.14,-0.2,0.75
2025-03-03,603213,9.17,9.2,9.32,9.15,22093,20420073.0,1.86,0.55,0.05,0.51
2025-03-04,603213,9.11,9.26,9.28,9.11,19716,18150043.0,1.85,0.65,0.06,0.45
2025-03-05,603213,9.24,9.18,9.3,9.1,25627,23434939.0,2.16,-0.86,-0.08,0.59
2025-03-06,603213,9.15,9.28,9.31,9.14,23670,21890565.0,1.85,1.09,0.1,0.54
2025-03-07,603213,9.24,9.25,9.32,9.21,21861,20248735.0,1.19,-0.32,-0.03,0.5
2025-03-10,603213,9.28,9.25,9.34,9.22,27177,25256271.0,1.3,0.0,0.0,0.63
2025-03-11,603213,9.22,9.27,9.28,9.11,22754,20910683.0,1.84,0.22,0.02,0.52
2025-03-12,603213,9.3,9.28,9.35,9.24,21865,20287257.0,1.19,0.11,0.01,0.5
2025-03-13,603213,9.28,9.25,9.35,9.16,23945,22096851.0,2.05,-0.32,-0.03,0.55
2025-03-14,603213,9.23,9.34,9.36,9.17,31935,29711524.0,2.05,0.97,0.09,0.73
2025-03-17,603213,9.36,9.38,9.44,9.32,30849,28969898.0,1.28,0.43,0.04,0.71
2025-03-18,603213,9.4,9.53,9.54,9.37,36582,34599961.0,1.81,1.6,0.15,0.84
2025-03-19,603213,9.52,9.58,9.84,9.46,63273,61020693.0,3.99,0.52,0.05,1.46
2025-03-20,603213,9.61,9.57,9.8,9.52,52690,50860029.0,2.92,-0.1,-0.01,1.21
2025-03-21,603213,9.54,9.47,9.56,9.42,33965,32208106.0,1.46,-1.04,-0.1,0.78
2025-03-24,603213,9.43,9.42,9.53,9.26,34412,32373432.0,2.85,-0.53,-0.05,0.79
2025-03-25,603213,9.42,9.7,9.74,9.3,62794,60269962.0,4.67,2.97,0.28,1.44
2025-03-26,603213,9.64,10.03,10.09,9.62,118470,117233784.0,4.85,3.4,0.33,2.72
2025-03-27,603213,9.95,9.99,10.2,9.92,97559,98301540.0,2.79,-0.4,-0.04,2.24
2025-03-28,603213,9.96,9.67,10.0,9.6,76883,75016174.0,4.0,-3.2,-0.32,1.77
2025-03-31,603213,9.67,9.45,9.73,9.34,44275,42037308.0,4.03,-2.28,-0.22,1.02
2025-04-01,603213,9.5,10.04,10.4,9.5,192577,195802833.0,9.52,6.24,0.59,4.43
2025-04-02,603213,9.8,9.83,10.2,9.78,120455,119932515.0,4.18,-2.09,-0.21,2.77
2025-04-03,603213,9.83,9.93,10.02,9.57,99607,97605481.0,4.58,1.02,0.1,2.29
2025-04-07,603213,9.3,8.94,9.48,8.94,63439,57308078.0,5.44,-9.97,-0.99,1.46
2025-04-08,603213,8.64,8.45,8.96,8.2,89196,75698680.0,8.5,-5.48,-0.49,2.05
2025-04-09,603213,8.37,8.46,8.5,7.72,60448,49063330.0,9.23,0.12,0.01,1.39
2025-04-10,603213,8.61,8.61,8.82,8.61,50086,43482329.0,2.48,1.77,0.15,1.15
2025-04-11,603213,8.57,8.55,8.74,8.53,33776,29216408.0,2.44,-0.7,-0.06,0.78
2025-04-14,603213,8.62,8.79,8.84,8.62,35622,31170336.0,2.57,2.81,0.24,0.82
2025-04-15,603213,8.85,8.99,9.45,8.79,55593,50238049.0,7.51,2.28,0.2,1.28
2025-04-16,603213,8.93,8.77,8.97,8.67,38287,33659631.0,3.34,-2.45,-0.22,0.88
2025-04-17,603213,8.7,8.99,9.03,8.68,37969,33948103.0,3.99,2.51,0.22,0.87
2025-04-18,603213,9.01,8.86,9.01,8.82,28288,25163166.0,2.11,-1.45,-0.13,0.65
2025-04-21,603213,8.85,9.02,9.02,8.8,23346,20899265.0,2.48,1.81,0.16,0.54
2025-04-22,603213,9.0,9.43,9.43,8.96,66308,61415185.0,5.21,4.55,0.41,1.52
2025-04-23,603213,9.4,9.31,9.43,9.28,38199,35684895.0,1.59,-1.27,-0.12,0.88
2025-04-24,603213,9.28,9.31,9.37,9.15,32712,30275155.0,2.36,0.0,0.0,0.75
2025-04-25,603213,9.49,9.42,9.64,9.21,52676,49778134.0,4.62,1.18,0.11,1.21
2025-04-28,603213,9.42,9.27,9.44,9.2,28123,26054342.0,2.55,-1.59,-0.15,0.65
2025-04-29,603213,9.21,9.3,9.4,9.21,23247,21684808.0,2.05,0.32,0.03,0.53
2025-04-30,603213,9.31,9.11,9.39,9.07,29506,26999618.0,3.44,-2.04,-0.19,0.68
2025-05-06,603213,9.12,9.27,9.27,9.11,36238,33338865.0,1.76,1.76,0.16,0.83
2025-05-07,603213,9.33,9.49,9.5,9.33,40808,38444018.0,1.83,2.37,0.22,0.94
2025-05-08,603213,9.5,9.44,9.5,9.36,24076,22701515.0,1.48,-0.53,-0.05,0.55
2025-05-09,603213,9.44,9.38,9.5,9.3,23191,21737997.0,2.12,-0.64,-0.06,0.53
2025-05-12,603213,9.4,9.46,9.48,9.34,19026,17898413.0,1.49,0.85,0.08,0.44
2025-05-13,603213,9.5,9.4,9.54,9.39,21444,20250907.0,1.59,-0.63,-0.06,0.49
2025-05-14,603213,9.43,9.61,9.76,9.34,58975,56478614.0,4.47,2.23,0.21,1.36
2025-05-15,603213,9.94,9.7,9.94,9.59,72287,70366814.0,3.64,0.94,0.09,1.66
2025-05-16,603213,9.66,10.06,10.15,9.6,84304,83765383.0,5.67,3.71,0.36,1.94
2025-05-19,603213,10.01,9.92,10.17,9.9,58319,58244042.0,2.68,-1.39,-0.14,1.34
2025-05-20,603213,9.99,9.86,9.99,9.75,37757,37103694.0,2.42,-0.6,-0.06,0.87
2025-05-21,603213,9.84,9.85,9.93,9.79,27660,27255399.0,1.42,-0.1,-0.01,0.64
2025-05-22,603213,9.8,10.23,10.72,9.7,138534,141190444.0,10.36,3.86,0.38,3.19
2025-05-23,603213,10.1,9.99,10.5,9.99,87591,89277902.0,4.99,-2.35,-0.24,2.01
2025-05-26,603213,10.05,10.04,10.15,9.9,45000,45073182.0,2.5,0.5,0.05,1.03
2025-05-27,603213,10.03,10.34,10.48,9.96,79112,81072997.0,5.18,2.99,0.3,1.82
2025-05-28,603213,10.0,9.87,10.15,9.85,48020,47801544.0,2.9,-4.55,-0.47,1.1
2025-05-29,603213,9.83,9.9,9.94,9.8,31624,31253659.0,1.42,0.3,0.03,0.73
2025-05-30,603213,9.9,9.79,9.93,9.61,37605,36719276.0,3.23,-1.11,-0.11,0.86
2025-06-03,603213,9.7,9.88,10.19,9.62,60940,60249146.0,5.82,0.92,0.09,1.4
2025-06-04,603213,9.94,9.86,9.94,9.81,35896,35362647.0,1.32,-0.2,-0.02,0.83
2025-06-05,603213,9.88,9.81,9.98,9.73,27891,27425703.0,2.54,-0.51,-0.05,0.64
2025-06-06,603213,9.78,9.88,9.93,9.77,32123,31711522.0,1.63,0.71,0.07,0.74
2025-06-09,603213,9.89,10.01,10.13,9.83,42818,42938119.0,3.04,1.32,0.13,0.98
2025-06-10,603213,10.12,10.28,10.38,10.02,81069,82630716.0,3.6,2.7,0.27,1.86
2025-06-11,603213,10.26,10.14,10.26,10.07,44220,44841850.0,1.85,-1.36,-0.14,1.02
2025-06-12,603213,10.1,10.15,10.25,10.02,47021,47630822.0,2.27,0.1,0.01,1.08
2025-06-13,603213,10.1,10.04,10.28,10.01,34907,35217758.0,2.66,-1.08,-0.11,0.8
2025-06-16,603213,10.03,10.38,10.52,9.93,93787,96959322.0,5.88,3.39,0.34,2.16
2025-06-17,603213,10.41,10.69,10.8,10.37,127948,136344682.0,4.14,2.99,0.31,2.94
2025-06-18,603213,10.69,10.52,10.76,10.43,59718,62951334.0,3.09,-1.59,-0.17,1.37
2025-06-19,603213,10.49,10.74,11.09,10.49,89259,96006589.0,5.7,2.09,0.22,2.05
2025-06-20,603213,10.58,10.62,10.77,10.55,65532,69851960.0,2.05,-1.12,-0.12,1.51
2025-06-23,603213,10.6,11.15,11.2,10.43,85492,93566619.0,7.25,4.99,0.53,1.97
2025-06-24,603213,11.15,11.09,11.3,10.96,84392,93985007.0,3.05,-0.54,-0.06,1.94
2025-06-25,603213,11.1,11.14,11.25,11.01,54798,60775553.0,2.16,0.45,0.05,1.26
2025-06-26,603213,11.14,10.97,11.4,10.96,69274,77191140.0,3.95,-1.53,-0.17,1.59
2025-06-27,603213,10.95,10.86,11.03,10.83,50687,55227462.0,1.82,-1.0,-0.11,1.17
2025-06-30,603213,10.93,11.17,11.19,10.73,69394,76296779.0,4.24,2.85,0.31,1.6
2025-07-01,603213,11.2,11.24,11.3,10.93,51551,57321354.0,3.31,0.63,0.07,1.19
2025-07-02,603213,11.13,11.31,11.44,11.13,53788,60810285.0,2.76,0.62,0.07,1.22
2025-07-03,603213,11.23,11.31,11.38,11.12,40504,45533598.0,2.3,0.0,0.0,0.92
2025-07-04,603213,11.28,12.0,12.38,11.22,176625,211407320.0,10.26,6.1,0.69,4.0
2025-07-07,603213,11.91,11.82,12.12,11.67,85734,101600997.0,3.75,-1.5,-0.18,1.94
2025-07-08,603213,11.89,11.85,12.25,11.81,72680,87203421.0,3.72,0.25,0.03,1.65
2025-07-09,603213,11.86,11.77,11.97,11.71,50254,59357107.0,2.19,-0.68,-0.08,1.14
2025-07-10,603213,11.74,11.92,12.32,11.6,93101,111544451.0,6.12,1.27,0.15,2.11
2025-07-11,603213,11.97,12.16,12.24,11.82,76733,92577702.0,3.52,2.01,0.24,1.74
2025-07-14,603213,12.16,12.4,12.48,12.08,65576,80663111.0,3.29,1.97,0.24,1.48
2025-07-15,603213,12.13,12.24,12.58,11.69,97259,117716278.0,7.18,-1.29,-0.16,2.2
2025-07-16,603213,12.27,12.79,12.98,12.18,101006,128019228.0,6.54,4.49,0.55,2.29
2025-07-17,603213,12.8,12.63,12.9,12.49,89183,112860670.0,3.21,-1.25,-0.16,2.02
2025-07-18,603213,12.67,13.24,13.3,12.5,128500,167937337.0,6.33,4.83,0.61,2.91
2025-07-21,603213,13.2,14.0,14.43,13.13,171506,237007552.0,9.82,5.74,0.76,3.88
2025-07-22,603213,13.83,15.2,15.35,13.75,229090,332573368.0,11.43,8.57,1.2,5.19
2025-07-23,603213,14.92,14.21,15.05,14.0,193879,281921701.0,6.91,-6.51,-0.99,4.39
2025-07-24,603213,13.95,13.52,14.78,13.31,229427,320010469.0,10.34,-4.86,-0.69,5.19
2025-07-25,603213,13.46,12.99,13.73,12.9,172371,227129914.0,6.14,-3.92,-0.53,3.9
2025-07-28,603213,12.91,12.99,13.09,12.74,106842,138252539.0,2.69,0.0,0.0,2.42
2025-07-29,603213,12.99,12.95,12.99,12.53,102792,131283170.0,3.54,-0.31,-0.04,2.33
2025-07-30,603213,12.96,13.36,13.44,12.82,124425,164605768.0,4.79,3.17,0.41,2.82
2025-07-31,603213,13.4,12.85,13.43,12.74,98665,128450372.0,5.16,-3.82,-0.51,2.23
2025-08-01,603213,12.85,12.8,13.04,12.7,45765,58750952.0,2.65,-0.39,-0.05,1.04
2025-08-04,603213,12.75,12.79,12.92,12.48,54942,69921382.0,3.44,-0.08,-0.01,1.24
2025-08-05,603213,12.89,12.86,13.02,12.79,40628,52337079.0,1.8,0.55,0.07,0.92
2025-08-06,603213,12.85,13.59,13.65,12.84,113373,151326534.0,6.3,5.68,0.73,2.57
2025-08-07,603213,13.59,13.42,13.62,13.31,57879,77600307.0,2.28,-1.25,-0.17,1.31
2025-08-08,603213,13.44,13.67,13.69,13.25,69784,94257018.0,3.28,1.86,0.25,1.58
2025-08-11,603213,13.67,13.95,13.98,13.54,78326,108090019.0,3.22,2.05,0.28,1.77
2025-08-12,603213,13.91,13.85,14.15,13.76,51844,71957102.0,2.8,-0.72,-0.1,1.17
2025-08-13,603213,13.8,13.6,14.08,13.51,71726,98108286.0,4.12,-1.81,-0.25,1.62
2025-08-14,603213,13.55,13.74,13.84,13.47,64337,87846959.0,2.72,1.03,0.14,1.46
2025-08-15,603213,13.7,13.74,13.82,13.53,49765,68009369.0,2.11,0.0,0.0,1.13
2025-08-18,603213,13.74,13.9,13.98,13.5,80941,110988958.0,3.49,1.16,0.16,1.83
2025-08-19,603213,13.88,15.29,15.29,13.8,164495,243165389.0,10.72,10.0,1.39,3.72
2025-09-03,603213,16.82,14.83,16.82,13.76,388615,572824606.0,20.01,-3.01,-0.46,8.79
2025-09-04,603213,14.13,13.61,14.44,13.6,205690,287460267.0,5.66,-8.23,-1.22,4.65
2025-09-05,603213,13.6,13.32,13.61,13.01,137766,182759400.0,4.41,-2.13,-0.29,3.12
2025-09-08,603213,13.5,13.58,13.83,13.45,119404,162859531.0,2.85,1.95,0.26,2.7
2025-09-09,603213,13.5,13.63,14.12,13.44,115861,159917258.0,5.01,0.37,0.05,2.62
2025-09-10,603213,13.75,13.67,13.88,13.52,78862,107646349.0,2.64,0.29,0.04,1.78
2025-09-11,603213,13.59,13.94,13.99,13.58,101137,140132924.0,3.0,1.98,0.27,2.29
2025-09-12,603213,13.93,13.75,13.95,13.74,63668,88029318.0,1.51,-1.36,-0.19,1.44
2025-09-15,603213,13.7,13.66,13.79,13.62,47194,64574149.0,1.24,-0.65,-0.09,1.07
2025-09-16,603213,13.66,13.55,13.73,13.41,55507,75201434.0,2.34,-0.81,-0.11,1.26
2025-09-17,603213,13.6,13.56,13.63,13.51,33484,45452074.0,0.89,0.07,0.01,0.76
2025-09-18,603213,13.56,13.31,13.6,13.2,68900,92404598.0,2.95,-1.84,-0.25,1.56
2025-09-19,603213,13.39,13.33,13.41,13.22,28481,37928192.0,1.43,0.15,0.02,0.64
2025-09-22,603213,13.36,13.21,13.42,13.14,37575,49776436.0,2.1,-0.9,-0.12,0.85
2025-09-23,603213,13.2,13.3,13.34,13.1,48567,64113557.0,1.82,0.68,0.09,1.1
2025-09-24,603213,13.27,13.42,13.45,13.2,33075,44190342.0,1.88,0.9,0.12,0.75
2025-09-25,603213,13.4,13.3,13.55,13.24,28429,37995257.0,2.31,-0.89,-0.12,0.64
2025-09-26,603213,13.34,13.28,13.43,13.25,23465,31246862.0,1.35,-0.15,-0.02,0.53
2025-09-29,603213,13.29,13.52,13.56,13.16,37252,49897566.0,3.01,1.81,0.24,0.84
2025-09-30,603213,13.47,13.54,13.59,13.4,24939,33701914.0,1.41,0.15,0.02,0.56
2025-10-09,603213,13.58,13.64,13.76,13.56,47694,65147023.0,1.48,0.74,0.1,1.08
2025-10-10,603213,13.69,13.81,13.9,13.61,43890,60601852.0,2.13,1.25,0.17,0.99
2025-10-13,603213,13.64,13.92,13.94,13.6,47348,65332426.0,2.46,0.8,0.11,1.07
2025-10-14,603213,14.05,13.83,14.25,13.79,55417,77824813.0,3.3,-0.65,-0.09,1.25
2025-10-15,603213,13.89,13.87,13.92,13.76,25394,35117216.0,1.16,0.29,0.04,0.57
2025-10-16,603213,14.0,14.0,14.14,13.86,48501,67764093.0,2.02,0.94,0.13,1.1
2025-10-17,603213,14.02,14.21,14.42,14.02,84621,120644523.0,2.86,1.5,0.21,1.91
2025-10-20,603213,14.28,14.21,14.29,13.99,53323,75237904.0,2.11,0.0,0.0,1.21
2025-10-21,603213,14.21,14.3,14.35,14.07,37812,53830164.0,1.97,0.63,0.09,0.86
2025-10-22,603213,14.34,14.08,14.34,14.04,40668,57617451.0,2.1,-1.54,-0.22,0.92
2025-10-23,603213,14.03,14.21,14.22,13.95,30521,43031299.0,1.92,0.92,0.13,0.69
2025-10-24,603213,14.22,14.1,14.24,14.0,32916,46413379.0,1.69,-0.77,-0.11,0.74
2025-10-27,603213,14.11,14.08,14.21,14.01,34258,48348494.0,1.42,-0.14,-0.02,0.78
2025-10-28,603213,14.11,14.0,14.15,13.97,30621,42958804.0,1.28,-0.57,-0.08,0.69
2025-10-29,603213,14.0,13.96,14.07,13.88,29592,41270065.0,1.36,-0.29,-0.04,0.67
2025-10-30,603213,13.97,13.79,13.99,13.78,35464,49194754.0,1.5,-1.22,-0.17,0.8
2025-10-31,603213,13.79,13.9,13.92,13.77,17867,24791537.0,1.09,0.8,0.11,0.4
2025-11-03,603213,13.9,13.9,13.95,13.78,21453,29750915.0,1.22,0.0,0.0,0.49
2025-11-04,603213,13.87,13.91,13.95,13.84,16468,22875940.0,0.79,0.07,0.01,0.37
2025-11-05,603213,13.84,13.95,13.98,13.84,21155,29485182.0,1.01,0.29,0.04,0.48
2025-11-06,603213,13.94,13.95,13.99,13.9,15336,21366800.0,0.65,0.0,0.0,0.35
2025-11-07,603213,13.96,14.11,14.24,13.91,41430,58431159.0,2.37,1.15,0.16,0.94
2025-11-10,603213,14.1,14.14,14.21,14.06,20982,29684247.0,1.06,0.21,0.03,0.47
2025-11-11,603213,14.19,14.07,14.2,14.07,27038,38200069.0,0.92,-0.5,-0.07,0.61
2025-11-12,603213,14.12,14.0,14.13,13.94,21912,30676894.0,1.35,-0.5,-0.07,0.5
2025-11-13,603213,14.0,14.09,14.12,13.97,20290,28535202.0,1.07,0.64,0.09,0.46
2025-11-14,603213,14.02,14.12,14.2,14.02,23532,33307838.0,1.28,0.21,0.03,0.53
2025-11-17,603213,14.1,14.03,14.19,13.99,27104,38100455.0,1.42,-0.64,-0.09,0.61
2025-11-18,603213,14.03,13.91,14.06,13.79,32548,45256164.0,1.92,-0.86,-0.12,0.74
2025-11-19,603213,13.89,13.81,13.96,13.75,26937,37270634.0,1.51,-0.72,-0.1,0.61
2025-11-20,603213,13.83,13.76,13.9,13.75,17705,24437126.0,1.09,-0.36,-0.05,0.4
2025-11-21,603213,13.74,13.51,13.78,13.5,51977,70658426.0,2.03,-1.82,-0.25,1.18
2025-11-24,603213,13.65,13.6,13.66,13.44,23874,32367804.0,1.63,0.67,0.09,0.54
2025-11-25,603213,13.6,13.67,13.9,13.56,25927,35547834.0,2.5,0.51,0.07,0.59
2025-11-26,603213,13.66,13.78,13.85,13.66,15710,21599720.0,1.39,0.8,0.11,0.36
2025-11-27,603213,13.78,13.84,13.92,13.72,17024,23588850.0,1.45,0.44,0.06,0.39
2025-11-28,603213,13.86,13.87,13.92,13.74,14132,19562155.0,1.3,0.22,0.03,0.32
2025-12-01,603213,13.9,13.85,13.95,13.82,18197,25256391.0,0.94,-0.14,-0.02,0.41
2025-12-02,603213,13.85,13.85,13.92,13.74,19980,27639196.0,1.3,0.0,0.0,0.45
2025-12-03,603213,13.85,13.78,13.9,13.73,20144,27839471.0,1.23,-0.51,-0.07,0.46
2025-12-04,603213,13.73,13.72,13.83,13.7,15066,20694329.0,0.94,-0.44,-0.06,0.34
2025-12-05,603213,13.75,13.76,13.76,13.68,16262,22335704.0,0.58,0.29,0.04,0.37
2025-12-08,603213,13.79,13.79,13.82,13.75,24679,34029146.0,0.51,0.22,0.03,0.56
2025-12-09,603213,13.79,13.68,13.82,13.67,19442,26691615.0,1.09,-0.8,-0.11,0.44
2025-12-10,603213,13.65,13.61,13.71,13.52,26295,35738944.0,1.39,-0.51,-0.07,0.59
2025-12-11,603213,13.63,13.45,13.64,13.42,26970,36418810.0,1.62,-1.18,-0.16,0.61
2025-12-12,603213,13.49,13.36,13.51,13.32,22869,30672368.0,1.41,-0.67,-0.09,0.52
2025-12-15,603213,13.35,13.17,13.4,13.15,26034,34587272.0,1.87,-1.42,-0.19,0.59
2025-12-16,603213,13.2,13.1,13.22,12.93,34457,44952221.0,2.2,-0.53,-0.07,0.78
2025-12-17,603213,13.1,13.04,13.11,12.89,19627,25511029.0,1.68,-0.46,-0.06,0.44
2025-12-18,603213,12.94,13.03,13.23,12.94,17815,23359125.0,2.22,-0.08,-0.01,0.4
2025-12-19,603213,13.08,13.18,13.18,13.0,16062,21030001.0,1.38,1.15,0.15,0.36
2025-12-22,603213,13.18,13.1,13.22,13.1,15872,20875014.0,0.91,-0.61,-0.08,0.36
2025-12-23,603213,13.15,13.09,13.15,12.98,20238,26416680.0,1.3,-0.08,-0.01,0.46
2025-12-24,603213,13.15,13.13,13.16,13.05,12673,16633646.0,0.84,0.31,0.04,0.29
2025-12-25,603213,13.1,13.18,13.24,13.1,14172,18699510.0,1.07,0.38,0.05,0.32
2025-12-26,603213,13.22,13.11,13.25,13.1,14717,19385116.0,1.14,-0.53,-0.07,0.33
2025-12-29,603213,13.19,13.32,13.38,13.08,26603,35228931.0,2.29,1.6,0.21,0.6
2025-12-30,603213,13.26,13.06,13.29,13.0,24439,32097601.0,2.18,-1.95,-0.26,0.55
2025-12-31,603213,13.07,13.13,13.14,13.02,13802,18033944.0,0.92,0.54,0.07,0.31
2026-01-05,603213,13.15,13.12,13.18,13.09,20257,26571325.0,0.69,-0.08,-0.01,0.46
2026-01-06,603213,13.15,13.23,13.26,13.1,27046,35682913.0,1.22,0.84,0.11,0.61
2026-01-07,603213,13.23,13.26,13.31,13.2,22362,29636278.0,0.83,0.23,0.03,0.51
2026-01-08,603213,13.25,13.18,13.27,13.17,13820,18248397.0,0.75,-0.6,-0.08,0.31
2026-01-09,603213,13.2,13.21,13.25,13.12,27069,35663254.0,0.99,0.23,0.03,0.61
2026-01-12,603213,13.2,13.18,13.2,13.1,11229,14773880.0,0.76,-0.23,-0.03,0.25
2026-01-13,603213,13.71,13.61,13.95,13.53,125168,171876746.0,3.18,3.11,0.41,2.83
2026-01-14,603213,13.5,13.47,13.62,13.41,60802,82208155.0,1.54,-1.03,-0.14,1.38
2026-01-15,603213,13.48,13.56,13.71,13.47,29122,39566228.0,1.78,0.67,0.09,0.66
2026-01-16,603213,13.6,13.61,13.63,13.51,19345,26240519.0,0.88,0.37,0.05,0.44
2026-01-19,603213,13.58,13.72,13.79,13.55,40367,55250074.0,1.76,0.81,0.11,0.91
2026-01-20,603213,13.68,13.72,13.76,13.66,24064,32976275.0,0.73,0.0,0.0,0.54
2026-01-21,603213,13.7,13.72,13.75,13.65,26197,35901436.0,0.73,0.0,0.0,0.59
2026-01-22,603213,13.76,13.79,13.8,13.66,20268,27865151.0,1.02,0.51,0.07,0.46
2026-01-23,603213,13.78,13.86,13.86,13.75,21703,29994404.0,0.8,0.51,0.07,0.49
